date,reservoir_id,reservoir_name,storage_pct,inflow_mcm,outflow_mcm,rainfall_mm,temperature_c,evaporation_mm,catchment_rainfall_mm,capacity_mcm,dam_release_mcm,groundwater_recharge_mcm,season,month,location_lat,location_lng
2023-01-01,RES-A,Reservoir A,62.0,0.565,1.188,0.24,28.37,4.29,0.26,320.0,0.999,0.142,winter,1,19.076,72.8777
2023-01-02,RES-A,Reservoir A,62.273,1.308,1.048,0.51,26.75,3.47,0.61,320.0,0.821,0.123,winter,1,19.076,72.8777
2023-01-03,RES-A,Reservoir A,61.572,0.938,1.073,0.16,28.9,3.76,0.19,320.0,0.905,0.09,winter,1,19.076,72.8777
2023-01-04,RES-A,Reservoir A,61.682,0.322,1.37,0.02,29.13,3.95,0.02,320.0,1.121,0.08,winter,1,19.076,72.8777
2023-01-05,RES-A,Reservoir A,61.563,1.181,1.187,0.91,25.66,3.26,1.06,320.0,0.992,0.158,winter,1,19.076,72.8777
2023-01-06,RES-A,Reservoir A,61.541,0.304,0.937,0.05,26.44,3.3,0.07,320.0,0.799,0.065,winter,1,19.076,72.8777
2023-01-07,RES-A,Reservoir A,61.579,0.786,1.321,0.01,28.15,3.86,0.01,320.0,1.13,0.076,winter,1,19.076,72.8777
2023-01-08,RES-A,Reservoir A,61.926,0.757,1.162,1.09,27.62,3.55,1.24,320.0,0.927,0.102,winter,1,19.076,72.8777
2023-01-09,RES-A,Reservoir A,61.867,1.552,1.641,1.15,27.98,3.64,1.32,320.0,1.391,0.18,winter,1,19.076,72.8777
2023-01-10,RES-A,Reservoir A,61.026,1.08,1.374,0.3,26.98,3.5,0.35,320.0,1.164,0.107,winter,1,19.076,72.8777
2023-01-11,RES-A,Reservoir A,61.2,1.668,1.132,0.41,29.06,4.14,0.47,320.0,0.981,0.079,winter,1,19.076,72.8777
2023-01-12,RES-A,Reservoir A,61.287,1.206,1.12,0.22,28.93,3.9,0.25,320.0,0.981,0.088,winter,1,19.076,72.8777
2023-01-13,RES-A,Reservoir A,60.868,0.784,0.942,0.27,28.08,3.82,0.33,320.0,0.764,0.109,winter,1,19.076,72.8777
2023-01-14,RES-A,Reservoir A,60.933,1.155,1.07,0.14,29.35,4.2,0.16,320.0,0.837,0.079,winter,1,19.076,72.8777
2023-01-15,RES-A,Reservoir A,60.51,0.371,1.276,0.12,28.56,3.88,0.14,320.0,1.104,0.07,winter,1,19.076,72.8777
2023-01-16,RES-A,Reservoir A,59.765,0.565,1.407,0.21,26.97,3.65,0.24,320.0,1.235,0.071,winter,1,19.076,72.8777
2023-01-17,RES-A,Reservoir A,60.073,1.356,1.11,0.9,28.44,4.05,1.01,320.0,0.957,0.135,winter,1,19.076,72.8777
2023-01-18,RES-A,Reservoir A,59.85,0.841,0.918,1.6,26.85,3.92,1.94,320.0,0.785,0.149,winter,1,19.076,72.8777
2023-01-19,RES-A,Reservoir A,59.811,1.185,0.83,0.81,29.05,3.94,0.94,320.0,0.688,0.107,winter,1,19.076,72.8777
2023-01-20,RES-A,Reservoir A,59.641,0.743,0.728,0.61,27.94,3.88,0.68,320.0,0.571,0.071,winter,1,19.076,72.8777
2023-01-21,RES-A,Reservoir A,59.994,0.998,1.228,0.33,27.78,3.6,0.41,320.0,0.992,0.099,winter,1,19.076,72.8777
2023-01-22,RES-A,Reservoir A,59.888,0.507,0.772,0.17,27.18,3.5,0.21,320.0,0.634,0.083,winter,1,19.076,72.8777
2023-01-23,RES-A,Reservoir A,59.928,1.198,1.121,0.5,29.47,4.27,0.61,320.0,0.969,0.095,winter,1,19.076,72.8777
2023-01-24,RES-A,Reservoir A,59.718,0.824,0.967,0.03,27.81,3.97,0.04,320.0,0.86,0.088,winter,1,19.076,72.8777
2023-01-25,RES-A,Reservoir A,60.407,2.253,0.587,1.93,27.49,3.93,2.39,320.0,0.401,0.199,winter,1,19.076,72.8777
2023-01-26,RES-A,Reservoir A,60.97,1.106,0.802,0.62,27.58,3.89,0.71,320.0,0.584,0.132,winter,1,19.076,72.8777
2023-01-27,RES-A,Reservoir A,61.261,1.052,0.845,1.05,28.64,3.95,1.25,320.0,0.614,0.149,winter,1,19.076,72.8777
2023-01-28,RES-A,Reservoir A,61.429,0.717,0.901,0.01,28.44,4.12,0.01,320.0,0.741,0.073,winter,1,19.076,72.8777
2023-01-29,RES-A,Reservoir A,61.434,0.355,0.968,0.05,28.5,4.2,0.06,320.0,0.789,0.066,winter,1,19.076,72.8777
2023-01-30,RES-A,Reservoir A,60.891,1.291,1.44,0.71,28.52,4.2,0.81,320.0,1.297,0.084,winter,1,19.076,72.8777
2023-01-31,RES-A,Reservoir A,60.599,1.013,0.915,0.01,30.57,4.14,0.02,320.0,0.738,0.063,winter,1,19.076,72.8777
2023-02-01,RES-A,Reservoir A,60.733,1.854,1.152,0.38,31.51,4.7,0.46,320.0,0.986,0.1,winter,2,19.076,72.8777
2023-02-02,RES-A,Reservoir A,60.274,0.646,1.247,0.13,31.39,4.33,0.15,320.0,1.094,0.063,winter,2,19.076,72.8777
2023-02-03,RES-A,Reservoir A,59.762,0.799,1.204,0.19,31.02,4.41,0.23,320.0,1.047,0.092,winter,2,19.076,72.8777
2023-02-04,RES-A,Reservoir A,58.976,0.905,1.275,0.62,32.74,4.51,0.72,320.0,1.102,0.082,winter,2,19.076,72.8777
2023-02-05,RES-A,Reservoir A,58.434,0.941,1.095,0.14,33.35,4.58,0.15,320.0,0.96,0.037,winter,2,19.076,72.8777
2023-02-06,RES-A,Reservoir A,58.253,1.027,1.292,0.19,31.86,4.1,0.22,320.0,1.154,0.114,winter,2,19.076,72.8777
2023-02-07,RES-A,Reservoir A,58.077,1.019,1.461,0.48,30.99,4.43,0.57,320.0,1.225,0.09,winter,2,19.076,72.8777
2023-02-08,RES-A,Reservoir A,57.696,1.224,1.483,0.09,31.01,5.07,0.11,320.0,1.198,0.059,winter,2,19.076,72.8777
2023-02-09,RES-A,Reservoir A,57.576,0.888,1.313,0.61,32.78,4.32,0.75,320.0,1.223,0.078,winter,2,19.076,72.8777
2023-02-10,RES-A,Reservoir A,57.481,1.615,1.415,0.94,32.89,4.47,1.17,320.0,1.328,0.14,winter,2,19.076,72.8777
2023-02-11,RES-A,Reservoir A,57.944,1.584,1.328,1.2,32.65,4.28,1.47,320.0,1.226,0.181,winter,2,19.076,72.8777
2023-02-12,RES-A,Reservoir A,57.807,0.984,1.202,0.38,31.2,4.1,0.47,320.0,1.058,0.087,winter,2,19.076,72.8777
2023-02-13,RES-A,Reservoir A,57.949,0.752,1.021,0.13,32.28,4.84,0.15,320.0,0.826,0.08,winter,2,19.076,72.8777
2023-02-14,RES-A,Reservoir A,58.216,1.694,1.042,0.09,32.14,4.15,0.1,320.0,0.862,0.117,winter,2,19.076,72.8777
2023-02-15,RES-A,Reservoir A,57.558,0.558,1.026,0.09,32.26,4.23,0.1,320.0,0.867,0.03,winter,2,19.076,72.8777
2023-02-16,RES-A,Reservoir A,57.476,0.913,1.062,0.02,33.05,3.99,0.02,320.0,0.886,0.14,winter,2,19.076,72.8777
2023-02-17,RES-A,Reservoir A,57.055,0.869,0.842,0.67,32.27,4.14,0.77,320.0,0.727,0.187,winter,2,19.076,72.8777
2023-02-18,RES-A,Reservoir A,57.257,1.589,0.75,0.33,32.81,3.93,0.38,320.0,0.613,0.016,winter,2,19.076,72.8777
2023-02-19,RES-A,Reservoir A,57.293,1.657,0.685,1.09,32.08,4.54,1.36,320.0,0.536,0.132,winter,2,19.076,72.8777
2023-02-20,RES-A,Reservoir A,57.431,0.594,0.507,0.06,32.35,5.22,0.07,320.0,0.436,0.062,winter,2,19.076,72.8777
2023-02-21,RES-A,Reservoir A,57.276,1.74,0.719,1.52,32.76,4.32,1.89,320.0,0.627,0.148,winter,2,19.076,72.8777
2023-02-22,RES-A,Reservoir A,57.43,1.033,0.525,0.29,30.25,3.63,0.35,320.0,0.431,0.082,winter,2,19.076,72.8777
2023-02-23,RES-A,Reservoir A,57.606,0.648,0.689,0.06,31.62,4.56,0.07,320.0,0.501,0.107,winter,2,19.076,72.8777
2023-02-24,RES-A,Reservoir A,58.005,1.07,0.765,0.01,31.44,4.05,0.01,320.0,0.603,0.077,winter,2,19.076,72.8777
2023-02-25,RES-A,Reservoir A,57.82,0.991,0.664,0.11,31.23,4.64,0.13,320.0,0.483,0.058,winter,2,19.076,72.8777
2023-02-26,RES-A,Reservoir A,57.98,1.346,0.829,0.95,31.67,4.22,1.14,320.0,0.771,0.122,winter,2,19.076,72.8777
2023-02-27,RES-A,Reservoir A,58.002,0.839,0.94,0.11,33.79,4.37,0.12,320.0,0.864,0.101,winter,2,19.076,72.8777
2023-02-28,RES-A,Reservoir A,58.641,1.257,0.899,0.61,30.96,4.16,0.76,320.0,0.716,0.075,winter,2,19.076,72.8777
2023-03-01,RES-A,Reservoir A,58.129,0.9,0.794,0.04,36.09,5.06,0.05,320.0,0.782,0.033,summer,3,19.076,72.8777
2023-03-02,RES-A,Reservoir A,57.736,0.964,1.192,0.29,32.91,4.38,0.33,320.0,0.981,0.154,summer,3,19.076,72.8777
2023-03-03,RES-A,Reservoir A,58.676,0.819,0.904,0.49,34.53,4.49,0.59,320.0,0.845,0.085,summer,3,19.076,72.8777
2023-03-04,RES-A,Reservoir A,58.805,1.826,1.076,0.87,35.12,4.66,1.05,320.0,0.884,0.12,summer,3,19.076,72.8777
2023-03-05,RES-A,Reservoir A,57.932,0.698,1.332,0.54,35.63,4.39,0.63,320.0,1.226,0.095,summer,3,19.076,72.8777
2023-03-06,RES-A,Reservoir A,57.569,0.961,1.421,0.02,35.78,4.91,0.03,320.0,1.218,0.098,summer,3,19.076,72.8777
2023-03-07,RES-A,Reservoir A,56.456,1.057,1.517,0.75,35.88,4.27,0.85,320.0,1.207,0.171,summer,3,19.076,72.8777
2023-03-08,RES-A,Reservoir A,56.56,1.417,1.313,0.0,34.51,4.51,0.0,320.0,1.277,0.098,summer,3,19.076,72.8777
2023-03-09,RES-A,Reservoir A,56.662,0.533,1.037,0.1,34.37,4.85,0.11,320.0,0.852,0.039,summer,3,19.076,72.8777
2023-03-10,RES-A,Reservoir A,56.241,1.133,1.411,1.2,35.96,4.91,1.37,320.0,1.352,0.099,summer,3,19.076,72.8777
2023-03-11,RES-A,Reservoir A,55.873,0.767,1.368,0.63,34.7,4.84,0.7,320.0,1.197,0.099,summer,3,19.076,72.8777
2023-03-12,RES-A,Reservoir A,56.12,1.201,1.408,0.59,33.4,4.49,0.67,320.0,1.268,0.101,summer,3,19.076,72.8777
2023-03-13,RES-A,Reservoir A,55.231,0.491,1.3,0.35,33.57,4.88,0.4,320.0,1.144,0.046,summer,3,19.076,72.8777
2023-03-14,RES-A,Reservoir A,54.688,0.932,1.159,0.61,33.82,4.84,0.71,320.0,1.054,0.135,summer,3,19.076,72.8777
2023-03-15,RES-A,Reservoir A,54.257,0.096,1.149,0.1,35.52,4.9,0.11,320.0,0.96,0.052,summer,3,19.076,72.8777
2023-03-16,RES-A,Reservoir A,53.981,1.073,1.085,0.39,35.1,4.99,0.43,320.0,1.007,0.144,summer,3,19.076,72.8777
2023-03-17,RES-A,Reservoir A,53.766,0.735,1.065,0.22,35.76,5.02,0.26,320.0,0.853,0.146,summer,3,19.076,72.8777
2023-03-18,RES-A,Reservoir A,53.08,0.376,1.108,0.2,34.42,4.5,0.22,320.0,0.978,0.082,summer,3,19.076,72.8777
2023-03-19,RES-A,Reservoir A,53.398,1.445,0.64,0.53,35.12,4.31,0.64,320.0,0.56,0.12,summer,3,19.076,72.8777
2023-03-20,RES-A,Reservoir A,53.171,0.415,0.902,0.14,35.68,4.91,0.18,320.0,0.672,0.05,summer,3,19.076,72.8777
2023-03-21,RES-A,Reservoir A,53.398,1.315,1.168,0.48,34.56,4.81,0.56,320.0,1.021,0.123,summer,3,19.076,72.8777
2023-03-22,RES-A,Reservoir A,53.402,0.685,0.835,0.26,35.48,5.08,0.32,320.0,0.59,0.078,summer,3,19.076,72.8777
2023-03-23,RES-A,Reservoir A,54.015,2.569,0.838,2.47,34.13,4.32,2.75,320.0,0.626,0.171,summer,3,19.076,72.8777
2023-03-24,RES-A,Reservoir A,53.65,1.128,0.629,0.13,34.49,4.37,0.15,320.0,0.519,0.078,summer,3,19.076,72.8777
2023-03-25,RES-A,Reservoir A,53.684,0.465,0.847,0.04,34.47,4.77,0.04,320.0,0.702,0.068,summer,3,19.076,72.8777
2023-03-26,RES-A,Reservoir A,53.66,1.03,0.708,1.11,33.49,4.5,1.35,320.0,0.552,0.126,summer,3,19.076,72.8777
2023-03-27,RES-A,Reservoir A,53.912,1.862,0.882,1.71,35.51,4.2,2.09,320.0,0.656,0.194,summer,3,19.076,72.8777
2023-03-28,RES-A,Reservoir A,54.253,0.983,1.013,0.56,34.36,4.74,0.62,320.0,0.842,0.085,summer,3,19.076,72.8777
2023-03-29,RES-A,Reservoir A,53.979,0.752,0.807,0.02,34.94,4.14,0.03,320.0,0.648,0.133,summer,3,19.076,72.8777
2023-03-30,RES-A,Reservoir A,54.491,1.25,1.057,0.01,35.51,4.48,0.01,320.0,0.917,0.041,summer,3,19.076,72.8777
2023-03-31,RES-A,Reservoir A,54.811,0.565,1.119,0.05,35.46,5.16,0.06,320.0,0.971,0.131,summer,3,19.076,72.8777
2023-04-01,RES-A,Reservoir A,55.081,1.351,1.273,1.06,36.8,5.46,1.19,320.0,1.058,0.102,summer,4,19.076,72.8777
2023-04-02,RES-A,Reservoir A,55.015,2.015,1.123,1.76,35.88,4.44,2.2,320.0,0.973,0.168,summer,4,19.076,72.8777
2023-04-03,RES-A,Reservoir A,54.076,1.121,1.618,0.08,35.49,4.66,0.09,320.0,1.488,0.069,summer,4,19.076,72.8777
2023-04-04,RES-A,Reservoir A,54.266,0.788,1.327,0.09,35.9,4.82,0.11,320.0,1.205,0.074,summer,4,19.076,72.8777
2023-04-05,RES-A,Reservoir A,54.133,0.753,1.257,0.11,33.98,5.11,0.13,320.0,1.135,0.109,summer,4,19.076,72.8777
2023-04-06,RES-A,Reservoir A,53.749,0.675,1.065,0.97,34.26,4.46,1.18,320.0,0.985,0.174,summer,4,19.076,72.8777
2023-04-07,RES-A,Reservoir A,53.978,0.674,1.236,0.49,34.41,4.49,0.59,320.0,1.123,0.14,summer,4,19.076,72.8777
2023-04-08,RES-A,Reservoir A,53.52,1.143,1.588,0.46,34.8,5.14,0.57,320.0,1.363,0.091,summer,4,19.076,72.8777
2023-04-09,RES-A,Reservoir A,53.108,0.754,1.545,0.0,36.48,4.77,0.01,320.0,1.405,0.086,summer,4,19.076,72.8777
2023-04-10,RES-A,Reservoir A,53.094,0.975,1.545,0.3,34.91,4.91,0.34,320.0,1.36,0.072,summer,4,19.076,72.8777
2023-04-11,RES-A,Reservoir A,52.71,1.33,1.26,0.34,35.55,4.32,0.4,320.0,1.234,0.067,summer,4,19.076,72.8777
2023-04-12,RES-A,Reservoir A,52.453,0.451,1.076,0.14,37.56,4.96,0.16,320.0,0.897,0.052,summer,4,19.076,72.8777
2023-04-13,RES-A,Reservoir A,52.652,0.729,1.262,0.02,35.57,4.27,0.03,320.0,1.12,0.068,summer,4,19.076,72.8777
2023-04-14,RES-A,Reservoir A,52.772,1.126,0.941,0.53,36.89,4.61,0.6,320.0,0.815,0.114,summer,4,19.076,72.8777
2023-04-15,RES-A,Reservoir A,53.16,0.806,0.888,0.51,34.88,4.94,0.59,320.0,0.729,0.048,summer,4,19.076,72.8777
2023-04-16,RES-A,Reservoir A,53.643,1.389,1.061,0.18,35.75,4.78,0.2,320.0,0.936,0.088,summer,4,19.076,72.8777
2023-04-17,RES-A,Reservoir A,53.826,1.552,0.97,0.89,34.86,4.59,0.98,320.0,0.927,0.17,summer,4,19.076,72.8777
2023-04-18,RES-A,Reservoir A,53.06,1.311,1.13,0.82,35.59,4.55,1.02,320.0,0.934,0.155,summer,4,19.076,72.8777
2023-04-19,RES-A,Reservoir A,52.895,1.752,0.99,0.66,37.01,4.87,0.75,320.0,0.828,0.095,summer,4,19.076,72.8777
2023-04-20,RES-A,Reservoir A,52.987,0.434,0.928,0.32,33.93,4.66,0.4,320.0,0.794,0.054,summer,4,19.076,72.8777
2023-04-21,RES-A,Reservoir A,52.873,2.005,0.637,2.42,36.52,5.18,3.01,320.0,0.536,0.215,summer,4,19.076,72.8777
2023-04-22,RES-A,Reservoir A,52.823,1.001,0.723,0.15,36.29,4.07,0.17,320.0,0.646,0.018,summer,4,19.076,72.8777
2023-04-23,RES-A,Reservoir A,52.951,0.641,0.586,0.32,35.29,4.48,0.39,320.0,0.425,0.129,summer,4,19.076,72.8777
2023-04-24,RES-A,Reservoir A,53.707,1.389,0.582,0.98,34.26,4.66,1.16,320.0,0.351,0.122,summer,4,19.076,72.8777
2023-04-25,RES-A,Reservoir A,53.451,0.767,0.933,0.71,36.09,4.8,0.86,320.0,0.773,0.171,summer,4,19.076,72.8777
2023-04-26,RES-A,Reservoir A,53.377,1.211,0.651,0.35,35.36,4.86,0.39,320.0,0.571,0.046,summer,4,19.076,72.8777
2023-04-27,RES-A,Reservoir A,53.471,1.397,1.006,0.46,36.28,4.93,0.52,320.0,0.845,0.131,summer,4,19.076,72.8777
2023-04-28,RES-A,Reservoir A,53.657,1.303,1.067,0.83,36.03,4.73,0.93,320.0,0.919,0.119,summer,4,19.076,72.8777
2023-04-29,RES-A,Reservoir A,53.4,0.305,0.899,0.31,37.92,4.89,0.37,320.0,0.705,0.086,summer,4,19.076,72.8777
2023-04-30,RES-A,Reservoir A,53.549,0.493,1.117,0.06,35.71,4.71,0.08,320.0,0.937,0.042,summer,4,19.076,72.8777
2023-05-01,RES-A,Reservoir A,53.336,1.06,0.802,0.13,33.7,4.89,0.15,320.0,0.801,0.104,summer,5,19.076,72.8777
2023-05-02,RES-A,Reservoir A,53.416,1.006,0.852,0.4,35.14,4.5,0.48,320.0,0.675,0.12,summer,5,19.076,72.8777
2023-05-03,RES-A,Reservoir A,53.23,0.05,1.12,0.03,35.19,4.7,0.03,320.0,1.02,0.135,summer,5,19.076,72.8777
2023-05-04,RES-A,Reservoir A,53.219,1.502,1.055,0.54,36.56,4.94,0.65,320.0,0.976,0.137,summer,5,19.076,72.8777
2023-05-05,RES-A,Reservoir A,53.399,0.869,1.16,0.04,35.93,5.28,0.05,320.0,1.02,0.064,summer,5,19.076,72.8777
2023-05-06,RES-A,Reservoir A,53.13,0.618,1.583,0.21,35.36,4.65,0.26,320.0,1.413,0.06,summer,5,19.076,72.8777
2023-05-07,RES-A,Reservoir A,53.517,1.403,0.977,0.52,36.68,5.19,0.6,320.0,0.909,0.065,summer,5,19.076,72.8777
2023-05-08,RES-A,Reservoir A,53.33,0.61,1.391,0.1,33.5,4.89,0.11,320.0,1.206,0.129,summer,5,19.076,72.8777
2023-05-09,RES-A,Reservoir A,53.305,0.739,1.188,0.36,34.16,4.58,0.43,320.0,0.999,0.075,summer,5,19.076,72.8777
2023-05-10,RES-A,Reservoir A,53.376,2.32,1.426,2.79,33.82,4.49,3.46,320.0,1.274,0.264,summer,5,19.076,72.8777
2023-05-11,RES-A,Reservoir A,53.196,1.44,1.268,0.03,34.46,4.54,0.04,320.0,1.161,0.097,summer,5,19.076,72.8777
2023-05-12,RES-A,Reservoir A,53.729,1.611,1.244,0.49,33.28,4.42,0.58,320.0,1.143,0.114,summer,5,19.076,72.8777
2023-05-13,RES-A,Reservoir A,53.962,1.19,1.107,0.54,35.69,5.04,0.61,320.0,0.905,0.098,summer,5,19.076,72.8777
2023-05-14,RES-A,Reservoir A,53.678,1.231,0.961,0.55,34.66,4.73,0.61,320.0,0.887,0.127,summer,5,19.076,72.8777
2023-05-15,RES-A,Reservoir A,53.898,1.808,1.294,1.49,33.16,4.55,1.66,320.0,1.091,0.154,summer,5,19.076,72.8777
2023-05-16,RES-A,Reservoir A,52.858,0.674,1.307,0.63,33.71,4.21,0.76,320.0,1.166,0.101,summer,5,19.076,72.8777
2023-05-17,RES-A,Reservoir A,52.905,1.853,1.065,1.66,35.3,4.45,2.04,320.0,0.92,0.184,summer,5,19.076,72.8777
2023-05-18,RES-A,Reservoir A,53.217,0.715,0.728,0.35,35.93,5.46,0.39,320.0,0.664,0.093,summer,5,19.076,72.8777
2023-05-19,RES-A,Reservoir A,53.199,1.091,0.947,0.36,37.32,4.93,0.42,320.0,0.804,0.074,summer,5,19.076,72.8777
2023-05-20,RES-A,Reservoir A,53.352,1.618,1.259,1.83,38.42,4.88,2.07,320.0,1.078,0.19,summer,5,19.076,72.8777
2023-05-21,RES-A,Reservoir A,52.412,1.206,0.782,0.47,35.43,5.18,0.52,320.0,0.699,0.102,summer,5,19.076,72.8777
2023-05-22,RES-A,Reservoir A,52.221,0.925,1.056,0.17,33.74,4.63,0.2,320.0,0.882,0.103,summer,5,19.076,72.8777
2023-05-23,RES-A,Reservoir A,52.139,0.092,0.695,0.74,32.37,4.56,0.89,320.0,0.54,0.103,summer,5,19.076,72.8777
2023-05-24,RES-A,Reservoir A,52.393,1.116,0.763,0.51,35.25,4.69,0.61,320.0,0.645,0.069,summer,5,19.076,72.8777
2023-05-25,RES-A,Reservoir A,52.853,1.348,0.948,0.66,33.95,4.48,0.76,320.0,0.755,0.165,summer,5,19.076,72.8777
2023-05-26,RES-A,Reservoir A,52.901,1.189,0.783,0.47,34.43,4.58,0.56,320.0,0.743,0.15,summer,5,19.076,72.8777
2023-05-27,RES-A,Reservoir A,52.984,1.226,0.767,0.94,34.19,4.19,1.05,320.0,0.599,0.154,summer,5,19.076,72.8777
2023-05-28,RES-A,Reservoir A,52.7,1.496,0.863,0.25,34.76,4.64,0.28,320.0,0.632,0.081,summer,5,19.076,72.8777
2023-05-29,RES-A,Reservoir A,52.543,0.958,1.169,0.1,36.21,4.93,0.12,320.0,0.947,0.076,summer,5,19.076,72.8777
2023-05-30,RES-A,Reservoir A,52.033,1.017,1.196,0.13,35.12,5.27,0.15,320.0,1.027,0.128,summer,5,19.076,72.8777
2023-05-31,RES-A,Reservoir A,51.443,1.487,1.262,0.64,34.74,4.69,0.8,320.0,1.127,0.102,summer,5,19.076,72.8777
2023-06-01,RES-A,Reservoir A,51.21,1.808,1.341,1.77,30.76,3.49,2.19,320.0,1.223,0.149,monsoon,6,19.076,72.8777
2023-06-02,RES-A,Reservoir A,53.122,5.352,1.157,9.82,29.99,4.07,11.75,320.0,1.022,0.627,monsoon,6,19.076,72.8777
2023-06-03,RES-A,Reservoir A,52.997,1.088,1.177,2.29,31.42,5.09,2.83,320.0,1.0,0.193,monsoon,6,19.076,72.8777
2023-06-04,RES-A,Reservoir A,53.315,2.117,1.398,3.01,31.94,4.59,3.5,320.0,1.288,0.284,monsoon,6,19.076,72.8777
2023-06-05,RES-A,Reservoir A,53.289,1.927,1.411,1.76,34.12,4.35,1.94,320.0,1.223,0.126,monsoon,6,19.076,72.8777
2023-06-06,RES-A,Reservoir A,52.655,1.237,1.247,1.15,32.16,4.54,1.27,320.0,0.99,0.153,monsoon,6,19.076,72.8777
2023-06-07,RES-A,Reservoir A,53.91,3.977,1.14,5.92,33.18,4.26,6.61,320.0,0.994,0.438,monsoon,6,19.076,72.8777
2023-06-08,RES-A,Reservoir A,53.144,1.299,1.305,0.91,31.4,3.86,1.02,320.0,1.222,0.127,monsoon,6,19.076,72.8777
2023-06-09,RES-A,Reservoir A,53.947,4.276,1.194,6.15,30.58,4.06,7.08,320.0,1.111,0.379,monsoon,6,19.076,72.8777
2023-06-10,RES-A,Reservoir A,54.692,3.659,1.301,5.97,30.84,4.23,7.19,320.0,1.113,0.343,monsoon,6,19.076,72.8777
2023-06-11,RES-A,Reservoir A,55.38,3.241,1.394,4.58,31.13,3.67,5.58,320.0,1.247,0.341,monsoon,6,19.076,72.8777
2023-06-12,RES-A,Reservoir A,55.527,2.614,1.355,3.31,34.55,4.3,3.93,320.0,1.161,0.222,monsoon,6,19.076,72.8777
2023-06-13,RES-A,Reservoir A,55.296,2.623,1.324,2.65,31.01,4.22,2.97,320.0,1.201,0.21,monsoon,6,19.076,72.8777
2023-06-14,RES-A,Reservoir A,55.035,0.944,0.854,1.49,33.01,4.34,1.81,320.0,0.662,0.118,monsoon,6,19.076,72.8777
2023-06-15,RES-A,Reservoir A,57.347,8.918,1.08,16.82,30.92,4.33,19.39,320.0,0.938,0.968,monsoon,6,19.076,72.8777
2023-06-16,RES-A,Reservoir A,57.781,3.235,1.066,4.38,33.12,4.11,4.83,320.0,0.952,0.334,monsoon,6,19.076,72.8777
2023-06-17,RES-A,Reservoir A,58.988,3.422,0.699,4.23,32.46,4.61,4.84,320.0,0.569,0.291,monsoon,6,19.076,72.8777
2023-06-18,RES-A,Reservoir A,58.891,1.805,0.745,1.87,31.81,3.96,2.15,320.0,0.655,0.139,monsoon,6,19.076,72.8777
2023-06-19,RES-A,Reservoir A,61.436,8.291,0.838,15.46,31.95,4.83,17.64,320.0,0.588,0.899,monsoon,6,19.076,72.8777
2023-06-20,RES-A,Reservoir A,62.016,2.479,0.832,2.84,31.21,3.73,3.47,320.0,0.687,0.211,monsoon,6,19.076,72.8777
2023-06-21,RES-A,Reservoir A,63.431,4.432,1.089,6.69,32.54,4.08,8.13,320.0,0.906,0.382,monsoon,6,19.076,72.8777
2023-06-22,RES-A,Reservoir A,64.521,4.592,1.078,7.89,31.45,4.4,9.51,320.0,0.955,0.422,monsoon,6,19.076,72.8777
2023-06-23,RES-A,Reservoir A,65.821,3.816,0.627,5.92,30.53,4.66,6.64,320.0,0.529,0.357,monsoon,6,19.076,72.8777
2023-06-24,RES-A,Reservoir A,65.988,1.652,0.88,0.88,30.47,4.25,1.08,320.0,0.741,0.08,monsoon,6,19.076,72.8777
2023-06-25,RES-A,Reservoir A,67.816,6.159,0.972,9.47,32.21,4.53,11.38,320.0,0.767,0.535,monsoon,6,19.076,72.8777
2023-06-26,RES-A,Reservoir A,67.781,2.437,0.896,2.81,33.89,4.57,3.17,320.0,0.772,0.243,monsoon,6,19.076,72.8777
2023-06-27,RES-A,Reservoir A,68.533,6.062,0.919,10.58,32.19,4.06,12.67,320.0,0.813,0.598,monsoon,6,19.076,72.8777
2023-06-28,RES-A,Reservoir A,69.394,3.247,1.002,4.99,31.86,4.18,5.86,320.0,0.844,0.34,monsoon,6,19.076,72.8777
2023-06-29,RES-A,Reservoir A,70.788,5.097,1.276,8.32,32.34,4.02,9.7,320.0,1.101,0.474,monsoon,6,19.076,72.8777
2023-06-30,RES-A,Reservoir A,73.129,7.934,1.298,14.66,33.57,4.14,16.37,320.0,1.065,0.815,monsoon,6,19.076,72.8777
2023-07-01,RES-A,Reservoir A,74.401,5.401,0.961,9.17,28.26,4.01,10.81,320.0,0.793,0.596,monsoon,7,19.076,72.8777
2023-07-02,RES-A,Reservoir A,76.003,4.584,1.303,8.49,27.51,3.46,9.47,320.0,1.121,0.494,monsoon,7,19.076,72.8777
2023-07-03,RES-A,Reservoir A,77.378,6.071,1.367,9.83,29.33,4.12,11.06,320.0,1.181,0.583,monsoon,7,19.076,72.8777
2023-07-04,RES-A,Reservoir A,77.603,1.474,1.225,2.19,28.51,3.53,2.46,320.0,1.133,0.143,monsoon,7,19.076,72.8777
2023-07-05,RES-A,Reservoir A,79.369,6.12,1.388,10.96,29.84,4.17,13.62,320.0,1.286,0.673,monsoon,7,19.076,72.8777
2023-07-06,RES-A,Reservoir A,80.478,2.824,1.262,4.05,28.22,3.74,4.63,320.0,1.166,0.268,monsoon,7,19.076,72.8777
2023-07-07,RES-A,Reservoir A,81.109,3.557,1.262,4.19,26.53,4.11,4.83,320.0,1.179,0.321,monsoon,7,19.076,72.8777
2023-07-08,RES-A,Reservoir A,81.577,3.481,1.357,5.75,26.36,3.76,6.6,320.0,1.167,0.364,monsoon,7,19.076,72.8777
2023-07-09,RES-A,Reservoir A,81.507,2.401,1.0,3.68,29.98,4.47,4.54,320.0,0.835,0.282,monsoon,7,19.076,72.8777
2023-07-10,RES-A,Reservoir A,82.112,1.44,1.258,1.68,30.07,3.88,1.99,320.0,1.104,0.184,monsoon,7,19.076,72.8777
2023-07-11,RES-A,Reservoir A,83.239,4.05,1.006,5.35,27.78,3.85,6.62,320.0,0.986,0.334,monsoon,7,19.076,72.8777
2023-07-12,RES-A,Reservoir A,83.664,1.883,1.122,4.21,27.54,3.51,4.82,320.0,0.869,0.323,monsoon,7,19.076,72.8777
2023-07-13,RES-A,Reservoir A,85.118,2.434,1.322,4.06,29.75,3.95,4.53,320.0,1.217,0.26,monsoon,7,19.076,72.8777
2023-07-14,RES-A,Reservoir A,86.16,4.151,1.28,4.84,26.67,3.62,5.73,320.0,1.028,0.345,monsoon,7,19.076,72.8777
2023-07-15,RES-A,Reservoir A,86.364,3.018,0.973,4.09,26.93,3.51,4.71,320.0,0.896,0.273,monsoon,7,19.076,72.8777
2023-07-16,RES-A,Reservoir A,88.777,8.436,0.873,16.12,28.77,3.59,19.68,320.0,0.763,0.897,monsoon,7,19.076,72.8777
2023-07-17,RES-A,Reservoir A,90.871,8.332,0.883,15.14,27.53,3.38,18.65,320.0,0.843,0.823,monsoon,7,19.076,72.8777
2023-07-18,RES-A,Reservoir A,91.544,3.553,1.07,5.53,27.99,3.16,6.47,320.0,0.902,0.358,monsoon,7,19.076,72.8777
2023-07-19,RES-A,Reservoir A,92.395,3.771,0.685,5.35,27.8,3.52,6.67,320.0,0.59,0.315,monsoon,7,19.076,72.8777
2023-07-20,RES-A,Reservoir A,92.399,1.486,0.779,0.08,28.41,4.1,0.1,320.0,0.683,0.092,monsoon,7,19.076,72.8777
2023-07-21,RES-A,Reservoir A,92.404,2.406,0.874,2.99,29.69,3.58,3.41,320.0,0.792,0.231,monsoon,7,19.076,72.8777
2023-07-22,RES-A,Reservoir A,94.55,5.426,0.55,9.75,28.11,3.46,11.44,320.0,0.361,0.551,monsoon,7,19.076,72.8777
2023-07-23,RES-A,Reservoir A,95.291,2.827,0.828,3.58,28.77,4.49,3.96,320.0,0.643,0.258,monsoon,7,19.076,72.8777
2023-07-24,RES-A,Reservoir A,97.176,6.835,0.838,12.62,25.54,3.37,15.4,320.0,0.598,0.715,monsoon,7,19.076,72.8777
2023-07-25,RES-A,Reservoir A,98.0,6.313,0.779,12.01,27.94,3.95,13.39,320.0,0.663,0.662,monsoon,7,19.076,72.8777
2023-07-26,RES-A,Reservoir A,98.0,1.624,0.8,2.93,26.99,3.93,3.36,320.0,0.639,0.223,monsoon,7,19.076,72.8777
2023-07-27,RES-A,Reservoir A,98.0,3.184,0.859,5.93,26.54,3.88,7.02,320.0,0.774,0.346,monsoon,7,19.076,72.8777
2023-07-28,RES-A,Reservoir A,98.0,8.854,1.22,17.13,26.95,3.28,18.95,320.0,1.087,1.007,monsoon,7,19.076,72.8777
2023-07-29,RES-A,Reservoir A,98.0,0.804,0.923,0.85,27.6,3.74,0.95,320.0,0.799,0.154,monsoon,7,19.076,72.8777
2023-07-30,RES-A,Reservoir A,98.0,2.731,1.117,3.67,29.1,3.51,4.42,320.0,0.944,0.272,monsoon,7,19.076,72.8777
2023-07-31,RES-A,Reservoir A,98.0,0.733,1.452,0.72,26.41,4.4,0.8,320.0,1.251,0.151,monsoon,7,19.076,72.8777
2023-08-01,RES-A,Reservoir A,97.924,0.691,1.119,2.01,24.04,2.91,2.35,320.0,0.919,0.121,monsoon,8,19.076,72.8777
2023-08-02,RES-A,Reservoir A,98.0,10.816,1.427,21.1,23.42,3.0,24.28,320.0,1.319,1.058,monsoon,8,19.076,72.8777
2023-08-03,RES-A,Reservoir A,98.0,2.435,1.287,3.67,23.61,3.02,4.16,320.0,1.087,0.251,monsoon,8,19.076,72.8777
2023-08-04,RES-A,Reservoir A,97.573,0.736,1.532,0.3,25.2,3.08,0.34,320.0,1.384,0.054,monsoon,8,19.076,72.8777
2023-08-05,RES-A,Reservoir A,97.952,2.158,1.384,1.66,24.65,3.86,2.02,320.0,1.25,0.156,monsoon,8,19.076,72.8777
2023-08-06,RES-A,Reservoir A,97.956,0.886,1.309,0.6,25.6,4.3,0.75,320.0,1.195,0.116,monsoon,8,19.076,72.8777
2023-08-07,RES-A,Reservoir A,98.0,4.114,1.261,6.14,23.81,3.22,6.88,320.0,1.139,0.415,monsoon,8,19.076,72.8777
2023-08-08,RES-A,Reservoir A,98.0,4.686,1.281,7.79,23.16,2.88,9.69,320.0,1.044,0.435,monsoon,8,19.076,72.8777
2023-08-09,RES-A,Reservoir A,98.0,6.269,1.293,11.08,23.73,2.68,13.17,320.0,1.128,0.646,monsoon,8,19.076,72.8777
2023-08-10,RES-A,Reservoir A,98.0,5.125,1.379,9.31,24.29,3.34,11.14,320.0,1.22,0.546,monsoon,8,19.076,72.8777
2023-08-11,RES-A,Reservoir A,97.507,1.234,1.182,0.92,24.21,3.31,1.1,320.0,1.045,0.136,monsoon,8,19.076,72.8777
2023-08-12,RES-A,Reservoir A,98.0,4.231,1.226,7.45,22.7,3.03,8.98,320.0,0.954,0.437,monsoon,8,19.076,72.8777
2023-08-13,RES-A,Reservoir A,98.0,3.168,1.13,4.64,24.11,3.46,5.67,320.0,0.914,0.353,monsoon,8,19.076,72.8777
2023-08-14,RES-A,Reservoir A,98.0,6.846,1.163,12.41,24.27,3.53,14.55,320.0,1.049,0.697,monsoon,8,19.076,72.8777
2023-08-15,RES-A,Reservoir A,98.0,5.522,1.168,10.22,27.02,3.84,12.06,320.0,1.032,0.644,monsoon,8,19.076,72.8777
2023-08-16,RES-A,Reservoir A,98.0,12.566,0.838,23.21,26.25,3.56,26.66,320.0,0.698,1.217,monsoon,8,19.076,72.8777
2023-08-17,RES-A,Reservoir A,98.0,1.848,0.81,1.84,22.98,2.93,2.05,320.0,0.653,0.194,monsoon,8,19.076,72.8777
2023-08-18,RES-A,Reservoir A,97.967,1.398,0.886,1.52,23.66,3.54,1.83,320.0,0.771,0.154,monsoon,8,19.076,72.8777
2023-08-19,RES-A,Reservoir A,98.0,2.412,1.085,3.2,22.24,3.17,3.53,320.0,0.913,0.23,monsoon,8,19.076,72.8777
2023-08-20,RES-A,Reservoir A,98.0,3.14,1.057,4.82,23.29,3.56,5.5,320.0,0.834,0.34,monsoon,8,19.076,72.8777
2023-08-21,RES-A,Reservoir A,98.0,1.746,0.548,2.55,24.38,3.66,2.85,320.0,0.464,0.199,monsoon,8,19.076,72.8777
2023-08-22,RES-A,Reservoir A,98.0,1.785,0.705,1.96,25.45,3.13,2.21,320.0,0.612,0.098,monsoon,8,19.076,72.8777
2023-08-23,RES-A,Reservoir A,98.0,4.063,0.648,7.02,23.13,2.84,8.4,320.0,0.523,0.339,monsoon,8,19.076,72.8777
2023-08-24,RES-A,Reservoir A,98.0,2.048,0.772,3.19,23.22,3.06,3.8,320.0,0.643,0.277,monsoon,8,19.076,72.8777
2023-08-25,RES-A,Reservoir A,98.0,1.431,1.205,2.43,21.42,2.75,2.83,320.0,0.955,0.239,monsoon,8,19.076,72.8777
2023-08-26,RES-A,Reservoir A,98.0,1.121,0.74,0.91,23.8,3.58,1.02,320.0,0.54,0.182,monsoon,8,19.076,72.8777
2023-08-27,RES-A,Reservoir A,98.0,1.052,0.753,0.11,22.73,3.33,0.13,320.0,0.555,0.085,monsoon,8,19.076,72.8777
2023-08-28,RES-A,Reservoir A,98.0,8.195,0.861,15.52,23.36,3.63,17.89,320.0,0.724,0.817,monsoon,8,19.076,72.8777
2023-08-29,RES-A,Reservoir A,98.0,9.211,1.079,15.16,22.95,3.37,18.31,320.0,0.943,0.825,monsoon,8,19.076,72.8777
2023-08-30,RES-A,Reservoir A,98.0,6.298,1.123,10.48,23.89,3.43,12.44,320.0,1.045,0.604,monsoon,8,19.076,72.8777
2023-08-31,RES-A,Reservoir A,98.0,5.466,1.256,8.52,21.89,3.49,10.0,320.0,1.067,0.476,monsoon,8,19.076,72.8777
2023-09-01,RES-A,Reservoir A,98.0,2.498,1.398,2.88,19.31,2.96,3.37,320.0,1.223,0.273,monsoon,9,19.076,72.8777
2023-09-02,RES-A,Reservoir A,98.0,5.857,1.036,8.82,23.63,3.36,10.99,320.0,0.821,0.588,monsoon,9,19.076,72.8777
2023-09-03,RES-A,Reservoir A,97.521,1.212,1.434,1.38,19.53,3.29,1.68,320.0,1.295,0.163,monsoon,9,19.076,72.8777
2023-09-04,RES-A,Reservoir A,98.0,2.765,1.234,5.79,19.76,2.91,6.8,320.0,1.091,0.369,monsoon,9,19.076,72.8777
2023-09-05,RES-A,Reservoir A,97.766,1.729,1.417,2.2,23.28,3.2,2.58,320.0,1.258,0.151,monsoon,9,19.076,72.8777
2023-09-06,RES-A,Reservoir A,98.0,5.32,1.145,8.86,24.56,3.2,9.78,320.0,0.95,0.569,monsoon,9,19.076,72.8777
2023-09-07,RES-A,Reservoir A,98.0,9.856,1.215,18.03,19.67,3.07,22.38,320.0,1.139,0.984,monsoon,9,19.076,72.8777
2023-09-08,RES-A,Reservoir A,97.972,1.71,1.339,1.65,20.63,3.35,1.9,320.0,1.152,0.154,monsoon,9,19.076,72.8777
2023-09-09,RES-A,Reservoir A,98.0,2.752,1.408,3.03,21.48,3.06,3.45,320.0,1.259,0.246,monsoon,9,19.076,72.8777
2023-09-10,RES-A,Reservoir A,98.0,3.78,0.906,5.69,23.15,3.67,7.11,320.0,0.809,0.347,monsoon,9,19.076,72.8777
2023-09-11,RES-A,Reservoir A,98.0,1.271,1.052,0.39,19.89,2.3,0.47,320.0,1.006,0.104,monsoon,9,19.076,72.8777
2023-09-12,RES-A,Reservoir A,97.569,0.79,0.932,0.65,20.78,2.98,0.72,320.0,0.789,0.069,monsoon,9,19.076,72.8777
2023-09-13,RES-A,Reservoir A,98.0,9.031,1.198,17.63,22.0,3.13,19.55,320.0,0.976,0.994,monsoon,9,19.076,72.8777
2023-09-14,RES-A,Reservoir A,98.0,4.807,1.198,7.05,21.59,2.87,7.78,320.0,0.965,0.429,monsoon,9,19.076,72.8777
2023-09-15,RES-A,Reservoir A,98.0,2.173,1.159,2.7,20.62,3.69,3.21,320.0,0.991,0.25,monsoon,9,19.076,72.8777
2023-09-16,RES-A,Reservoir A,98.0,3.093,0.921,5.14,20.91,2.99,5.71,320.0,0.673,0.331,monsoon,9,19.076,72.8777
2023-09-17,RES-A,Reservoir A,98.0,2.185,1.001,3.21,19.42,2.71,3.98,320.0,0.853,0.236,monsoon,9,19.076,72.8777
2023-09-18,RES-A,Reservoir A,98.0,3.495,1.085,5.85,20.79,3.0,7.26,320.0,0.888,0.336,monsoon,9,19.076,72.8777
2023-09-19,RES-A,Reservoir A,98.0,2.204,0.543,3.34,20.75,2.39,3.95,320.0,0.416,0.27,monsoon,9,19.076,72.8777
2023-09-20,RES-A,Reservoir A,98.0,2.708,0.867,4.76,21.35,2.83,5.67,320.0,0.743,0.292,monsoon,9,19.076,72.8777
2023-09-21,RES-A,Reservoir A,98.0,4.961,0.911,9.53,20.41,3.24,10.91,320.0,0.795,0.542,monsoon,9,19.076,72.8777
2023-09-22,RES-A,Reservoir A,98.0,5.142,0.67,9.02,21.64,2.91,10.01,320.0,0.623,0.531,monsoon,9,19.076,72.8777
2023-09-23,RES-A,Reservoir A,98.0,8.972,0.716,16.86,22.29,2.93,20.42,320.0,0.502,0.927,monsoon,9,19.076,72.8777
2023-09-24,RES-A,Reservoir A,98.0,4.857,0.974,7.5,21.26,3.44,8.37,320.0,0.856,0.404,monsoon,9,19.076,72.8777
2023-09-25,RES-A,Reservoir A,98.0,3.57,0.683,5.45,21.49,3.48,6.07,320.0,0.573,0.346,monsoon,9,19.076,72.8777
2023-09-26,RES-A,Reservoir A,98.0,10.155,0.863,18.84,21.14,3.19,21.6,320.0,0.772,1.046,monsoon,9,19.076,72.8777
2023-09-27,RES-A,Reservoir A,98.0,2.632,0.982,4.28,21.07,2.89,4.72,320.0,0.842,0.283,monsoon,9,19.076,72.8777
2023-09-28,RES-A,Reservoir A,97.681,0.828,1.246,0.14,20.21,2.85,0.17,320.0,1.007,0.08,monsoon,9,19.076,72.8777
2023-09-29,RES-A,Reservoir A,98.0,6.184,1.113,10.59,21.45,2.83,12.77,320.0,0.858,0.614,monsoon,9,19.076,72.8777
2023-09-30,RES-A,Reservoir A,98.0,4.402,0.966,6.73,20.96,2.72,8.22,320.0,0.899,0.413,monsoon,9,19.076,72.8777
2023-10-01,RES-A,Reservoir A,98.0,1.183,1.194,0.84,22.51,2.89,1.0,320.0,1.062,0.091,autumn,10,19.076,72.8777
2023-10-02,RES-A,Reservoir A,98.0,1.413,1.335,0.47,21.89,2.94,0.58,320.0,1.237,0.103,autumn,10,19.076,72.8777
2023-10-03,RES-A,Reservoir A,97.717,1.025,1.659,0.45,20.46,2.65,0.52,320.0,1.46,0.132,autumn,10,19.076,72.8777
2023-10-04,RES-A,Reservoir A,98.0,1.184,1.076,0.21,19.08,2.32,0.26,320.0,0.912,0.059,autumn,10,19.076,72.8777
2023-10-05,RES-A,Reservoir A,98.0,0.861,1.314,0.47,18.67,2.81,0.55,320.0,1.196,0.092,autumn,10,19.076,72.8777
2023-10-06,RES-A,Reservoir A,97.613,0.239,1.139,0.15,21.43,3.14,0.17,320.0,0.986,0.046,autumn,10,19.076,72.8777
2023-10-07,RES-A,Reservoir A,97.392,0.908,1.417,0.03,20.32,3.45,0.04,320.0,1.291,0.11,autumn,10,19.076,72.8777
2023-10-08,RES-A,Reservoir A,97.516,1.242,1.206,0.38,20.58,2.77,0.44,320.0,0.976,0.096,autumn,10,19.076,72.8777
2023-10-09,RES-A,Reservoir A,97.174,1.025,1.162,0.05,17.91,2.74,0.05,320.0,0.985,0.057,autumn,10,19.076,72.8777
2023-10-10,RES-A,Reservoir A,97.154,1.087,1.142,0.28,21.11,3.13,0.32,320.0,0.959,0.097,autumn,10,19.076,72.8777
2023-10-11,RES-A,Reservoir A,97.15,0.683,1.007,0.01,20.55,2.89,0.01,320.0,0.99,0.044,autumn,10,19.076,72.8777
2023-10-12,RES-A,Reservoir A,96.429,0.752,1.147,0.48,18.67,2.96,0.55,320.0,1.0,0.073,autumn,10,19.076,72.8777
2023-10-13,RES-A,Reservoir A,96.307,1.087,1.227,0.19,19.43,3.06,0.22,320.0,0.973,0.046,autumn,10,19.076,72.8777
2023-10-14,RES-A,Reservoir A,96.164,0.982,1.063,0.07,20.32,3.04,0.08,320.0,0.847,0.051,autumn,10,19.076,72.8777
2023-10-15,RES-A,Reservoir A,96.552,0.735,0.656,0.27,20.06,2.83,0.31,320.0,0.599,0.134,autumn,10,19.076,72.8777
2023-10-16,RES-A,Reservoir A,95.999,1.313,0.997,0.25,19.65,2.75,0.3,320.0,0.862,0.071,autumn,10,19.076,72.8777
2023-10-17,RES-A,Reservoir A,95.889,0.854,0.796,0.74,19.88,2.47,0.85,320.0,0.706,0.131,autumn,10,19.076,72.8777
2023-10-18,RES-A,Reservoir A,95.763,1.224,1.093,1.26,19.7,2.62,1.54,320.0,0.858,0.118,autumn,10,19.076,72.8777
2023-10-19,RES-A,Reservoir A,96.416,1.718,0.718,0.7,20.18,2.74,0.79,320.0,0.556,0.138,autumn,10,19.076,72.8777
2023-10-20,RES-A,Reservoir A,96.583,1.135,0.523,0.06,21.77,2.77,0.07,320.0,0.411,0.052,autumn,10,19.076,72.8777
2023-10-21,RES-A,Reservoir A,97.19,0.741,0.798,0.13,16.92,2.66,0.16,320.0,0.646,0.088,autumn,10,19.076,72.8777
2023-10-22,RES-A,Reservoir A,97.939,2.473,0.876,3.17,19.72,3.22,3.81,320.0,0.857,0.24,autumn,10,19.076,72.8777
2023-10-23,RES-A,Reservoir A,97.86,0.984,0.803,0.26,20.21,2.65,0.32,320.0,0.708,0.163,autumn,10,19.076,72.8777
2023-10-24,RES-A,Reservoir A,97.697,0.05,0.836,0.25,20.36,3.03,0.3,320.0,0.684,0.112,autumn,10,19.076,72.8777
2023-10-25,RES-A,Reservoir A,97.601,0.901,0.815,0.84,19.55,2.54,1.02,320.0,0.623,0.104,autumn,10,19.076,72.8777
2023-10-26,RES-A,Reservoir A,97.929,1.182,1.115,0.81,17.89,2.56,0.94,320.0,1.062,0.141,autumn,10,19.076,72.8777
2023-10-27,RES-A,Reservoir A,97.432,0.709,0.825,0.07,20.39,2.74,0.08,320.0,0.694,0.148,autumn,10,19.076,72.8777
2023-10-28,RES-A,Reservoir A,97.168,1.107,0.992,0.45,22.07,3.33,0.5,320.0,0.791,0.054,autumn,10,19.076,72.8777
2023-10-29,RES-A,Reservoir A,97.355,1.226,1.115,0.06,18.16,2.48,0.07,320.0,1.037,0.058,autumn,10,19.076,72.8777
2023-10-30,RES-A,Reservoir A,97.86,1.135,0.885,0.91,21.04,3.33,1.04,320.0,0.723,0.118,autumn,10,19.076,72.8777
2023-10-31,RES-A,Reservoir A,96.788,0.449,1.391,0.04,19.61,2.78,0.05,320.0,1.238,0.069,autumn,10,19.076,72.8777
2023-11-01,RES-A,Reservoir A,97.168,1.103,1.415,0.38,21.0,2.82,0.44,320.0,1.179,0.089,autumn,11,19.076,72.8777
2023-11-02,RES-A,Reservoir A,97.059,1.2,1.39,1.04,19.81,2.5,1.23,320.0,1.251,0.093,autumn,11,19.076,72.8777
2023-11-03,RES-A,Reservoir A,96.253,0.889,1.363,0.29,20.67,3.06,0.34,320.0,1.221,0.137,autumn,11,19.076,72.8777
2023-11-04,RES-A,Reservoir A,95.095,1.006,1.317,0.62,22.63,3.48,0.75,320.0,1.124,0.068,autumn,11,19.076,72.8777
2023-11-05,RES-A,Reservoir A,94.783,1.805,1.073,0.44,21.77,3.19,0.53,320.0,0.989,0.096,autumn,11,19.076,72.8777
2023-11-06,RES-A,Reservoir A,94.543,0.508,1.256,1.0,23.15,3.95,1.15,320.0,1.117,0.161,autumn,11,19.076,72.8777
2023-11-07,RES-A,Reservoir A,94.621,1.417,1.097,1.53,22.48,3.63,1.76,320.0,0.97,0.156,autumn,11,19.076,72.8777
2023-11-08,RES-A,Reservoir A,94.778,1.112,1.302,0.63,21.6,3.0,0.75,320.0,1.159,0.082,autumn,11,19.076,72.8777
2023-11-09,RES-A,Reservoir A,94.522,1.168,1.36,1.3,23.16,3.18,1.54,320.0,1.168,0.104,autumn,11,19.076,72.8777
2023-11-10,RES-A,Reservoir A,94.071,1.221,1.401,0.22,21.6,3.23,0.25,320.0,1.223,0.084,autumn,11,19.076,72.8777
2023-11-11,RES-A,Reservoir A,93.969,1.279,1.12,0.39,22.07,2.9,0.45,320.0,1.008,0.077,autumn,11,19.076,72.8777
2023-11-12,RES-A,Reservoir A,93.894,0.931,1.196,0.3,20.72,3.34,0.36,320.0,1.039,0.101,autumn,11,19.076,72.8777
2023-11-13,RES-A,Reservoir A,94.077,1.368,1.028,1.34,21.15,3.15,1.6,320.0,0.803,0.105,autumn,11,19.076,72.8777
2023-11-14,RES-A,Reservoir A,93.912,1.177,0.835,0.85,20.23,3.01,0.95,320.0,0.727,0.147,autumn,11,19.076,72.8777
2023-11-15,RES-A,Reservoir A,94.182,0.856,0.981,0.19,22.26,3.38,0.22,320.0,0.824,0.093,autumn,11,19.076,72.8777
2023-11-16,RES-A,Reservoir A,93.988,0.89,0.797,0.23,19.66,3.38,0.29,320.0,0.656,0.097,autumn,11,19.076,72.8777
2023-11-17,RES-A,Reservoir A,93.893,1.504,0.871,1.58,22.01,3.19,1.74,320.0,0.724,0.202,autumn,11,19.076,72.8777
2023-11-18,RES-A,Reservoir A,93.816,0.957,0.572,0.14,20.84,2.97,0.17,320.0,0.503,0.074,autumn,11,19.076,72.8777
2023-11-19,RES-A,Reservoir A,94.321,1.188,0.74,0.25,22.48,3.65,0.29,320.0,0.519,0.071,autumn,11,19.076,72.8777
2023-11-20,RES-A,Reservoir A,94.148,0.482,0.858,0.23,21.97,3.43,0.27,320.0,0.747,0.075,autumn,11,19.076,72.8777
2023-11-21,RES-A,Reservoir A,93.722,0.439,0.997,0.01,23.26,3.19,0.02,320.0,0.795,0.075,autumn,11,19.076,72.8777
2023-11-22,RES-A,Reservoir A,93.964,0.406,0.655,0.45,21.95,3.14,0.49,320.0,0.536,0.1,autumn,11,19.076,72.8777
2023-11-23,RES-A,Reservoir A,94.802,1.238,0.934,0.27,19.19,2.86,0.33,320.0,0.815,0.069,autumn,11,19.076,72.8777
2023-11-24,RES-A,Reservoir A,94.871,0.92,0.884,0.07,20.99,3.13,0.08,320.0,0.673,0.023,autumn,11,19.076,72.8777
2023-11-25,RES-A,Reservoir A,95.291,0.981,1.0,0.01,19.67,2.45,0.01,320.0,0.801,0.064,autumn,11,19.076,72.8777
2023-11-26,RES-A,Reservoir A,95.409,0.435,1.221,0.28,20.45,2.49,0.32,320.0,1.061,0.105,autumn,11,19.076,72.8777
2023-11-27,RES-A,Reservoir A,95.4,1.853,1.209,0.86,22.89,2.98,1.06,320.0,1.021,0.127,autumn,11,19.076,72.8777
2023-11-28,RES-A,Reservoir A,95.342,0.972,1.207,0.77,21.84,2.83,0.96,320.0,1.071,0.155,autumn,11,19.076,72.8777
2023-11-29,RES-A,Reservoir A,94.739,0.926,1.438,0.14,20.23,2.73,0.16,320.0,1.288,0.145,autumn,11,19.076,72.8777
2023-11-30,RES-A,Reservoir A,94.706,1.188,1.058,0.18,19.86,3.07,0.2,320.0,0.941,0.112,autumn,11,19.076,72.8777
2023-12-01,RES-A,Reservoir A,94.327,0.619,1.133,0.33,24.04,3.33,0.4,320.0,0.938,0.138,winter,12,19.076,72.8777
2023-12-02,RES-A,Reservoir A,94.028,0.632,1.124,0.05,22.54,3.26,0.06,320.0,1.008,0.105,winter,12,19.076,72.8777
2023-12-03,RES-A,Reservoir A,93.708,1.118,1.324,0.51,23.19,2.92,0.63,320.0,1.1,0.157,winter,12,19.076,72.8777
2023-12-04,RES-A,Reservoir A,93.904,1.874,0.93,0.15,24.37,3.29,0.17,320.0,0.795,0.143,winter,12,19.076,72.8777
2023-12-05,RES-A,Reservoir A,94.142,1.428,1.269,1.06,25.39,3.72,1.21,320.0,1.118,0.162,winter,12,19.076,72.8777
2023-12-06,RES-A,Reservoir A,94.214,1.618,1.244,0.52,24.73,3.65,0.59,320.0,1.056,0.127,winter,12,19.076,72.8777
2023-12-07,RES-A,Reservoir A,93.535,1.315,1.385,0.19,21.25,2.83,0.23,320.0,1.234,0.083,winter,12,19.076,72.8777
2023-12-08,RES-A,Reservoir A,93.293,1.343,1.274,0.83,24.37,3.47,1.03,320.0,1.139,0.12,winter,12,19.076,72.8777
2023-12-09,RES-A,Reservoir A,92.726,1.012,1.105,1.14,24.09,4.05,1.26,320.0,0.957,0.127,winter,12,19.076,72.8777
2023-12-10,RES-A,Reservoir A,92.834,1.366,1.285,0.39,24.5,3.43,0.47,320.0,1.09,0.118,winter,12,19.076,72.8777
2023-12-11,RES-A,Reservoir A,92.743,0.356,1.177,0.16,25.94,3.4,0.2,320.0,1.06,0.066,winter,12,19.076,72.8777
2023-12-12,RES-A,Reservoir A,93.227,2.172,0.928,1.66,21.52,3.03,1.84,320.0,0.785,0.157,winter,12,19.076,72.8777
2023-12-13,RES-A,Reservoir A,93.077,1.365,0.925,1.01,23.29,3.32,1.13,320.0,0.774,0.06,winter,12,19.076,72.8777
2023-12-14,RES-A,Reservoir A,93.116,0.478,0.658,1.22,24.71,3.42,1.47,320.0,0.465,0.193,winter,12,19.076,72.8777
2023-12-15,RES-A,Reservoir A,93.017,0.958,0.734,0.56,22.1,3.14,0.67,320.0,0.589,0.101,winter,12,19.076,72.8777
2023-12-16,RES-A,Reservoir A,92.756,1.284,0.843,0.52,25.77,3.16,0.58,320.0,0.603,0.12,winter,12,19.076,72.8777
2023-12-17,RES-A,Reservoir A,93.075,1.014,0.837,0.6,24.44,3.14,0.73,320.0,0.695,0.153,winter,12,19.076,72.8777
2023-12-18,RES-A,Reservoir A,93.491,1.095,0.659,0.09,25.02,3.46,0.11,320.0,0.52,0.094,winter,12,19.076,72.8777
2023-12-19,RES-A,Reservoir A,93.832,0.736,0.716,0.47,23.31,3.25,0.58,320.0,0.574,0.147,winter,12,19.076,72.8777
2023-12-20,RES-A,Reservoir A,93.555,0.39,0.552,0.1,24.98,3.33,0.12,320.0,0.468,0.048,winter,12,19.076,72.8777
2023-12-21,RES-A,Reservoir A,93.991,0.849,0.786,0.15,25.28,3.48,0.18,320.0,0.688,0.159,winter,12,19.076,72.8777
2023-12-22,RES-A,Reservoir A,93.828,0.909,0.871,0.2,24.28,3.43,0.23,320.0,0.747,0.122,winter,12,19.076,72.8777
2023-12-23,RES-A,Reservoir A,94.069,1.033,0.981,0.72,24.28,3.68,0.82,320.0,0.775,0.122,winter,12,19.076,72.8777
2023-12-24,RES-A,Reservoir A,94.048,1.407,0.903,0.36,24.32,3.39,0.42,320.0,0.755,0.141,winter,12,19.076,72.8777
2023-12-25,RES-A,Reservoir A,93.954,0.678,0.693,0.36,22.96,3.38,0.4,320.0,0.567,0.063,winter,12,19.076,72.8777
2023-12-26,RES-A,Reservoir A,93.168,1.177,0.966,0.54,23.82,3.2,0.65,320.0,0.755,0.098,winter,12,19.076,72.8777
2023-12-27,RES-A,Reservoir A,93.041,0.998,1.066,0.36,23.82,3.53,0.4,320.0,0.839,0.141,winter,12,19.076,72.8777
2023-12-28,RES-A,Reservoir A,92.891,0.567,1.104,0.63,24.46,3.55,0.74,320.0,0.891,0.055,winter,12,19.076,72.8777
2023-12-29,RES-A,Reservoir A,92.501,0.357,1.12,0.04,25.2,3.78,0.04,320.0,1.013,0.099,winter,12,19.076,72.8777
2023-12-30,RES-A,Reservoir A,92.968,0.929,1.386,0.25,22.73,3.44,0.29,320.0,1.261,0.109,winter,12,19.076,72.8777
2023-12-31,RES-A,Reservoir A,92.635,1.676,1.448,0.37,23.85,3.54,0.42,320.0,1.208,0.158,winter,12,19.076,72.8777
2024-01-01,RES-A,Reservoir A,92.387,1.032,1.13,0.06,29.78,4.04,0.07,320.0,0.968,0.035,winter,1,19.076,72.8777
2024-01-02,RES-A,Reservoir A,91.748,0.349,1.376,0.31,27.11,3.83,0.37,320.0,1.24,0.144,winter,1,19.076,72.8777
2024-01-03,RES-A,Reservoir A,91.106,0.05,1.431,0.31,27.01,4.06,0.35,320.0,1.245,0.079,winter,1,19.076,72.8777
2024-01-04,RES-A,Reservoir A,91.502,1.363,1.228,0.61,28.24,3.69,0.75,320.0,1.028,0.097,winter,1,19.076,72.8777
2024-01-05,RES-A,Reservoir A,91.84,0.864,1.387,0.2,29.01,3.79,0.24,320.0,1.265,0.053,winter,1,19.076,72.8777
2024-01-06,RES-A,Reservoir A,91.65,1.469,1.253,0.55,28.01,3.92,0.63,320.0,1.092,0.075,winter,1,19.076,72.8777
2024-01-07,RES-A,Reservoir A,91.315,0.831,1.071,0.68,29.59,4.18,0.82,320.0,0.874,0.126,winter,1,19.076,72.8777
2024-01-08,RES-A,Reservoir A,90.901,1.213,1.207,0.59,29.03,3.74,0.68,320.0,1.115,0.076,winter,1,19.076,72.8777
2024-01-09,RES-A,Reservoir A,91.347,1.175,1.185,0.16,29.01,3.96,0.18,320.0,1.034,0.11,winter,1,19.076,72.8777
2024-01-10,RES-A,Reservoir A,91.715,0.966,1.012,0.65,28.66,3.91,0.77,320.0,0.918,0.093,winter,1,19.076,72.8777
2024-01-11,RES-A,Reservoir A,91.652,0.945,0.995,0.6,30.79,3.53,0.67,320.0,0.894,0.074,winter,1,19.076,72.8777
2024-01-12,RES-A,Reservoir A,91.165,0.906,0.862,0.2,27.75,3.76,0.24,320.0,0.74,0.074,winter,1,19.076,72.8777
2024-01-13,RES-A,Reservoir A,90.698,1.056,1.064,0.13,25.6,3.52,0.16,320.0,0.89,0.097,winter,1,19.076,72.8777
2024-01-14,RES-A,Reservoir A,90.748,0.888,0.88,0.19,29.93,4.04,0.23,320.0,0.747,0.081,winter,1,19.076,72.8777
2024-01-15,RES-A,Reservoir A,91.029,1.184,0.857,0.09,27.45,4.22,0.1,320.0,0.739,0.085,winter,1,19.076,72.8777
2024-01-16,RES-A,Reservoir A,90.288,0.841,0.89,0.41,28.13,3.51,0.49,320.0,0.737,0.121,winter,1,19.076,72.8777
2024-01-17,RES-A,Reservoir A,90.153,0.52,0.582,0.37,29.57,3.8,0.46,320.0,0.489,0.131,winter,1,19.076,72.8777
2024-01-18,RES-A,Reservoir A,91.012,1.638,0.689,0.3,26.08,2.85,0.34,320.0,0.517,0.086,winter,1,19.076,72.8777
2024-01-19,RES-A,Reservoir A,90.969,0.674,0.526,0.18,26.5,3.54,0.19,320.0,0.32,0.057,winter,1,19.076,72.8777
2024-01-20,RES-A,Reservoir A,91.399,0.628,0.893,0.05,26.08,3.51,0.06,320.0,0.747,0.085,winter,1,19.076,72.8777
2024-01-21,RES-A,Reservoir A,91.845,1.34,0.642,1.14,27.05,3.59,1.32,320.0,0.502,0.151,winter,1,19.076,72.8777
2024-01-22,RES-A,Reservoir A,91.489,1.034,0.903,0.43,28.53,4.26,0.49,320.0,0.734,0.058,winter,1,19.076,72.8777
2024-01-23,RES-A,Reservoir A,91.43,1.035,0.857,0.76,28.63,4.19,0.84,320.0,0.809,0.091,winter,1,19.076,72.8777
2024-01-24,RES-A,Reservoir A,91.43,1.237,1.066,0.89,28.33,3.92,1.06,320.0,0.889,0.103,winter,1,19.076,72.8777
2024-01-25,RES-A,Reservoir A,91.151,1.161,0.973,0.76,26.3,3.55,0.87,320.0,0.667,0.112,winter,1,19.076,72.8777
2024-01-26,RES-A,Reservoir A,90.788,0.997,1.034,0.28,25.23,3.84,0.31,320.0,0.89,0.071,winter,1,19.076,72.8777
2024-01-27,RES-A,Reservoir A,90.958,0.219,1.347,0.5,28.07,3.86,0.55,320.0,1.203,0.126,winter,1,19.076,72.8777
2024-01-28,RES-A,Reservoir A,90.606,1.47,1.446,0.02,27.43,3.55,0.03,320.0,1.259,0.033,winter,1,19.076,72.8777
2024-01-29,RES-A,Reservoir A,90.895,1.173,1.427,0.85,28.55,3.41,1.05,320.0,1.195,0.075,winter,1,19.076,72.8777
2024-01-30,RES-A,Reservoir A,90.818,1.589,1.335,1.19,28.84,3.83,1.37,320.0,1.136,0.129,winter,1,19.076,72.8777
2024-01-31,RES-A,Reservoir A,90.802,0.997,1.008,1.37,28.17,4.11,1.65,320.0,0.966,0.143,winter,1,19.076,72.8777
2024-02-01,RES-A,Reservoir A,90.748,0.704,1.424,0.14,32.91,5.13,0.17,320.0,1.246,0.043,winter,2,19.076,72.8777
2024-02-02,RES-A,Reservoir A,90.279,0.626,1.404,0.12,32.28,4.39,0.14,320.0,1.125,0.068,winter,2,19.076,72.8777
2024-02-03,RES-A,Reservoir A,90.487,1.485,1.414,0.34,32.64,4.19,0.42,320.0,1.233,0.085,winter,2,19.076,72.8777
2024-02-04,RES-A,Reservoir A,89.672,0.849,1.135,0.51,31.15,3.88,0.62,320.0,1.043,0.094,winter,2,19.076,72.8777
2024-02-05,RES-A,Reservoir A,89.826,1.293,1.255,0.46,31.78,4.48,0.54,320.0,1.091,0.108,winter,2,19.076,72.8777
2024-02-06,RES-A,Reservoir A,88.913,1.06,1.196,1.0,32.24,3.84,1.1,320.0,1.11,0.11,winter,2,19.076,72.8777
2024-02-07,RES-A,Reservoir A,88.68,0.826,1.296,0.38,32.98,4.62,0.42,320.0,1.084,0.143,winter,2,19.076,72.8777
2024-02-08,RES-A,Reservoir A,88.881,0.896,1.178,0.36,31.53,4.53,0.45,320.0,1.076,0.113,winter,2,19.076,72.8777
2024-02-09,RES-A,Reservoir A,89.214,1.442,1.019,0.39,32.63,4.55,0.47,320.0,0.865,0.075,winter,2,19.076,72.8777
2024-02-10,RES-A,Reservoir A,88.584,0.28,0.806,0.28,31.68,4.24,0.35,320.0,0.699,0.097,winter,2,19.076,72.8777
2024-02-11,RES-A,Reservoir A,87.931,0.477,1.214,0.27,31.86,4.49,0.34,320.0,1.092,0.097,winter,2,19.076,72.8777
2024-02-12,RES-A,Reservoir A,87.312,0.213,1.396,0.19,33.0,4.51,0.21,320.0,1.172,0.126,winter,2,19.076,72.8777
2024-02-13,RES-A,Reservoir A,87.202,0.457,0.975,0.08,29.61,3.82,0.09,320.0,0.82,0.066,winter,2,19.076,72.8777
2024-02-14,RES-A,Reservoir A,86.464,0.592,0.638,0.15,30.44,4.71,0.18,320.0,0.516,0.111,winter,2,19.076,72.8777
2024-02-15,RES-A,Reservoir A,86.326,0.272,0.66,0.08,30.22,4.02,0.09,320.0,0.568,0.085,winter,2,19.076,72.8777
2024-02-16,RES-A,Reservoir A,86.403,0.706,0.795,0.33,29.2,4.24,0.37,320.0,0.739,0.141,winter,2,19.076,72.8777
2024-02-17,RES-A,Reservoir A,86.332,0.994,0.94,1.83,31.19,3.52,2.09,320.0,0.853,0.21,winter,2,19.076,72.8777
2024-02-18,RES-A,Reservoir A,86.514,0.663,0.625,0.44,32.9,4.83,0.53,320.0,0.469,0.108,winter,2,19.076,72.8777
2024-02-19,RES-A,Reservoir A,86.756,1.416,0.843,0.39,31.66,4.74,0.48,320.0,0.644,0.092,winter,2,19.076,72.8777
2024-02-20,RES-A,Reservoir A,86.654,1.144,0.835,0.41,32.24,4.38,0.49,320.0,0.713,0.116,winter,2,19.076,72.8777
2024-02-21,RES-A,Reservoir A,85.914,0.927,1.072,0.12,33.31,4.66,0.14,320.0,0.844,0.081,winter,2,19.076,72.8777
2024-02-22,RES-A,Reservoir A,85.891,0.613,0.816,0.33,33.59,4.7,0.38,320.0,0.702,0.147,winter,2,19.076,72.8777
2024-02-23,RES-A,Reservoir A,85.426,0.32,0.702,0.11,31.92,4.14,0.14,320.0,0.564,0.088,winter,2,19.076,72.8777
2024-02-24,RES-A,Reservoir A,85.095,0.671,1.037,0.55,33.62,4.7,0.64,320.0,0.941,0.095,winter,2,19.076,72.8777
2024-02-25,RES-A,Reservoir A,85.246,1.241,1.268,0.93,32.11,4.11,1.08,320.0,1.069,0.112,winter,2,19.076,72.8777
2024-02-26,RES-A,Reservoir A,85.715,1.165,1.194,0.12,31.0,4.04,0.15,320.0,0.94,0.05,winter,2,19.076,72.8777
2024-02-27,RES-A,Reservoir A,85.907,1.789,1.124,1.37,31.29,4.59,1.59,320.0,1.062,0.165,winter,2,19.076,72.8777
2024-02-28,RES-A,Reservoir A,86.235,1.57,1.108,1.11,30.22,4.42,1.31,320.0,0.976,0.111,winter,2,19.076,72.8777
2024-02-29,RES-A,Reservoir A,85.525,0.542,1.172,0.0,30.93,4.0,0.0,320.0,0.959,0.113,winter,2,19.076,72.8777
2024-03-01,RES-A,Reservoir A,85.458,0.92,1.348,0.22,34.5,4.42,0.27,320.0,1.27,0.052,summer,3,19.076,72.8777
2024-03-02,RES-A,Reservoir A,85.224,0.741,1.374,0.11,35.89,4.61,0.13,320.0,1.196,0.089,summer,3,19.076,72.8777
2024-03-03,RES-A,Reservoir A,85.434,0.772,1.433,0.09,36.99,5.16,0.11,320.0,1.222,0.119,summer,3,19.076,72.8777
2024-03-04,RES-A,Reservoir A,85.359,1.949,1.528,0.88,33.27,4.19,1.04,320.0,1.374,0.059,summer,3,19.076,72.8777
2024-03-05,RES-A,Reservoir A,85.064,0.493,1.157,0.63,35.4,4.85,0.73,320.0,0.98,0.172,summer,3,19.076,72.8777
2024-03-06,RES-A,Reservoir A,85.296,0.882,1.272,0.33,33.68,4.77,0.4,320.0,1.034,0.084,summer,3,19.076,72.8777
2024-03-07,RES-A,Reservoir A,85.339,1.63,1.357,0.82,35.5,4.73,1.0,320.0,1.109,0.125,summer,3,19.076,72.8777
2024-03-08,RES-A,Reservoir A,84.796,0.646,1.109,0.72,34.77,4.98,0.86,320.0,0.962,0.133,summer,3,19.076,72.8777
2024-03-09,RES-A,Reservoir A,85.477,0.598,1.243,0.05,32.73,4.34,0.06,320.0,1.119,0.104,summer,3,19.076,72.8777
2024-03-10,RES-A,Reservoir A,84.961,0.636,1.028,0.04,36.04,4.76,0.05,320.0,0.924,0.09,summer,3,19.076,72.8777
2024-03-11,RES-A,Reservoir A,84.973,1.074,0.95,0.71,34.2,4.31,0.85,320.0,0.751,0.145,summer,3,19.076,72.8777
2024-03-12,RES-A,Reservoir A,84.869,0.267,0.939,0.05,34.29,4.92,0.06,320.0,0.858,0.098,summer,3,19.076,72.8777
2024-03-13,RES-A,Reservoir A,85.123,1.471,0.961,0.94,33.64,4.31,1.07,320.0,0.824,0.18,summer,3,19.076,72.8777
2024-03-14,RES-A,Reservoir A,85.121,1.289,1.048,0.52,34.14,4.7,0.61,320.0,0.893,0.122,summer,3,19.076,72.8777
2024-03-15,RES-A,Reservoir A,85.178,1.294,0.898,0.64,35.44,4.73,0.76,320.0,0.773,0.171,summer,3,19.076,72.8777
2024-03-16,RES-A,Reservoir A,84.996,0.625,0.917,0.27,34.7,4.35,0.29,320.0,0.753,0.12,summer,3,19.076,72.8777
2024-03-17,RES-A,Reservoir A,84.557,0.908,0.989,0.16,35.32,4.56,0.19,320.0,0.71,0.034,summer,3,19.076,72.8777
2024-03-18,RES-A,Reservoir A,85.247,0.586,0.767,0.2,35.36,5.16,0.24,320.0,0.623,0.169,summer,3,19.076,72.8777
2024-03-19,RES-A,Reservoir A,85.163,0.714,0.672,0.06,36.51,4.94,0.07,320.0,0.544,0.066,summer,3,19.076,72.8777
2024-03-20,RES-A,Reservoir A,85.601,1.66,0.906,0.21,34.52,4.34,0.26,320.0,0.706,0.136,summer,3,19.076,72.8777
2024-03-21,RES-A,Reservoir A,85.576,1.125,0.796,0.59,33.16,4.57,0.71,320.0,0.634,0.11,summer,3,19.076,72.8777
2024-03-22,RES-A,Reservoir A,85.356,0.898,1.19,1.03,36.21,4.8,1.25,320.0,0.968,0.163,summer,3,19.076,72.8777
2024-03-23,RES-A,Reservoir A,85.098,0.879,1.113,0.03,34.53,5.68,0.04,320.0,0.954,0.061,summer,3,19.076,72.8777
2024-03-24,RES-A,Reservoir A,84.481,0.819,1.031,0.99,36.27,4.94,1.21,320.0,0.893,0.148,summer,3,19.076,72.8777
2024-03-25,RES-A,Reservoir A,84.472,1.132,0.966,1.53,35.39,4.63,1.77,320.0,0.905,0.149,summer,3,19.076,72.8777
2024-03-26,RES-A,Reservoir A,84.368,1.086,0.956,1.31,34.77,5.1,1.56,320.0,0.887,0.193,summer,3,19.076,72.8777
2024-03-27,RES-A,Reservoir A,84.775,0.837,0.821,0.4,35.35,4.19,0.43,320.0,0.763,0.113,summer,3,19.076,72.8777
2024-03-28,RES-A,Reservoir A,84.499,1.616,1.138,0.98,37.27,5.0,1.18,320.0,0.969,0.157,summer,3,19.076,72.8777
2024-03-29,RES-A,Reservoir A,84.337,1.359,1.144,0.72,37.42,5.59,0.87,320.0,1.062,0.051,summer,3,19.076,72.8777
2024-03-30,RES-A,Reservoir A,83.957,1.171,1.333,0.38,35.01,4.67,0.45,320.0,1.12,0.096,summer,3,19.076,72.8777
2024-03-31,RES-A,Reservoir A,84.23,0.621,1.338,0.42,35.12,4.19,0.49,320.0,1.187,0.113,summer,3,19.076,72.8777
2024-04-01,RES-A,Reservoir A,83.672,0.655,1.414,0.09,37.29,4.86,0.11,320.0,1.276,0.091,summer,4,19.076,72.8777
2024-04-02,RES-A,Reservoir A,83.914,1.325,1.153,0.87,34.99,5.13,1.04,320.0,1.045,0.152,summer,4,19.076,72.8777
2024-04-03,RES-A,Reservoir A,84.038,0.6,1.227,0.04,36.4,4.98,0.05,320.0,1.046,0.071,summer,4,19.076,72.8777
2024-04-04,RES-A,Reservoir A,83.827,0.99,1.465,0.58,35.97,4.56,0.72,320.0,1.355,0.11,summer,4,19.076,72.8777
2024-04-05,RES-A,Reservoir A,83.531,1.916,1.333,1.94,36.38,4.66,2.34,320.0,1.232,0.212,summer,4,19.076,72.8777
2024-04-06,RES-A,Reservoir A,82.97,1.034,1.237,0.71,35.0,4.53,0.89,320.0,1.027,0.047,summer,4,19.076,72.8777
2024-04-07,RES-A,Reservoir A,83.223,1.081,1.199,0.4,34.09,4.7,0.5,320.0,1.031,0.118,summer,4,19.076,72.8777
2024-04-08,RES-A,Reservoir A,82.873,1.476,1.125,0.24,33.51,4.92,0.29,320.0,0.986,0.082,summer,4,19.076,72.8777
2024-04-09,RES-A,Reservoir A,83.017,1.209,1.139,0.94,34.66,4.97,1.15,320.0,0.957,0.1,summer,4,19.076,72.8777
2024-04-10,RES-A,Reservoir A,83.077,1.236,1.121,0.05,35.45,4.89,0.06,320.0,0.971,0.092,summer,4,19.076,72.8777
2024-04-11,RES-A,Reservoir A,83.129,1.161,1.397,0.34,35.65,4.38,0.38,320.0,1.228,0.134,summer,4,19.076,72.8777
2024-04-12,RES-A,Reservoir A,83.2,0.655,0.936,0.75,38.32,4.7,0.88,320.0,0.827,0.148,summer,4,19.076,72.8777
2024-04-13,RES-A,Reservoir A,82.67,0.516,1.106,0.2,37.33,5.14,0.25,320.0,0.852,0.086,summer,4,19.076,72.8777
2024-04-14,RES-A,Reservoir A,82.335,0.63,0.582,0.25,34.85,4.28,0.29,320.0,0.461,0.119,summer,4,19.076,72.8777
2024-04-15,RES-A,Reservoir A,82.474,0.524,0.839,0.05,36.42,4.8,0.06,320.0,0.611,0.108,summer,4,19.076,72.8777
2024-04-16,RES-A,Reservoir A,82.18,0.808,0.987,0.08,35.51,4.85,0.09,320.0,0.847,0.081,summer,4,19.076,72.8777
2024-04-17,RES-A,Reservoir A,81.237,1.022,0.902,0.01,35.66,4.44,0.02,320.0,0.712,0.06,summer,4,19.076,72.8777
2024-04-18,RES-A,Reservoir A,81.746,1.345,0.387,0.21,36.22,4.54,0.25,320.0,0.2,0.072,summer,4,19.076,72.8777
2024-04-19,RES-A,Reservoir A,81.41,1.089,0.971,0.37,36.74,4.88,0.43,320.0,0.763,0.124,summer,4,19.076,72.8777
2024-04-20,RES-A,Reservoir A,81.451,0.741,1.079,0.2,35.59,4.92,0.22,320.0,0.971,0.089,summer,4,19.076,72.8777
2024-04-21,RES-A,Reservoir A,81.77,0.157,0.619,0.17,37.28,5.29,0.2,320.0,0.415,0.057,summer,4,19.076,72.8777
2024-04-22,RES-A,Reservoir A,81.72,1.113,1.223,0.58,34.63,4.84,0.71,320.0,0.981,0.058,summer,4,19.076,72.8777
2024-04-23,RES-A,Reservoir A,82.369,1.492,0.52,1.38,36.01,4.84,1.62,320.0,0.383,0.174,summer,4,19.076,72.8777
2024-04-24,RES-A,Reservoir A,82.376,1.048,1.14,0.38,39.12,4.97,0.42,320.0,0.989,0.082,summer,4,19.076,72.8777
2024-04-25,RES-A,Reservoir A,83.141,1.729,1.023,0.39,36.27,4.53,0.43,320.0,0.899,0.11,summer,4,19.076,72.8777
2024-04-26,RES-A,Reservoir A,82.941,1.316,0.732,0.17,37.72,4.87,0.19,320.0,0.599,0.126,summer,4,19.076,72.8777
2024-04-27,RES-A,Reservoir A,82.88,1.189,1.304,0.23,36.11,4.96,0.26,320.0,1.069,0.052,summer,4,19.076,72.8777
2024-04-28,RES-A,Reservoir A,82.862,0.566,1.319,0.21,36.7,5.0,0.25,320.0,1.22,0.089,summer,4,19.076,72.8777
2024-04-29,RES-A,Reservoir A,82.837,1.383,1.243,1.53,35.93,4.18,1.87,320.0,1.14,0.151,summer,4,19.076,72.8777
2024-04-30,RES-A,Reservoir A,83.117,1.072,1.435,0.62,35.8,4.56,0.7,320.0,1.204,0.122,summer,4,19.076,72.8777
2024-05-01,RES-A,Reservoir A,82.85,0.909,1.257,0.77,33.99,4.94,0.91,320.0,1.076,0.156,summer,5,19.076,72.8777
2024-05-02,RES-A,Reservoir A,83.521,1.028,1.125,0.11,35.44,4.78,0.12,320.0,0.869,0.045,summer,5,19.076,72.8777
2024-05-03,RES-A,Reservoir A,84.251,1.35,1.38,0.86,33.91,4.14,0.99,320.0,1.252,0.14,summer,5,19.076,72.8777
2024-05-04,RES-A,Reservoir A,84.025,0.564,1.557,0.29,35.73,5.49,0.36,320.0,1.4,0.125,summer,5,19.076,72.8777
2024-05-05,RES-A,Reservoir A,84.154,1.256,1.403,0.07,36.23,4.84,0.09,320.0,1.286,0.078,summer,5,19.076,72.8777
2024-05-06,RES-A,Reservoir A,84.603,1.091,0.945,0.51,35.37,4.86,0.63,320.0,0.788,0.102,summer,5,19.076,72.8777
2024-05-07,RES-A,Reservoir A,83.97,0.234,0.881,0.08,34.58,4.77,0.09,320.0,0.82,0.097,summer,5,19.076,72.8777
2024-05-08,RES-A,Reservoir A,83.458,0.931,1.059,0.3,35.47,4.65,0.35,320.0,0.875,0.105,summer,5,19.076,72.8777
2024-05-09,RES-A,Reservoir A,83.902,0.931,0.879,0.07,34.56,4.43,0.08,320.0,0.713,0.101,summer,5,19.076,72.8777
2024-05-10,RES-A,Reservoir A,84.07,1.335,1.054,0.39,36.05,5.46,0.46,320.0,0.907,0.117,summer,5,19.076,72.8777
2024-05-11,RES-A,Reservoir A,83.876,0.738,1.038,0.11,32.73,4.73,0.14,320.0,0.907,0.056,summer,5,19.076,72.8777
2024-05-12,RES-A,Reservoir A,84.012,1.149,0.689,0.12,34.53,4.89,0.13,320.0,0.584,0.116,summer,5,19.076,72.8777
2024-05-13,RES-A,Reservoir A,83.12,0.906,1.056,0.08,32.54,4.58,0.1,320.0,0.87,0.119,summer,5,19.076,72.8777
2024-05-14,RES-A,Reservoir A,82.87,0.35,0.896,0.02,33.13,4.18,0.03,320.0,0.804,0.087,summer,5,19.076,72.8777
2024-05-15,RES-A,Reservoir A,82.442,0.338,0.777,0.07,36.56,5.27,0.08,320.0,0.601,0.039,summer,5,19.076,72.8777
2024-05-16,RES-A,Reservoir A,82.962,1.56,0.89,0.75,36.0,4.57,0.86,320.0,0.636,0.114,summer,5,19.076,72.8777
2024-05-17,RES-A,Reservoir A,83.531,1.335,0.583,0.24,34.06,4.67,0.28,320.0,0.359,0.098,summer,5,19.076,72.8777
2024-05-18,RES-A,Reservoir A,83.934,1.353,0.676,0.89,33.13,3.98,1.02,320.0,0.602,0.09,summer,5,19.076,72.8777
2024-05-19,RES-A,Reservoir A,84.446,1.988,0.787,1.34,31.37,3.65,1.63,320.0,0.663,0.136,summer,5,19.076,72.8777
2024-05-20,RES-A,Reservoir A,84.224,1.885,0.88,1.45,34.28,4.71,1.7,320.0,0.709,0.11,summer,5,19.076,72.8777
2024-05-21,RES-A,Reservoir A,84.46,1.057,0.918,0.04,37.83,4.8,0.05,320.0,0.771,0.1,summer,5,19.076,72.8777
2024-05-22,RES-A,Reservoir A,84.61,0.675,0.87,0.39,35.45,4.16,0.47,320.0,0.79,0.105,summer,5,19.076,72.8777
2024-05-23,RES-A,Reservoir A,85.178,1.432,0.928,0.05,34.26,4.77,0.06,320.0,0.759,0.033,summer,5,19.076,72.8777
2024-05-24,RES-A,Reservoir A,86.057,1.515,1.04,1.06,35.49,5.39,1.28,320.0,0.891,0.144,summer,5,19.076,72.8777
2024-05-25,RES-A,Reservoir A,85.372,1.04,1.296,0.76,33.06,4.88,0.89,320.0,1.05,0.116,summer,5,19.076,72.8777
2024-05-26,RES-A,Reservoir A,85.1,0.678,1.075,0.22,34.57,4.57,0.28,320.0,0.938,0.107,summer,5,19.076,72.8777
2024-05-27,RES-A,Reservoir A,84.746,1.01,1.258,0.25,35.05,4.71,0.28,320.0,1.049,0.081,summer,5,19.076,72.8777
2024-05-28,RES-A,Reservoir A,84.573,0.418,1.106,0.41,34.82,4.95,0.51,320.0,1.019,0.076,summer,5,19.076,72.8777
2024-05-29,RES-A,Reservoir A,84.637,1.337,1.087,0.59,35.88,5.14,0.72,320.0,0.989,0.086,summer,5,19.076,72.8777
2024-05-30,RES-A,Reservoir A,84.402,0.93,1.381,0.93,35.34,4.64,1.14,320.0,1.195,0.11,summer,5,19.076,72.8777
2024-05-31,RES-A,Reservoir A,84.651,0.958,1.259,0.06,35.73,4.8,0.07,320.0,1.054,0.083,summer,5,19.076,72.8777
2024-06-01,RES-A,Reservoir A,84.677,2.573,1.309,3.93,31.17,4.33,4.81,320.0,1.207,0.281,monsoon,6,19.076,72.8777
2024-06-02,RES-A,Reservoir A,84.726,2.587,1.304,3.82,33.08,4.64,4.38,320.0,1.153,0.265,monsoon,6,19.076,72.8777
2024-06-03,RES-A,Reservoir A,84.902,2.824,1.173,4.6,33.95,4.53,5.59,320.0,1.092,0.298,monsoon,6,19.076,72.8777
2024-06-04,RES-A,Reservoir A,85.155,2.388,1.208,3.36,30.84,4.16,3.76,320.0,1.067,0.237,monsoon,6,19.076,72.8777
2024-06-05,RES-A,Reservoir A,86.087,5.375,1.201,7.96,30.93,4.63,9.12,320.0,1.01,0.553,monsoon,6,19.076,72.8777
2024-06-06,RES-A,Reservoir A,86.724,3.004,0.928,3.49,33.6,4.9,4.07,320.0,0.8,0.231,monsoon,6,19.076,72.8777
2024-06-07,RES-A,Reservoir A,87.424,3.546,1.197,5.33,31.77,4.46,6.12,320.0,1.059,0.33,monsoon,6,19.076,72.8777
2024-06-08,RES-A,Reservoir A,87.096,0.917,1.08,0.25,33.68,5.06,0.3,320.0,0.987,0.192,monsoon,6,19.076,72.8777
2024-06-09,RES-A,Reservoir A,88.24,3.732,1.145,5.3,31.47,4.16,6.48,320.0,1.027,0.357,monsoon,6,19.076,72.8777
2024-06-10,RES-A,Reservoir A,88.783,2.809,1.006,3.29,33.75,5.04,3.74,320.0,0.768,0.203,monsoon,6,19.076,72.8777
2024-06-11,RES-A,Reservoir A,90.832,6.346,1.236,11.74,32.16,4.52,14.23,320.0,1.083,0.693,monsoon,6,19.076,72.8777
2024-06-12,RES-A,Reservoir A,91.389,2.776,0.796,4.1,32.31,5.36,4.55,320.0,0.696,0.258,monsoon,6,19.076,72.8777
2024-06-13,RES-A,Reservoir A,92.89,5.32,0.717,10.37,33.88,4.21,12.6,320.0,0.583,0.626,monsoon,6,19.076,72.8777
2024-06-14,RES-A,Reservoir A,94.398,5.871,0.605,9.4,31.57,4.08,11.46,320.0,0.534,0.544,monsoon,6,19.076,72.8777
2024-06-15,RES-A,Reservoir A,96.256,6.266,0.501,9.62,30.87,4.33,11.17,320.0,0.402,0.548,monsoon,6,19.076,72.8777
2024-06-16,RES-A,Reservoir A,97.105,2.938,1.099,4.25,31.46,4.39,5.13,320.0,0.881,0.341,monsoon,6,19.076,72.8777
2024-06-17,RES-A,Reservoir A,97.573,2.868,1.0,5.64,32.54,4.99,6.97,320.0,0.857,0.379,monsoon,6,19.076,72.8777
2024-06-18,RES-A,Reservoir A,98.0,4.881,0.997,7.77,30.12,3.91,9.48,320.0,0.752,0.498,monsoon,6,19.076,72.8777
2024-06-19,RES-A,Reservoir A,98.0,3.341,0.694,5.8,32.76,4.7,6.72,320.0,0.549,0.383,monsoon,6,19.076,72.8777
2024-06-20,RES-A,Reservoir A,98.0,2.595,1.134,4.11,31.35,4.61,4.81,320.0,0.986,0.272,monsoon,6,19.076,72.8777
2024-06-21,RES-A,Reservoir A,98.0,1.966,0.882,1.9,33.38,4.72,2.32,320.0,0.7,0.194,monsoon,6,19.076,72.8777
2024-06-22,RES-A,Reservoir A,98.0,3.538,0.774,5.39,29.13,3.71,6.17,320.0,0.758,0.386,monsoon,6,19.076,72.8777
2024-06-23,RES-A,Reservoir A,97.94,0.995,1.224,0.74,31.06,4.65,0.9,320.0,1.064,0.121,monsoon,6,19.076,72.8777
2024-06-24,RES-A,Reservoir A,98.0,1.257,1.146,1.39,29.98,4.47,1.6,320.0,0.999,0.204,monsoon,6,19.076,72.8777
2024-06-25,RES-A,Reservoir A,98.0,5.587,1.506,9.53,31.01,4.4,11.63,320.0,1.282,0.582,monsoon,6,19.076,72.8777
2024-06-26,RES-A,Reservoir A,98.0,3.894,1.237,6.62,32.3,4.44,7.37,320.0,1.039,0.417,monsoon,6,19.076,72.8777
2024-06-27,RES-A,Reservoir A,98.0,5.107,1.081,9.61,31.78,4.38,10.64,320.0,0.987,0.568,monsoon,6,19.076,72.8777
2024-06-28,RES-A,Reservoir A,97.748,1.933,1.206,2.5,31.7,4.28,3.12,320.0,0.994,0.209,monsoon,6,19.076,72.8777
2024-06-29,RES-A,Reservoir A,98.0,7.27,0.976,12.74,31.81,4.51,15.68,320.0,0.839,0.68,monsoon,6,19.076,72.8777
2024-06-30,RES-A,Reservoir A,98.0,1.178,1.201,0.88,32.24,4.38,1.09,320.0,1.096,0.121,monsoon,6,19.076,72.8777
2024-07-01,RES-A,Reservoir A,97.863,1.037,1.48,1.46,26.79,3.46,1.82,320.0,1.32,0.16,monsoon,7,19.076,72.8777
2024-07-02,RES-A,Reservoir A,98.0,7.343,1.378,12.56,28.85,3.65,14.64,320.0,1.238,0.696,monsoon,7,19.076,72.8777
2024-07-03,RES-A,Reservoir A,98.0,2.882,1.368,6.19,28.8,3.73,7.07,320.0,1.141,0.399,monsoon,7,19.076,72.8777
2024-07-04,RES-A,Reservoir A,98.0,5.373,1.134,9.66,28.46,3.98,10.82,320.0,0.967,0.564,monsoon,7,19.076,72.8777
2024-07-05,RES-A,Reservoir A,98.0,3.865,1.28,6.64,28.67,3.93,7.81,320.0,1.12,0.435,monsoon,7,19.076,72.8777
2024-07-06,RES-A,Reservoir A,98.0,2.288,1.394,2.93,28.36,3.97,3.32,320.0,1.199,0.246,monsoon,7,19.076,72.8777
2024-07-07,RES-A,Reservoir A,97.641,1.614,1.271,1.24,30.44,4.3,1.54,320.0,1.066,0.147,monsoon,7,19.076,72.8777
2024-07-08,RES-A,Reservoir A,97.97,1.374,1.166,0.37,27.9,3.66,0.4,320.0,0.977,0.057,monsoon,7,19.076,72.8777
2024-07-09,RES-A,Reservoir A,98.0,10.928,1.001,21.19,27.63,4.26,23.76,320.0,0.78,1.193,monsoon,7,19.076,72.8777
2024-07-10,RES-A,Reservoir A,98.0,1.286,1.159,0.57,27.1,3.67,0.65,320.0,0.978,0.104,monsoon,7,19.076,72.8777
2024-07-11,RES-A,Reservoir A,98.0,8.991,0.487,16.56,26.76,3.58,18.71,320.0,0.329,0.906,monsoon,7,19.076,72.8777
2024-07-12,RES-A,Reservoir A,98.0,3.084,1.022,5.87,26.51,3.83,6.66,320.0,0.81,0.363,monsoon,7,19.076,72.8777
2024-07-13,RES-A,Reservoir A,98.0,4.853,1.245,6.83,26.93,3.18,8.19,320.0,1.1,0.407,monsoon,7,19.076,72.8777
2024-07-14,RES-A,Reservoir A,98.0,3.461,0.609,6.43,27.92,3.61,7.39,320.0,0.457,0.448,monsoon,7,19.076,72.8777
2024-07-15,RES-A,Reservoir A,98.0,5.235,0.862,8.66,28.4,4.2,10.32,320.0,0.626,0.554,monsoon,7,19.076,72.8777
2024-07-16,RES-A,Reservoir A,98.0,2.046,0.881,2.23,28.06,3.35,2.74,320.0,0.65,0.205,monsoon,7,19.076,72.8777
2024-07-17,RES-A,Reservoir A,98.0,0.971,0.732,0.15,27.08,4.09,0.18,320.0,0.582,0.084,monsoon,7,19.076,72.8777
2024-07-18,RES-A,Reservoir A,97.86,2.046,0.945,2.86,29.08,4.44,3.44,320.0,0.818,0.241,monsoon,7,19.076,72.8777
2024-07-19,RES-A,Reservoir A,98.0,5.044,0.978,8.03,28.89,3.86,9.27,320.0,0.754,0.484,monsoon,7,19.076,72.8777
2024-07-20,RES-A,Reservoir A,97.128,0.981,0.927,1.48,27.81,3.92,1.67,320.0,0.737,0.148,monsoon,7,19.076,72.8777
2024-07-21,RES-A,Reservoir A,98.0,7.17,1.038,13.0,27.22,4.1,14.92,320.0,0.873,0.74,monsoon,7,19.076,72.8777
2024-07-22,RES-A,Reservoir A,98.0,2.945,0.935,4.69,28.66,3.8,5.84,320.0,0.801,0.301,monsoon,7,19.076,72.8777
2024-07-23,RES-A,Reservoir A,97.853,1.209,1.492,1.3,28.23,4.15,1.56,320.0,1.325,0.153,monsoon,7,19.076,72.8777
2024-07-24,RES-A,Reservoir A,98.0,3.962,1.072,6.13,26.26,3.45,7.0,320.0,0.923,0.393,monsoon,7,19.076,72.8777
2024-07-25,RES-A,Reservoir A,98.0,5.081,1.098,7.91,27.92,3.71,9.24,320.0,0.981,0.494,monsoon,7,19.076,72.8777
2024-07-26,RES-A,Reservoir A,98.0,4.875,0.902,8.42,28.31,3.66,10.32,320.0,0.745,0.483,monsoon,7,19.076,72.8777
2024-07-27,RES-A,Reservoir A,98.0,7.31,1.129,12.57,26.92,3.83,15.09,320.0,0.965,0.73,monsoon,7,19.076,72.8777
2024-07-28,RES-A,Reservoir A,97.971,1.203,1.389,0.78,28.23,4.23,0.92,320.0,1.258,0.092,monsoon,7,19.076,72.8777
2024-07-29,RES-A,Reservoir A,98.0,6.764,1.111,12.59,26.25,3.6,15.52,320.0,0.916,0.692,monsoon,7,19.076,72.8777
2024-07-30,RES-A,Reservoir A,98.0,7.429,1.029,13.55,29.6,3.67,16.27,320.0,0.814,0.741,monsoon,7,19.076,72.8777
2024-07-31,RES-A,Reservoir A,97.974,1.311,1.352,1.24,29.5,3.71,1.49,320.0,1.153,0.11,monsoon,7,19.076,72.8777
2024-08-01,RES-A,Reservoir A,98.0,1.349,1.49,1.62,23.7,3.46,1.82,320.0,1.354,0.191,monsoon,8,19.076,72.8777
2024-08-02,RES-A,Reservoir A,98.0,5.882,1.332,10.08,24.44,3.99,11.25,320.0,1.144,0.555,monsoon,8,19.076,72.8777
2024-08-03,RES-A,Reservoir A,97.873,2.635,1.22,3.51,21.11,3.15,4.37,320.0,1.066,0.234,monsoon,8,19.076,72.8777
2024-08-04,RES-A,Reservoir A,98.0,7.765,0.895,15.19,22.61,3.1,18.07,320.0,0.807,0.877,monsoon,8,19.076,72.8777
2024-08-05,RES-A,Reservoir A,98.0,9.415,1.298,18.65,23.65,3.57,21.67,320.0,1.115,0.995,monsoon,8,19.076,72.8777
2024-08-06,RES-A,Reservoir A,98.0,1.593,1.258,1.3,22.71,3.15,1.55,320.0,1.101,0.139,monsoon,8,19.076,72.8777
2024-08-07,RES-A,Reservoir A,97.922,1.576,0.964,2.17,24.86,3.37,2.41,320.0,0.685,0.158,monsoon,8,19.076,72.8777
2024-08-08,RES-A,Reservoir A,98.0,3.812,1.293,5.84,26.4,3.38,7.14,320.0,1.07,0.397,monsoon,8,19.076,72.8777
2024-08-09,RES-A,Reservoir A,98.0,1.141,1.148,0.14,22.59,3.63,0.16,320.0,0.963,0.112,monsoon,8,19.076,72.8777
2024-08-10,RES-A,Reservoir A,97.634,0.549,1.131,0.39,23.0,2.5,0.48,320.0,0.968,0.122,monsoon,8,19.076,72.8777
2024-08-11,RES-A,Reservoir A,97.141,1.236,0.999,1.88,24.28,3.65,2.22,320.0,0.841,0.19,monsoon,8,19.076,72.8777
2024-08-12,RES-A,Reservoir A,98.0,13.068,0.912,23.78,25.93,3.47,27.14,320.0,0.812,1.271,monsoon,8,19.076,72.8777
2024-08-13,RES-A,Reservoir A,98.0,4.197,0.825,6.7,22.53,3.08,7.4,320.0,0.762,0.399,monsoon,8,19.076,72.8777
2024-08-14,RES-A,Reservoir A,98.0,1.957,0.899,2.62,24.3,3.92,3.2,320.0,0.793,0.186,monsoon,8,19.076,72.8777
2024-08-15,RES-A,Reservoir A,97.981,1.257,0.526,1.6,26.19,3.43,1.8,320.0,0.379,0.199,monsoon,8,19.076,72.8777
2024-08-16,RES-A,Reservoir A,98.0,1.218,0.471,1.22,22.02,2.94,1.35,320.0,0.426,0.164,monsoon,8,19.076,72.8777
2024-08-17,RES-A,Reservoir A,98.0,1.797,0.675,2.84,22.46,3.16,3.45,320.0,0.552,0.201,monsoon,8,19.076,72.8777
2024-08-18,RES-A,Reservoir A,98.0,2.42,0.802,2.66,23.49,3.44,3.07,320.0,0.664,0.214,monsoon,8,19.076,72.8777
2024-08-19,RES-A,Reservoir A,98.0,2.6,0.912,4.2,23.38,3.17,4.87,320.0,0.772,0.281,monsoon,8,19.076,72.8777
2024-08-20,RES-A,Reservoir A,98.0,5.234,0.919,8.25,24.98,3.02,9.38,320.0,0.802,0.459,monsoon,8,19.076,72.8777
2024-08-21,RES-A,Reservoir A,98.0,3.096,1.099,4.89,24.29,3.16,6.01,320.0,0.966,0.33,monsoon,8,19.076,72.8777
2024-08-22,RES-A,Reservoir A,98.0,5.643,1.256,10.59,21.87,3.51,12.13,320.0,1.02,0.597,monsoon,8,19.076,72.8777
2024-08-23,RES-A,Reservoir A,98.0,2.564,0.952,3.9,24.62,3.48,4.41,320.0,0.769,0.246,monsoon,8,19.076,72.8777
2024-08-24,RES-A,Reservoir A,98.0,9.601,1.11,19.77,23.31,3.43,22.66,320.0,0.988,1.024,monsoon,8,19.076,72.8777
2024-08-25,RES-A,Reservoir A,98.0,5.848,1.021,10.38,25.53,3.49,11.73,320.0,0.875,0.552,monsoon,8,19.076,72.8777
2024-08-26,RES-A,Reservoir A,98.0,3.955,1.167,6.54,23.25,3.09,7.5,320.0,1.019,0.396,monsoon,8,19.076,72.8777
2024-08-27,RES-A,Reservoir A,98.0,5.135,1.246,8.28,23.24,3.79,9.21,320.0,1.134,0.491,monsoon,8,19.076,72.8777
2024-08-28,RES-A,Reservoir A,98.0,1.576,0.717,2.93,24.65,3.4,3.29,320.0,0.605,0.2,monsoon,8,19.076,72.8777
2024-08-29,RES-A,Reservoir A,98.0,3.245,1.7,4.13,24.92,3.36,4.81,320.0,1.499,0.306,monsoon,8,19.076,72.8777
2024-08-30,RES-A,Reservoir A,98.0,3.068,1.363,3.97,24.54,3.77,4.89,320.0,1.234,0.277,monsoon,8,19.076,72.8777
2024-08-31,RES-A,Reservoir A,98.0,2.348,1.155,2.27,21.98,2.92,2.52,320.0,1.059,0.211,monsoon,8,19.076,72.8777
2024-09-01,RES-A,Reservoir A,97.889,1.243,1.575,0.94,21.72,2.93,1.07,320.0,1.427,0.122,monsoon,9,19.076,72.8777
2024-09-02,RES-A,Reservoir A,98.0,5.482,1.22,8.67,19.83,2.88,10.72,320.0,1.064,0.49,monsoon,9,19.076,72.8777
2024-09-03,RES-A,Reservoir A,98.0,6.285,1.157,12.03,21.35,3.06,14.84,320.0,1.106,0.685,monsoon,9,19.076,72.8777
2024-09-04,RES-A,Reservoir A,98.0,4.833,1.122,7.62,19.36,2.9,9.16,320.0,0.974,0.423,monsoon,9,19.076,72.8777
2024-09-05,RES-A,Reservoir A,98.0,2.923,1.443,4.87,21.61,3.72,5.54,320.0,1.249,0.34,monsoon,9,19.076,72.8777
2024-09-06,RES-A,Reservoir A,98.0,13.477,1.109,26.88,20.1,3.01,31.27,320.0,0.936,1.396,monsoon,9,19.076,72.8777
2024-09-07,RES-A,Reservoir A,98.0,1.673,1.184,2.58,19.53,2.13,2.92,320.0,0.922,0.237,monsoon,9,19.076,72.8777
2024-09-08,RES-A,Reservoir A,98.0,4.103,1.241,6.74,21.93,3.23,7.55,320.0,1.029,0.407,monsoon,9,19.076,72.8777
2024-09-09,RES-A,Reservoir A,98.0,7.154,1.109,13.49,21.36,3.07,15.6,320.0,0.886,0.786,monsoon,9,19.076,72.8777
2024-09-10,RES-A,Reservoir A,97.646,1.628,1.035,1.41,20.34,2.95,1.67,320.0,0.745,0.117,monsoon,9,19.076,72.8777
2024-09-11,RES-A,Reservoir A,98.0,4.726,1.069,9.26,22.81,3.31,10.69,320.0,0.881,0.523,monsoon,9,19.076,72.8777
2024-09-12,RES-A,Reservoir A,98.0,10.349,1.222,20.78,20.54,2.96,24.76,320.0,1.064,1.13,monsoon,9,19.076,72.8777
2024-09-13,RES-A,Reservoir A,98.0,3.876,0.909,5.28,21.11,3.02,6.04,320.0,0.71,0.379,monsoon,9,19.076,72.8777
2024-09-14,RES-A,Reservoir A,98.0,4.167,0.791,6.2,21.39,3.25,7.14,320.0,0.669,0.44,monsoon,9,19.076,72.8777
2024-09-15,RES-A,Reservoir A,98.0,1.726,0.832,2.6,20.33,2.78,3.17,320.0,0.677,0.211,monsoon,9,19.076,72.8777
2024-09-16,RES-A,Reservoir A,98.0,4.883,0.976,8.19,21.64,2.81,10.09,320.0,0.859,0.545,monsoon,9,19.076,72.8777
2024-09-17,RES-A,Reservoir A,98.0,2.242,0.764,2.21,20.43,3.86,2.53,320.0,0.594,0.182,monsoon,9,19.076,72.8777
2024-09-18,RES-A,Reservoir A,98.0,3.412,0.79,4.98,20.58,2.75,5.91,320.0,0.672,0.362,monsoon,9,19.076,72.8777
2024-09-19,RES-A,Reservoir A,98.0,1.231,0.638,0.77,22.71,3.25,0.88,320.0,0.522,0.09,monsoon,9,19.076,72.8777
2024-09-20,RES-A,Reservoir A,98.0,2.76,0.791,3.23,19.82,2.43,3.57,320.0,0.621,0.254,monsoon,9,19.076,72.8777
2024-09-21,RES-A,Reservoir A,98.0,2.119,0.913,3.17,18.18,2.72,3.84,320.0,0.77,0.168,monsoon,9,19.076,72.8777
2024-09-22,RES-A,Reservoir A,98.0,2.543,0.945,3.54,23.0,2.98,3.98,320.0,0.892,0.223,monsoon,9,19.076,72.8777
2024-09-23,RES-A,Reservoir A,98.0,5.782,1.295,10.11,24.13,3.26,11.77,320.0,1.217,0.6,monsoon,9,19.076,72.8777
2024-09-24,RES-A,Reservoir A,98.0,6.785,1.175,12.31,20.59,3.28,14.44,320.0,1.082,0.656,monsoon,9,19.076,72.8777
2024-09-25,RES-A,Reservoir A,98.0,4.097,1.016,7.0,18.75,2.89,7.9,320.0,0.91,0.443,monsoon,9,19.076,72.8777
2024-09-26,RES-A,Reservoir A,98.0,5.482,1.147,9.52,20.7,3.15,10.61,320.0,0.977,0.583,monsoon,9,19.076,72.8777
2024-09-27,RES-A,Reservoir A,98.0,1.935,1.484,2.28,20.73,2.46,2.63,320.0,1.323,0.179,monsoon,9,19.076,72.8777
2024-09-28,RES-A,Reservoir A,98.0,1.267,1.51,1.67,20.84,3.55,2.08,320.0,1.307,0.134,monsoon,9,19.076,72.8777
2024-09-29,RES-A,Reservoir A,98.0,5.212,1.34,8.34,19.74,2.51,9.94,320.0,1.153,0.483,monsoon,9,19.076,72.8777
2024-09-30,RES-A,Reservoir A,98.0,1.139,1.286,1.38,21.77,3.57,1.6,320.0,1.082,0.12,monsoon,9,19.076,72.8777
2024-10-01,RES-A,Reservoir A,97.797,0.851,1.487,0.26,20.63,3.28,0.29,320.0,1.307,0.09,autumn,10,19.076,72.8777
2024-10-02,RES-A,Reservoir A,97.423,0.892,1.128,0.39,18.21,2.86,0.47,320.0,0.968,0.103,autumn,10,19.076,72.8777
2024-10-03,RES-A,Reservoir A,97.462,1.083,1.35,0.32,20.84,2.74,0.36,320.0,1.145,0.087,autumn,10,19.076,72.8777
2024-10-04,RES-A,Reservoir A,97.142,0.38,1.584,0.65,22.46,3.24,0.77,320.0,1.388,0.163,autumn,10,19.076,72.8777
2024-10-05,RES-A,Reservoir A,97.092,1.149,1.201,0.07,20.21,2.78,0.09,320.0,1.032,0.062,autumn,10,19.076,72.8777
2024-10-06,RES-A,Reservoir A,97.06,0.997,1.049,0.88,19.6,2.86,1.02,320.0,0.836,0.166,autumn,10,19.076,72.8777
2024-10-07,RES-A,Reservoir A,97.129,1.343,0.994,0.24,19.83,2.8,0.27,320.0,0.962,0.061,autumn,10,19.076,72.8777
2024-10-08,RES-A,Reservoir A,96.951,0.753,0.913,0.25,20.74,2.38,0.27,320.0,0.778,0.094,autumn,10,19.076,72.8777
2024-10-09,RES-A,Reservoir A,97.046,0.869,0.724,0.18,17.92,2.99,0.19,320.0,0.589,0.124,autumn,10,19.076,72.8777
2024-10-10,RES-A,Reservoir A,97.068,1.842,1.066,0.75,20.2,2.9,0.88,320.0,0.858,0.152,autumn,10,19.076,72.8777
2024-10-11,RES-A,Reservoir A,97.907,0.831,1.11,0.26,19.53,2.7,0.32,320.0,0.882,0.08,autumn,10,19.076,72.8777
2024-10-12,RES-A,Reservoir A,97.602,1.325,0.714,0.19,22.22,3.0,0.21,320.0,0.637,0.106,autumn,10,19.076,72.8777
2024-10-13,RES-A,Reservoir A,97.471,1.062,0.826,0.5,19.79,2.98,0.6,320.0,0.606,0.118,autumn,10,19.076,72.8777
2024-10-14,RES-A,Reservoir A,97.477,1.197,0.599,0.51,22.0,2.87,0.61,320.0,0.507,0.089,autumn,10,19.076,72.8777
2024-10-15,RES-A,Reservoir A,98.0,0.922,0.722,0.2,18.68,2.06,0.22,320.0,0.629,0.108,autumn,10,19.076,72.8777
2024-10-16,RES-A,Reservoir A,97.813,1.568,0.716,0.96,20.7,3.11,1.08,320.0,0.578,0.184,autumn,10,19.076,72.8777
2024-10-17,RES-A,Reservoir A,97.963,0.678,0.666,0.24,20.38,3.1,0.28,320.0,0.532,0.106,autumn,10,19.076,72.8777
2024-10-18,RES-A,Reservoir A,97.962,0.778,1.07,0.65,18.96,2.71,0.78,320.0,0.998,0.129,autumn,10,19.076,72.8777
2024-10-19,RES-A,Reservoir A,97.973,0.663,1.006,0.17,20.21,2.58,0.2,320.0,0.823,0.109,autumn,10,19.076,72.8777
2024-10-20,RES-A,Reservoir A,98.0,1.213,1.068,0.76,21.46,3.1,0.92,320.0,0.884,0.074,autumn,10,19.076,72.8777
2024-10-21,RES-A,Reservoir A,98.0,1.091,1.183,0.74,19.61,2.41,0.91,320.0,0.981,0.131,autumn,10,19.076,72.8777
2024-10-22,RES-A,Reservoir A,97.908,1.362,1.144,0.63,17.97,2.35,0.77,320.0,1.016,0.081,autumn,10,19.076,72.8777
2024-10-23,RES-A,Reservoir A,98.0,1.656,1.038,0.8,19.98,2.67,1.0,320.0,0.89,0.102,autumn,10,19.076,72.8777
2024-10-24,RES-A,Reservoir A,97.192,0.671,1.191,0.43,18.92,3.02,0.52,320.0,1.043,0.166,autumn,10,19.076,72.8777
2024-10-25,RES-A,Reservoir A,97.02,0.594,1.241,0.1,19.59,2.74,0.13,320.0,1.007,0.078,autumn,10,19.076,72.8777
2024-10-26,RES-A,Reservoir A,96.522,0.475,1.16,0.36,19.9,2.75,0.44,320.0,1.152,0.076,autumn,10,19.076,72.8777
2024-10-27,RES-A,Reservoir A,96.549,1.569,1.27,0.12,17.95,3.24,0.14,320.0,1.168,0.12,autumn,10,19.076,72.8777
2024-10-28,RES-A,Reservoir A,95.927,1.145,1.231,0.48,18.06,2.77,0.59,320.0,1.08,0.076,autumn,10,19.076,72.8777
2024-10-29,RES-A,Reservoir A,96.046,0.997,1.045,0.06,20.58,3.07,0.07,320.0,0.949,0.07,autumn,10,19.076,72.8777
2024-10-30,RES-A,Reservoir A,95.216,0.539,1.308,0.42,19.37,2.71,0.49,320.0,1.171,0.139,autumn,10,19.076,72.8777
2024-10-31,RES-A,Reservoir A,95.138,0.839,1.251,0.08,16.92,2.35,0.09,320.0,1.107,0.085,autumn,10,19.076,72.8777
2024-11-01,RES-A,Reservoir A,94.779,1.198,0.95,0.44,22.01,2.49,0.52,320.0,0.833,0.055,autumn,11,19.076,72.8777
2024-11-02,RES-A,Reservoir A,94.622,1.732,1.315,2.05,21.4,3.36,2.52,320.0,1.162,0.199,autumn,11,19.076,72.8777
2024-11-03,RES-A,Reservoir A,95.049,1.46,1.373,0.57,20.22,3.06,0.67,320.0,1.192,0.097,autumn,11,19.076,72.8777
2024-11-04,RES-A,Reservoir A,95.316,1.701,1.519,0.18,19.49,2.79,0.22,320.0,1.381,0.135,autumn,11,19.076,72.8777
2024-11-05,RES-A,Reservoir A,95.558,0.536,1.021,0.14,22.07,3.11,0.17,320.0,0.893,0.069,autumn,11,19.076,72.8777
2024-11-06,RES-A,Reservoir A,95.983,0.577,0.961,0.27,21.49,3.3,0.34,320.0,0.819,0.125,autumn,11,19.076,72.8777
2024-11-07,RES-A,Reservoir A,95.667,0.668,0.831,0.36,23.93,2.91,0.41,320.0,0.682,0.151,autumn,11,19.076,72.8777
2024-11-08,RES-A,Reservoir A,96.404,1.593,0.893,0.46,21.58,2.91,0.56,320.0,0.83,0.078,autumn,11,19.076,72.8777
2024-11-09,RES-A,Reservoir A,95.975,1.237,0.956,0.15,21.54,2.74,0.18,320.0,0.783,0.081,autumn,11,19.076,72.8777
2024-11-10,RES-A,Reservoir A,96.32,1.003,0.72,0.5,20.87,3.54,0.62,320.0,0.593,0.117,autumn,11,19.076,72.8777
2024-11-11,RES-A,Reservoir A,96.132,0.858,0.87,0.09,22.05,3.41,0.11,320.0,0.657,0.059,autumn,11,19.076,72.8777
2024-11-12,RES-A,Reservoir A,96.006,1.157,0.545,1.3,21.82,2.46,1.54,320.0,0.365,0.153,autumn,11,19.076,72.8777
2024-11-13,RES-A,Reservoir A,96.357,1.436,0.999,0.66,22.57,2.75,0.78,320.0,0.79,0.106,autumn,11,19.076,72.8777
2024-11-14,RES-A,Reservoir A,96.743,0.826,0.635,0.32,20.45,2.91,0.36,320.0,0.536,0.089,autumn,11,19.076,72.8777
2024-11-15,RES-A,Reservoir A,97.128,0.995,0.788,0.57,20.55,2.82,0.71,320.0,0.657,0.11,autumn,11,19.076,72.8777
2024-11-16,RES-A,Reservoir A,97.356,1.055,0.557,0.08,20.5,2.56,0.1,320.0,0.469,0.086,autumn,11,19.076,72.8777
2024-11-17,RES-A,Reservoir A,97.549,1.22,0.742,0.98,22.02,3.73,1.18,320.0,0.627,0.134,autumn,11,19.076,72.8777
2024-11-18,RES-A,Reservoir A,97.847,1.294,0.924,1.16,22.87,3.34,1.41,320.0,0.711,0.12,autumn,11,19.076,72.8777
2024-11-19,RES-A,Reservoir A,97.893,0.857,1.021,0.11,20.52,3.1,0.13,320.0,0.797,0.069,autumn,11,19.076,72.8777
2024-11-20,RES-A,Reservoir A,98.0,1.088,1.013,0.02,20.56,2.76,0.02,320.0,0.92,0.077,autumn,11,19.076,72.8777
2024-11-21,RES-A,Reservoir A,98.0,1.484,1.243,0.22,21.45,3.29,0.25,320.0,1.116,0.09,autumn,11,19.076,72.8777
2024-11-22,RES-A,Reservoir A,98.0,1.281,1.208,0.55,20.78,2.88,0.68,320.0,1.062,0.095,autumn,11,19.076,72.8777
2024-11-23,RES-A,Reservoir A,97.64,1.966,1.325,1.79,22.21,3.08,2.11,320.0,1.146,0.179,autumn,11,19.076,72.8777
2024-11-24,RES-A,Reservoir A,97.426,0.83,1.326,0.2,18.37,2.89,0.23,320.0,1.264,0.036,autumn,11,19.076,72.8777
2024-11-25,RES-A,Reservoir A,96.753,0.651,1.241,0.2,20.08,2.42,0.24,320.0,1.171,0.068,autumn,11,19.076,72.8777
2024-11-26,RES-A,Reservoir A,96.77,1.06,1.285,0.06,20.13,3.4,0.07,320.0,1.111,0.075,autumn,11,19.076,72.8777
2024-11-27,RES-A,Reservoir A,97.35,1.363,1.342,1.01,18.29,2.75,1.24,320.0,1.289,0.105,autumn,11,19.076,72.8777
2024-11-28,RES-A,Reservoir A,97.081,1.068,1.437,1.56,19.92,3.27,1.79,320.0,1.31,0.207,autumn,11,19.076,72.8777
2024-11-29,RES-A,Reservoir A,96.903,0.703,1.404,0.04,19.97,2.57,0.04,320.0,1.246,0.082,autumn,11,19.076,72.8777
2024-11-30,RES-A,Reservoir A,97.072,0.794,1.09,0.05,20.83,2.72,0.05,320.0,0.92,0.088,autumn,11,19.076,72.8777
2024-12-01,RES-A,Reservoir A,96.203,0.696,1.133,0.15,25.34,3.19,0.18,320.0,0.99,0.073,winter,12,19.076,72.8777
2024-12-02,RES-A,Reservoir A,96.237,1.868,1.176,1.11,23.71,3.42,1.3,320.0,1.045,0.135,winter,12,19.076,72.8777
2024-12-03,RES-A,Reservoir A,96.622,2.163,1.356,2.4,22.76,3.25,2.92,320.0,1.164,0.164,winter,12,19.076,72.8777
2024-12-04,RES-A,Reservoir A,95.671,1.388,1.163,0.22,23.93,3.23,0.25,320.0,0.998,0.086,winter,12,19.076,72.8777
2024-12-05,RES-A,Reservoir A,95.322,1.236,1.24,0.7,25.26,3.23,0.8,320.0,1.123,0.087,winter,12,19.076,72.8777
2024-12-06,RES-A,Reservoir A,95.641,1.048,1.249,0.45,22.83,2.86,0.51,320.0,1.097,0.094,winter,12,19.076,72.8777
2024-12-07,RES-A,Reservoir A,95.765,0.532,1.197,0.12,22.91,3.23,0.14,320.0,1.028,0.009,winter,12,19.076,72.8777
2024-12-08,RES-A,Reservoir A,95.819,1.002,1.215,0.4,24.67,3.32,0.49,320.0,0.979,0.066,winter,12,19.076,72.8777
2024-12-09,RES-A,Reservoir A,96.368,1.518,0.787,1.46,23.73,3.14,1.64,320.0,0.598,0.197,winter,12,19.076,72.8777
2024-12-10,RES-A,Reservoir A,96.341,0.679,0.997,0.72,24.78,3.94,0.89,320.0,0.787,0.141,winter,12,19.076,72.8777
2024-12-11,RES-A,Reservoir A,96.623,0.981,0.712,0.75,23.98,3.35,0.86,320.0,0.592,0.157,winter,12,19.076,72.8777
2024-12-12,RES-A,Reservoir A,96.664,1.022,0.539,0.68,24.84,3.86,0.76,320.0,0.415,0.156,winter,12,19.076,72.8777
2024-12-13,RES-A,Reservoir A,96.775,0.982,0.746,0.08,22.76,3.07,0.09,320.0,0.608,0.104,winter,12,19.076,72.8777
2024-12-14,RES-A,Reservoir A,96.589,1.135,0.993,0.36,23.99,3.45,0.39,320.0,0.85,0.084,winter,12,19.076,72.8777
2024-12-15,RES-A,Reservoir A,97.04,0.886,0.831,0.58,23.75,3.33,0.71,320.0,0.731,0.078,winter,12,19.076,72.8777
2024-12-16,RES-A,Reservoir A,97.561,1.15,1.199,0.38,22.54,2.7,0.44,320.0,0.986,0.133,winter,12,19.076,72.8777
2024-12-17,RES-A,Reservoir A,97.973,0.739,0.935,0.01,22.12,3.58,0.01,320.0,0.741,0.082,winter,12,19.076,72.8777
2024-12-18,RES-A,Reservoir A,97.457,0.05,1.255,0.05,24.82,3.44,0.06,320.0,1.12,0.157,winter,12,19.076,72.8777
2024-12-19,RES-A,Reservoir A,97.185,1.212,1.007,1.17,23.58,3.55,1.4,320.0,0.825,0.128,winter,12,19.076,72.8777
2024-12-20,RES-A,Reservoir A,97.803,1.532,1.013,0.71,22.77,3.01,0.88,320.0,0.851,0.175,winter,12,19.076,72.8777
2024-12-21,RES-A,Reservoir A,97.882,0.55,0.894,0.68,23.88,3.32,0.84,320.0,0.708,0.109,winter,12,19.076,72.8777
2024-12-22,RES-A,Reservoir A,98.0,1.375,1.201,1.08,25.35,3.28,1.3,320.0,1.119,0.174,winter,12,19.076,72.8777
2024-12-23,RES-A,Reservoir A,97.966,1.657,1.069,0.61,21.26,3.42,0.74,320.0,0.926,0.161,winter,12,19.076,72.8777
2024-12-24,RES-A,Reservoir A,98.0,1.476,1.097,1.89,22.2,3.26,2.31,320.0,0.95,0.144,winter,12,19.076,72.8777
2024-12-25,RES-A,Reservoir A,97.594,1.382,1.459,1.18,22.89,3.36,1.38,320.0,1.278,0.124,winter,12,19.076,72.8777
2024-12-26,RES-A,Reservoir A,97.492,0.422,1.409,0.16,25.75,4.0,0.19,320.0,1.29,0.057,winter,12,19.076,72.8777
2024-12-27,RES-A,Reservoir A,98.0,1.47,1.333,0.21,24.34,3.77,0.23,320.0,1.308,0.053,winter,12,19.076,72.8777
2024-12-28,RES-A,Reservoir A,98.0,0.956,1.19,0.37,24.92,3.72,0.45,320.0,1.094,0.119,winter,12,19.076,72.8777
2024-12-29,RES-A,Reservoir A,98.0,0.893,1.288,0.15,22.63,2.79,0.19,320.0,1.141,0.082,winter,12,19.076,72.8777
2024-12-30,RES-A,Reservoir A,97.665,1.752,1.282,0.98,22.66,3.01,1.09,320.0,1.129,0.13,winter,12,19.076,72.8777
2023-01-01,RES-B,Reservoir B,48.0,1.295,1.192,0.34,28.24,4.02,0.42,210.0,1.059,0.108,winter,1,18.5204,73.8567
2023-01-02,RES-B,Reservoir B,47.392,0.55,0.968,0.39,30.57,3.81,0.43,210.0,0.89,0.104,winter,1,18.5204,73.8567
2023-01-03,RES-B,Reservoir B,47.402,1.033,1.145,1.24,26.96,3.68,1.4,210.0,0.987,0.128,winter,1,18.5204,73.8567
2023-01-04,RES-B,Reservoir B,46.954,0.779,1.146,0.01,27.93,4.18,0.01,210.0,1.001,0.05,winter,1,18.5204,73.8567
2023-01-05,RES-B,Reservoir B,47.015,1.676,1.069,0.26,29.7,4.35,0.31,210.0,0.86,0.061,winter,1,18.5204,73.8567
2023-01-06,RES-B,Reservoir B,46.754,0.914,1.588,0.71,28.74,3.71,0.84,210.0,1.337,0.148,winter,1,18.5204,73.8567
2023-01-07,RES-B,Reservoir B,46.92,1.208,1.422,0.48,30.98,4.05,0.54,210.0,1.25,0.111,winter,1,18.5204,73.8567
2023-01-08,RES-B,Reservoir B,46.481,0.912,1.212,0.04,27.12,3.46,0.05,210.0,1.097,0.097,winter,1,18.5204,73.8567
2023-01-09,RES-B,Reservoir B,45.932,1.104,1.527,1.04,26.81,3.52,1.18,210.0,1.344,0.139,winter,1,18.5204,73.8567
2023-01-10,RES-B,Reservoir B,45.838,0.999,1.194,0.29,29.47,3.62,0.33,210.0,1.043,0.104,winter,1,18.5204,73.8567
2023-01-11,RES-B,Reservoir B,45.979,0.905,0.979,0.54,26.56,3.65,0.59,210.0,0.841,0.093,winter,1,18.5204,73.8567
2023-01-12,RES-B,Reservoir B,46.155,0.681,1.344,0.01,27.76,4.02,0.02,210.0,1.237,0.074,winter,1,18.5204,73.8567
2023-01-13,RES-B,Reservoir B,45.583,0.564,0.982,0.7,27.92,3.62,0.8,210.0,0.855,0.15,winter,1,18.5204,73.8567
2023-01-14,RES-B,Reservoir B,45.507,1.187,1.113,0.8,29.24,3.98,0.93,210.0,0.972,0.163,winter,1,18.5204,73.8567
2023-01-15,RES-B,Reservoir B,45.891,1.167,1.173,0.11,28.74,3.88,0.12,210.0,0.983,0.049,winter,1,18.5204,73.8567
2023-01-16,RES-B,Reservoir B,46.455,0.911,1.133,0.18,28.55,4.24,0.22,210.0,0.958,0.083,winter,1,18.5204,73.8567
2023-01-17,RES-B,Reservoir B,46.128,1.276,1.217,0.19,27.52,3.62,0.23,210.0,0.975,0.115,winter,1,18.5204,73.8567
2023-01-18,RES-B,Reservoir B,46.538,2.409,1.069,2.87,29.46,3.86,3.22,210.0,0.885,0.28,winter,1,18.5204,73.8567
2023-01-19,RES-B,Reservoir B,46.592,0.854,1.007,0.15,32.83,4.19,0.17,210.0,0.836,0.141,winter,1,18.5204,73.8567
2023-01-20,RES-B,Reservoir B,46.789,1.563,0.73,1.98,28.83,3.62,2.38,210.0,0.596,0.155,winter,1,18.5204,73.8567
2023-01-21,RES-B,Reservoir B,46.464,0.718,0.826,0.18,28.12,4.03,0.2,210.0,0.728,0.127,winter,1,18.5204,73.8567
2023-01-22,RES-B,Reservoir B,46.471,0.419,0.558,0.27,26.44,3.63,0.33,210.0,0.436,0.095,winter,1,18.5204,73.8567
2023-01-23,RES-B,Reservoir B,46.977,0.933,1.001,0.45,27.24,3.78,0.57,210.0,0.886,0.134,winter,1,18.5204,73.8567
2023-01-24,RES-B,Reservoir B,46.935,1.345,0.463,1.0,27.74,4.21,1.19,210.0,0.441,0.154,winter,1,18.5204,73.8567
2023-01-25,RES-B,Reservoir B,47.982,1.846,0.71,0.89,27.36,4.18,1.11,210.0,0.61,0.087,winter,1,18.5204,73.8567
2023-01-26,RES-B,Reservoir B,48.005,1.195,0.716,0.43,27.98,3.36,0.49,210.0,0.486,0.118,winter,1,18.5204,73.8567
2023-01-27,RES-B,Reservoir B,48.078,0.694,0.773,0.4,30.13,4.31,0.46,210.0,0.605,0.13,winter,1,18.5204,73.8567
2023-01-28,RES-B,Reservoir B,48.34,0.31,0.886,0.03,29.5,4.11,0.03,210.0,0.755,0.081,winter,1,18.5204,73.8567
2023-01-29,RES-B,Reservoir B,48.449,0.906,0.889,0.36,27.81,3.7,0.4,210.0,0.719,0.091,winter,1,18.5204,73.8567
2023-01-30,RES-B,Reservoir B,48.415,1.269,1.072,0.38,26.55,3.78,0.43,210.0,1.02,0.052,winter,1,18.5204,73.8567
2023-01-31,RES-B,Reservoir B,48.727,1.222,1.098,1.01,29.6,3.53,1.19,210.0,0.934,0.151,winter,1,18.5204,73.8567
2023-02-01,RES-B,Reservoir B,48.639,1.086,1.096,0.2,31.94,4.77,0.23,210.0,0.883,0.096,winter,2,18.5204,73.8567
2023-02-02,RES-B,Reservoir B,48.671,0.862,1.126,0.26,29.93,4.25,0.29,210.0,0.982,0.065,winter,2,18.5204,73.8567
2023-02-03,RES-B,Reservoir B,48.649,1.425,1.291,0.75,32.85,4.18,0.9,210.0,1.23,0.108,winter,2,18.5204,73.8567
2023-02-04,RES-B,Reservoir B,48.435,0.309,1.351,0.14,33.23,4.31,0.16,210.0,1.222,0.092,winter,2,18.5204,73.8567
2023-02-05,RES-B,Reservoir B,48.207,1.726,1.16,0.74,29.09,3.48,0.85,210.0,0.946,0.1,winter,2,18.5204,73.8567
2023-02-06,RES-B,Reservoir B,47.471,0.437,1.199,0.05,31.01,4.13,0.06,210.0,1.036,0.083,winter,2,18.5204,73.8567
2023-02-07,RES-B,Reservoir B,46.938,1.277,1.299,0.4,31.87,4.18,0.48,210.0,1.22,0.048,winter,2,18.5204,73.8567
2023-02-08,RES-B,Reservoir B,46.551,0.718,1.47,0.03,32.88,4.05,0.03,210.0,1.202,0.122,winter,2,18.5204,73.8567
2023-02-09,RES-B,Reservoir B,46.239,1.547,1.068,1.58,31.38,4.5,1.92,210.0,0.98,0.16,winter,2,18.5204,73.8567
2023-02-10,RES-B,Reservoir B,45.899,1.206,1.367,1.0,31.0,4.6,1.11,210.0,1.229,0.097,winter,2,18.5204,73.8567
2023-02-11,RES-B,Reservoir B,45.537,1.173,1.05,0.58,32.87,4.44,0.67,210.0,0.952,0.035,winter,2,18.5204,73.8567
2023-02-12,RES-B,Reservoir B,45.944,1.129,1.341,0.34,31.44,4.18,0.42,210.0,1.243,0.128,winter,2,18.5204,73.8567
2023-02-13,RES-B,Reservoir B,45.945,1.942,1.208,1.58,32.65,4.55,1.75,210.0,1.081,0.176,winter,2,18.5204,73.8567
2023-02-14,RES-B,Reservoir B,45.677,1.381,0.964,0.18,30.67,4.17,0.21,210.0,0.782,0.095,winter,2,18.5204,73.8567
2023-02-15,RES-B,Reservoir B,45.772,1.068,1.035,0.31,30.38,3.82,0.34,210.0,0.821,0.121,winter,2,18.5204,73.8567
2023-02-16,RES-B,Reservoir B,46.598,1.424,0.897,0.05,32.91,4.25,0.06,210.0,0.766,0.108,winter,2,18.5204,73.8567
2023-02-17,RES-B,Reservoir B,46.574,0.99,0.922,0.32,32.3,4.29,0.37,210.0,0.822,0.102,winter,2,18.5204,73.8567
2023-02-18,RES-B,Reservoir B,46.814,1.469,0.896,0.6,33.11,4.55,0.67,210.0,0.722,0.102,winter,2,18.5204,73.8567
2023-02-19,RES-B,Reservoir B,47.482,1.21,0.718,0.53,31.36,4.27,0.62,210.0,0.542,0.094,winter,2,18.5204,73.8567
2023-02-20,RES-B,Reservoir B,48.063,1.219,0.636,1.22,31.05,4.29,1.52,210.0,0.474,0.154,winter,2,18.5204,73.8567
2023-02-21,RES-B,Reservoir B,48.577,1.656,0.908,1.62,33.63,4.08,1.83,210.0,0.745,0.203,winter,2,18.5204,73.8567
2023-02-22,RES-B,Reservoir B,48.595,1.334,0.839,0.73,30.17,4.32,0.82,210.0,0.694,0.113,winter,2,18.5204,73.8567
2023-02-23,RES-B,Reservoir B,48.753,0.845,0.822,0.11,33.5,4.52,0.14,210.0,0.667,0.13,winter,2,18.5204,73.8567
2023-02-24,RES-B,Reservoir B,48.411,1.174,0.844,0.46,33.58,5.3,0.54,210.0,0.703,0.114,winter,2,18.5204,73.8567
2023-02-25,RES-B,Reservoir B,48.861,2.184,0.794,2.17,33.03,4.35,2.67,210.0,0.591,0.2,winter,2,18.5204,73.8567
2023-02-26,RES-B,Reservoir B,49.762,1.803,1.003,2.06,31.17,4.34,2.36,210.0,0.742,0.255,winter,2,18.5204,73.8567
2023-02-27,RES-B,Reservoir B,49.641,0.102,1.293,0.67,31.02,5.07,0.8,210.0,1.134,0.163,winter,2,18.5204,73.8567
2023-02-28,RES-B,Reservoir B,49.973,1.514,1.124,0.25,31.75,4.37,0.31,210.0,0.975,0.143,winter,2,18.5204,73.8567
2023-03-01,RES-B,Reservoir B,49.189,0.796,0.968,0.2,33.37,4.48,0.23,210.0,0.805,0.066,summer,3,18.5204,73.8567
2023-03-02,RES-B,Reservoir B,48.585,0.567,0.939,0.11,33.77,4.26,0.14,210.0,0.821,0.151,summer,3,18.5204,73.8567
2023-03-03,RES-B,Reservoir B,48.182,0.43,0.711,0.05,35.7,5.24,0.06,210.0,0.523,0.08,summer,3,18.5204,73.8567
2023-03-04,RES-B,Reservoir B,47.935,0.978,1.334,0.59,35.71,4.44,0.73,210.0,1.162,0.103,summer,3,18.5204,73.8567
2023-03-05,RES-B,Reservoir B,47.296,0.941,1.294,0.69,33.67,4.67,0.78,210.0,1.165,0.05,summer,3,18.5204,73.8567
2023-03-06,RES-B,Reservoir B,46.979,0.751,1.199,0.42,35.74,4.65,0.49,210.0,1.004,0.111,summer,3,18.5204,73.8567
2023-03-07,RES-B,Reservoir B,47.731,1.363,1.053,1.64,35.47,4.7,1.83,210.0,0.902,0.129,summer,3,18.5204,73.8567
2023-03-08,RES-B,Reservoir B,48.115,1.591,1.066,1.21,36.74,4.48,1.51,210.0,0.964,0.153,summer,3,18.5204,73.8567
2023-03-09,RES-B,Reservoir B,48.465,2.014,1.383,1.03,35.61,5.18,1.14,210.0,1.215,0.097,summer,3,18.5204,73.8567
2023-03-10,RES-B,Reservoir B,48.201,1.498,1.297,0.84,36.2,4.76,0.93,210.0,1.135,0.176,summer,3,18.5204,73.8567
2023-03-11,RES-B,Reservoir B,47.65,1.511,1.44,0.64,35.5,4.4,0.79,210.0,1.242,0.128,summer,3,18.5204,73.8567
2023-03-12,RES-B,Reservoir B,46.921,0.72,1.321,0.11,36.1,5.21,0.12,210.0,1.129,0.154,summer,3,18.5204,73.8567
2023-03-13,RES-B,Reservoir B,46.103,0.948,1.375,0.22,33.38,4.35,0.27,210.0,1.231,0.061,summer,3,18.5204,73.8567
2023-03-14,RES-B,Reservoir B,46.152,1.291,1.229,0.7,34.78,4.77,0.79,210.0,1.102,0.161,summer,3,18.5204,73.8567
2023-03-15,RES-B,Reservoir B,46.048,0.848,1.276,0.56,34.88,4.94,0.67,210.0,1.126,0.054,summer,3,18.5204,73.8567
2023-03-16,RES-B,Reservoir B,45.682,0.792,0.807,0.29,34.64,4.8,0.33,210.0,0.639,0.101,summer,3,18.5204,73.8567
2023-03-17,RES-B,Reservoir B,45.814,1.11,0.889,0.02,35.46,4.1,0.03,210.0,0.715,0.062,summer,3,18.5204,73.8567
2023-03-18,RES-B,Reservoir B,46.459,1.295,0.958,0.23,35.69,4.99,0.27,210.0,0.793,0.078,summer,3,18.5204,73.8567
2023-03-19,RES-B,Reservoir B,47.234,1.329,1.106,1.03,35.4,4.72,1.18,210.0,0.96,0.116,summer,3,18.5204,73.8567
2023-03-20,RES-B,Reservoir B,47.153,0.554,1.235,0.35,34.72,4.57,0.4,210.0,1.035,0.07,summer,3,18.5204,73.8567
2023-03-21,RES-B,Reservoir B,47.061,0.807,0.806,0.23,34.05,4.55,0.25,210.0,0.69,0.053,summer,3,18.5204,73.8567
2023-03-22,RES-B,Reservoir B,47.323,0.897,0.866,1.21,36.24,4.37,1.46,210.0,0.592,0.127,summer,3,18.5204,73.8567
2023-03-23,RES-B,Reservoir B,48.12,1.269,0.557,0.9,35.35,4.8,1.02,210.0,0.369,0.129,summer,3,18.5204,73.8567
2023-03-24,RES-B,Reservoir B,47.505,1.073,0.875,0.37,33.71,4.14,0.43,210.0,0.781,0.134,summer,3,18.5204,73.8567
2023-03-25,RES-B,Reservoir B,48.007,0.738,0.728,0.07,34.7,4.58,0.08,210.0,0.569,0.092,summer,3,18.5204,73.8567
2023-03-26,RES-B,Reservoir B,47.732,1.137,1.295,0.51,32.84,4.49,0.6,210.0,1.106,0.141,summer,3,18.5204,73.8567
2023-03-27,RES-B,Reservoir B,47.877,1.461,0.705,1.04,34.97,5.02,1.25,210.0,0.573,0.088,summer,3,18.5204,73.8567
2023-03-28,RES-B,Reservoir B,47.699,1.038,1.105,0.3,34.69,4.42,0.35,210.0,1.03,0.082,summer,3,18.5204,73.8567
2023-03-29,RES-B,Reservoir B,47.538,0.438,0.963,0.12,34.24,5.04,0.14,210.0,0.865,0.107,summer,3,18.5204,73.8567
2023-03-30,RES-B,Reservoir B,47.311,1.196,0.821,0.98,36.83,5.2,1.17,210.0,0.644,0.139,summer,3,18.5204,73.8567
2023-03-31,RES-B,Reservoir B,47.32,1.219,0.945,0.55,33.54,4.4,0.68,210.0,0.883,0.082,summer,3,18.5204,73.8567
2023-04-01,RES-B,Reservoir B,47.794,1.722,1.093,0.74,36.85,4.59,0.9,210.0,1.016,0.145,summer,4,18.5204,73.8567
2023-04-02,RES-B,Reservoir B,47.769,0.932,1.095,0.46,38.62,4.7,0.52,210.0,0.918,0.087,summer,4,18.5204,73.8567
2023-04-03,RES-B,Reservoir B,47.872,1.263,1.266,0.54,37.29,5.06,0.67,210.0,1.127,0.084,summer,4,18.5204,73.8567
2023-04-04,RES-B,Reservoir B,47.667,1.135,1.285,0.05,35.96,4.59,0.07,210.0,1.169,0.097,summer,4,18.5204,73.8567
2023-04-05,RES-B,Reservoir B,47.891,1.293,1.301,1.14,34.64,5.02,1.35,210.0,1.175,0.137,summer,4,18.5204,73.8567
2023-04-06,RES-B,Reservoir B,48.325,1.373,1.19,0.35,34.37,4.42,0.39,210.0,1.114,0.082,summer,4,18.5204,73.8567
2023-04-07,RES-B,Reservoir B,48.738,1.325,1.136,0.21,35.51,4.49,0.24,210.0,0.962,0.074,summer,4,18.5204,73.8567
2023-04-08,RES-B,Reservoir B,48.914,1.369,1.247,0.17,35.18,4.79,0.21,210.0,1.137,0.057,summer,4,18.5204,73.8567
2023-04-09,RES-B,Reservoir B,49.245,1.341,1.298,0.77,35.14,4.51,0.9,210.0,1.175,0.107,summer,4,18.5204,73.8567
2023-04-10,RES-B,Reservoir B,49.891,1.771,1.024,0.29,35.61,4.78,0.35,210.0,0.856,0.128,summer,4,18.5204,73.8567
2023-04-11,RES-B,Reservoir B,50.595,0.836,1.279,0.51,35.88,5.1,0.59,210.0,1.142,0.113,summer,4,18.5204,73.8567
2023-04-12,RES-B,Reservoir B,51.22,1.643,1.186,0.2,36.58,4.93,0.24,210.0,1.071,0.119,summer,4,18.5204,73.8567
2023-04-13,RES-B,Reservoir B,51.323,1.222,0.903,0.31,34.51,4.68,0.35,210.0,0.852,0.111,summer,4,18.5204,73.8567
2023-04-14,RES-B,Reservoir B,51.084,1.348,1.12,0.16,35.18,4.78,0.18,210.0,0.952,0.07,summer,4,18.5204,73.8567
2023-04-15,RES-B,Reservoir B,50.969,1.062,1.059,0.76,35.81,4.29,0.85,210.0,0.905,0.069,summer,4,18.5204,73.8567
2023-04-16,RES-B,Reservoir B,51.017,1.699,1.314,1.21,35.77,4.91,1.48,210.0,1.19,0.113,summer,4,18.5204,73.8567
2023-04-17,RES-B,Reservoir B,51.328,1.328,0.979,0.06,38.2,5.13,0.07,210.0,0.881,0.063,summer,4,18.5204,73.8567
2023-04-18,RES-B,Reservoir B,50.832,0.641,1.104,0.44,36.28,5.12,0.55,210.0,0.954,0.08,summer,4,18.5204,73.8567
2023-04-19,RES-B,Reservoir B,51.248,0.936,0.909,0.39,34.06,4.77,0.47,210.0,0.735,0.129,summer,4,18.5204,73.8567
2023-04-20,RES-B,Reservoir B,50.565,0.211,0.588,0.32,36.5,4.82,0.39,210.0,0.433,0.125,summer,4,18.5204,73.8567
2023-04-21,RES-B,Reservoir B,50.149,1.343,1.016,1.22,36.65,5.21,1.44,210.0,0.784,0.208,summer,4,18.5204,73.8567
2023-04-22,RES-B,Reservoir B,50.186,0.968,0.749,0.91,35.85,4.71,1.11,210.0,0.564,0.103,summer,4,18.5204,73.8567
2023-04-23,RES-B,Reservoir B,49.94,0.872,0.746,0.3,34.54,4.72,0.37,210.0,0.601,0.143,summer,4,18.5204,73.8567
2023-04-24,RES-B,Reservoir B,50.118,2.005,0.68,0.37,38.11,4.98,0.44,210.0,0.493,0.146,summer,4,18.5204,73.8567
2023-04-25,RES-B,Reservoir B,50.156,1.431,0.826,0.06,34.72,4.8,0.07,210.0,0.673,0.076,summer,4,18.5204,73.8567
2023-04-26,RES-B,Reservoir B,49.536,0.303,0.996,0.01,36.79,4.8,0.02,210.0,0.843,0.095,summer,4,18.5204,73.8567
2023-04-27,RES-B,Reservoir B,49.624,1.28,1.069,0.58,36.24,5.34,0.65,210.0,0.854,0.146,summer,4,18.5204,73.8567
2023-04-28,RES-B,Reservoir B,49.402,1.153,1.096,0.15,36.72,5.51,0.17,210.0,0.991,0.086,summer,4,18.5204,73.8567
2023-04-29,RES-B,Reservoir B,48.991,0.804,1.209,0.25,38.05,5.33,0.3,210.0,1.058,0.088,summer,4,18.5204,73.8567
2023-04-30,RES-B,Reservoir B,49.268,1.387,0.751,1.05,36.67,5.36,1.29,210.0,0.541,0.114,summer,4,18.5204,73.8567
2023-05-01,RES-B,Reservoir B,49.648,1.011,0.886,0.23,34.26,4.15,0.26,210.0,0.721,0.021,summer,5,18.5204,73.8567
2023-05-02,RES-B,Reservoir B,50.217,0.943,0.812,1.26,36.26,4.42,1.4,210.0,0.681,0.145,summer,5,18.5204,73.8567
2023-05-03,RES-B,Reservoir B,50.017,0.681,1.161,0.49,34.17,4.5,0.6,210.0,1.096,0.083,summer,5,18.5204,73.8567
2023-05-04,RES-B,Reservoir B,50.145,1.138,0.979,0.57,35.12,4.73,0.64,210.0,0.943,0.076,summer,5,18.5204,73.8567
2023-05-05,RES-B,Reservoir B,49.917,0.959,1.266,0.25,33.38,4.45,0.28,210.0,1.012,0.105,summer,5,18.5204,73.8567
2023-05-06,RES-B,Reservoir B,49.98,1.065,1.249,1.03,33.69,4.05,1.25,210.0,1.084,0.088,summer,5,18.5204,73.8567
2023-05-07,RES-B,Reservoir B,49.719,0.529,1.316,0.01,34.99,5.04,0.02,210.0,1.195,0.105,summer,5,18.5204,73.8567
2023-05-08,RES-B,Reservoir B,50.237,1.243,1.093,0.96,35.37,5.39,1.13,210.0,0.926,0.142,summer,5,18.5204,73.8567
2023-05-09,RES-B,Reservoir B,49.664,1.3,1.062,0.38,32.89,4.83,0.45,210.0,0.96,0.087,summer,5,18.5204,73.8567
2023-05-10,RES-B,Reservoir B,49.455,1.054,1.271,0.57,35.52,5.09,0.66,210.0,1.138,0.107,summer,5,18.5204,73.8567
2023-05-11,RES-B,Reservoir B,49.973,2.263,1.399,1.82,33.94,4.64,2.07,210.0,1.296,0.135,summer,5,18.5204,73.8567
2023-05-12,RES-B,Reservoir B,49.796,0.837,1.161,0.56,36.46,4.62,0.68,210.0,1.082,0.131,summer,5,18.5204,73.8567
2023-05-13,RES-B,Reservoir B,49.524,1.128,0.973,0.52,34.51,4.66,0.64,210.0,0.928,0.112,summer,5,18.5204,73.8567
2023-05-14,RES-B,Reservoir B,49.061,0.786,0.75,0.22,33.58,5.16,0.26,210.0,0.679,0.099,summer,5,18.5204,73.8567
2023-05-15,RES-B,Reservoir B,49.206,1.049,1.296,0.09,35.02,4.6,0.1,210.0,1.095,0.099,summer,5,18.5204,73.8567
2023-05-16,RES-B,Reservoir B,48.786,0.619,0.89,0.19,33.83,4.42,0.21,210.0,0.79,0.07,summer,5,18.5204,73.8567
2023-05-17,RES-B,Reservoir B,48.739,2.099,0.853,1.28,36.45,5.21,1.42,210.0,0.676,0.098,summer,5,18.5204,73.8567
2023-05-18,RES-B,Reservoir B,49.289,1.258,0.739,2.14,34.93,5.04,2.44,210.0,0.541,0.216,summer,5,18.5204,73.8567
2023-05-19,RES-B,Reservoir B,49.849,1.556,0.688,0.32,34.75,4.42,0.35,210.0,0.537,0.117,summer,5,18.5204,73.8567
2023-05-20,RES-B,Reservoir B,49.877,0.906,0.705,0.15,35.64,4.7,0.18,210.0,0.57,0.071,summer,5,18.5204,73.8567
2023-05-21,RES-B,Reservoir B,49.704,1.148,0.804,0.31,33.72,4.4,0.36,210.0,0.648,0.108,summer,5,18.5204,73.8567
2023-05-22,RES-B,Reservoir B,50.335,2.013,0.61,1.5,33.38,4.53,1.81,210.0,0.481,0.193,summer,5,18.5204,73.8567
2023-05-23,RES-B,Reservoir B,50.849,1.118,0.889,0.04,35.42,5.08,0.04,210.0,0.679,0.116,summer,5,18.5204,73.8567
2023-05-24,RES-B,Reservoir B,50.119,0.567,0.858,0.04,33.61,4.29,0.05,210.0,0.614,0.065,summer,5,18.5204,73.8567
2023-05-25,RES-B,Reservoir B,49.513,1.166,1.218,0.31,33.61,4.86,0.39,210.0,0.996,0.051,summer,5,18.5204,73.8567
2023-05-26,RES-B,Reservoir B,49.957,1.917,0.47,0.94,35.93,4.84,1.09,210.0,0.428,0.088,summer,5,18.5204,73.8567
2023-05-27,RES-B,Reservoir B,50.14,1.302,0.867,1.66,35.56,5.46,1.85,210.0,0.738,0.154,summer,5,18.5204,73.8567
2023-05-28,RES-B,Reservoir B,50.437,1.928,0.929,0.78,33.42,4.61,0.94,210.0,0.779,0.163,summer,5,18.5204,73.8567
2023-05-29,RES-B,Reservoir B,50.755,1.068,0.817,0.27,34.19,4.57,0.3,210.0,0.644,0.072,summer,5,18.5204,73.8567
2023-05-30,RES-B,Reservoir B,51.016,0.733,0.926,0.17,33.84,4.73,0.2,210.0,0.862,0.071,summer,5,18.5204,73.8567
2023-05-31,RES-B,Reservoir B,50.92,0.725,1.078,0.49,37.06,4.85,0.54,210.0,1.015,0.086,summer,5,18.5204,73.8567
2023-06-01,RES-B,Reservoir B,52.919,4.811,1.182,8.2,33.09,3.93,10.12,210.0,0.966,0.474,monsoon,6,18.5204,73.8567
2023-06-02,RES-B,Reservoir B,55.286,5.851,1.331,11.75,31.49,4.21,12.94,210.0,1.209,0.667,monsoon,6,18.5204,73.8567
2023-06-03,RES-B,Reservoir B,55.439,1.152,0.796,1.01,32.69,4.35,1.18,210.0,0.72,0.092,monsoon,6,18.5204,73.8567
2023-06-04,RES-B,Reservoir B,56.73,4.538,1.054,7.77,30.37,3.67,9.04,210.0,0.959,0.501,monsoon,6,18.5204,73.8567
2023-06-05,RES-B,Reservoir B,56.357,1.473,1.507,2.12,31.19,4.22,2.54,210.0,1.338,0.181,monsoon,6,18.5204,73.8567
2023-06-06,RES-B,Reservoir B,55.795,1.188,1.383,0.26,32.13,3.73,0.29,210.0,1.275,0.167,monsoon,6,18.5204,73.8567
2023-06-07,RES-B,Reservoir B,57.426,4.786,1.392,8.15,32.54,4.3,10.03,210.0,1.23,0.452,monsoon,6,18.5204,73.8567
2023-06-08,RES-B,Reservoir B,59.01,4.422,1.435,7.74,31.88,4.4,9.36,210.0,1.334,0.515,monsoon,6,18.5204,73.8567
2023-06-09,RES-B,Reservoir B,59.657,3.234,0.913,5.17,32.3,4.4,6.02,210.0,0.85,0.38,monsoon,6,18.5204,73.8567
2023-06-10,RES-B,Reservoir B,62.341,6.793,1.457,11.92,32.09,4.23,13.75,210.0,1.236,0.664,monsoon,6,18.5204,73.8567
2023-06-11,RES-B,Reservoir B,62.261,1.89,1.415,2.14,31.8,4.29,2.61,210.0,1.245,0.175,monsoon,6,18.5204,73.8567
2023-06-12,RES-B,Reservoir B,63.933,5.2,1.081,9.35,31.64,4.06,11.34,210.0,0.948,0.52,monsoon,6,18.5204,73.8567
2023-06-13,RES-B,Reservoir B,64.465,3.045,1.52,4.47,31.49,4.28,5.18,210.0,1.396,0.276,monsoon,6,18.5204,73.8567
2023-06-14,RES-B,Reservoir B,65.035,3.153,1.205,4.82,32.28,4.39,5.55,210.0,0.981,0.321,monsoon,6,18.5204,73.8567
2023-06-15,RES-B,Reservoir B,65.146,0.571,0.751,0.35,32.49,4.13,0.38,210.0,0.571,0.098,monsoon,6,18.5204,73.8567
2023-06-16,RES-B,Reservoir B,67.798,6.578,1.113,12.02,32.24,4.45,13.37,210.0,0.905,0.633,monsoon,6,18.5204,73.8567
2023-06-17,RES-B,Reservoir B,69.998,4.655,0.811,7.47,30.59,4.25,8.28,210.0,0.69,0.523,monsoon,6,18.5204,73.8567
2023-06-18,RES-B,Reservoir B,71.992,5.415,1.08,9.04,30.8,4.15,9.98,210.0,0.928,0.524,monsoon,6,18.5204,73.8567
2023-06-19,RES-B,Reservoir B,72.143,1.598,0.967,1.79,32.48,5.12,2.01,210.0,0.796,0.172,monsoon,6,18.5204,73.8567
2023-06-20,RES-B,Reservoir B,74.597,4.384,0.716,6.72,33.77,4.51,8.25,210.0,0.594,0.397,monsoon,6,18.5204,73.8567
2023-06-21,RES-B,Reservoir B,74.84,2.674,1.033,4.46,32.18,4.28,5.44,210.0,0.888,0.295,monsoon,6,18.5204,73.8567
2023-06-22,RES-B,Reservoir B,77.004,4.367,0.913,7.83,31.51,4.15,9.6,210.0,0.792,0.461,monsoon,6,18.5204,73.8567
2023-06-23,RES-B,Reservoir B,79.166,3.903,0.697,6.44,32.27,4.08,7.69,210.0,0.527,0.402,monsoon,6,18.5204,73.8567
2023-06-24,RES-B,Reservoir B,84.544,11.013,0.723,19.55,30.64,4.38,23.34,210.0,0.639,1.057,monsoon,6,18.5204,73.8567
2023-06-25,RES-B,Reservoir B,88.064,8.231,0.94,15.06,33.57,4.32,16.85,210.0,0.761,0.857,monsoon,6,18.5204,73.8567
2023-06-26,RES-B,Reservoir B,89.469,2.669,0.825,3.96,32.22,4.2,4.77,210.0,0.66,0.285,monsoon,6,18.5204,73.8567
2023-06-27,RES-B,Reservoir B,91.58,5.34,0.843,8.14,31.2,4.08,9.3,210.0,0.703,0.508,monsoon,6,18.5204,73.8567
2023-06-28,RES-B,Reservoir B,92.078,2.491,0.976,3.63,31.8,4.02,4.27,210.0,0.804,0.261,monsoon,6,18.5204,73.8567
2023-06-29,RES-B,Reservoir B,95.203,7.406,0.82,11.66,31.37,3.74,14.5,210.0,0.688,0.67,monsoon,6,18.5204,73.8567
2023-06-30,RES-B,Reservoir B,96.108,2.937,0.682,4.65,33.57,4.39,5.72,210.0,0.565,0.305,monsoon,6,18.5204,73.8567
2023-07-01,RES-B,Reservoir B,96.187,1.976,1.165,3.12,27.76,4.09,3.54,210.0,0.988,0.266,monsoon,7,18.5204,73.8567
2023-07-02,RES-B,Reservoir B,98.0,4.037,0.883,6.63,28.19,3.94,8.03,210.0,0.703,0.421,monsoon,7,18.5204,73.8567
2023-07-03,RES-B,Reservoir B,98.0,7.635,1.023,14.15,28.69,4.41,15.79,210.0,0.898,0.783,monsoon,7,18.5204,73.8567
2023-07-04,RES-B,Reservoir B,98.0,6.578,0.94,12.41,27.11,3.98,13.7,210.0,0.82,0.695,monsoon,7,18.5204,73.8567
2023-07-05,RES-B,Reservoir B,98.0,3.33,1.01,3.32,28.23,4.05,3.66,210.0,0.869,0.243,monsoon,7,18.5204,73.8567
2023-07-06,RES-B,Reservoir B,98.0,9.852,1.324,18.25,28.33,4.46,20.54,210.0,1.202,0.993,monsoon,7,18.5204,73.8567
2023-07-07,RES-B,Reservoir B,97.879,1.921,1.342,1.93,26.14,3.61,2.33,210.0,1.115,0.175,monsoon,7,18.5204,73.8567
2023-07-08,RES-B,Reservoir B,97.81,1.977,1.276,2.72,28.3,3.92,3.14,210.0,1.11,0.199,monsoon,7,18.5204,73.8567
2023-07-09,RES-B,Reservoir B,98.0,6.095,1.091,11.26,27.95,3.85,12.41,210.0,0.94,0.666,monsoon,7,18.5204,73.8567
2023-07-10,RES-B,Reservoir B,98.0,1.289,1.121,0.26,28.16,4.34,0.33,210.0,1.018,0.118,monsoon,7,18.5204,73.8567
2023-07-11,RES-B,Reservoir B,98.0,2.876,1.329,5.38,28.04,3.87,6.35,210.0,1.142,0.403,monsoon,7,18.5204,73.8567
2023-07-12,RES-B,Reservoir B,98.0,2.342,1.159,3.94,28.31,3.7,4.57,210.0,1.039,0.259,monsoon,7,18.5204,73.8567
2023-07-13,RES-B,Reservoir B,98.0,10.141,1.242,19.08,29.6,4.23,22.47,210.0,1.125,1.054,monsoon,7,18.5204,73.8567
2023-07-14,RES-B,Reservoir B,98.0,2.025,1.285,1.52,26.58,3.45,1.79,210.0,1.097,0.099,monsoon,7,18.5204,73.8567
2023-07-15,RES-B,Reservoir B,98.0,1.534,1.032,1.75,27.59,3.97,2.05,210.0,0.862,0.192,monsoon,7,18.5204,73.8567
2023-07-16,RES-B,Reservoir B,98.0,11.407,0.595,21.12,28.8,4.08,25.17,210.0,0.57,1.092,monsoon,7,18.5204,73.8567
2023-07-17,RES-B,Reservoir B,98.0,2.798,0.827,3.99,28.58,3.87,4.92,210.0,0.685,0.25,monsoon,7,18.5204,73.8567
2023-07-18,RES-B,Reservoir B,98.0,7.995,0.895,13.71,28.55,4.1,15.7,210.0,0.738,0.776,monsoon,7,18.5204,73.8567
2023-07-19,RES-B,Reservoir B,98.0,1.904,0.731,3.36,31.3,3.81,3.94,210.0,0.598,0.229,monsoon,7,18.5204,73.8567
2023-07-20,RES-B,Reservoir B,98.0,2.325,0.683,2.6,28.74,4.0,2.86,210.0,0.525,0.187,monsoon,7,18.5204,73.8567
2023-07-21,RES-B,Reservoir B,98.0,7.836,0.732,14.26,29.36,3.88,17.53,210.0,0.673,0.778,monsoon,7,18.5204,73.8567
2023-07-22,RES-B,Reservoir B,98.0,13.462,1.024,25.09,27.63,4.67,28.75,210.0,1.016,1.357,monsoon,7,18.5204,73.8567
2023-07-23,RES-B,Reservoir B,98.0,7.95,0.679,15.14,26.81,3.76,17.27,210.0,0.578,0.809,monsoon,7,18.5204,73.8567
2023-07-24,RES-B,Reservoir B,98.0,2.375,0.826,3.13,27.62,3.64,3.91,210.0,0.662,0.235,monsoon,7,18.5204,73.8567
2023-07-25,RES-B,Reservoir B,98.0,3.319,0.487,5.16,28.85,3.55,6.13,210.0,0.487,0.327,monsoon,7,18.5204,73.8567
2023-07-26,RES-B,Reservoir B,98.0,1.356,1.009,1.85,28.49,4.31,2.07,210.0,0.901,0.197,monsoon,7,18.5204,73.8567
2023-07-27,RES-B,Reservoir B,98.0,1.463,0.938,2.26,28.48,3.81,2.58,210.0,0.884,0.219,monsoon,7,18.5204,73.8567
2023-07-28,RES-B,Reservoir B,98.0,1.644,1.057,2.13,27.74,3.59,2.45,210.0,0.919,0.131,monsoon,7,18.5204,73.8567
2023-07-29,RES-B,Reservoir B,98.0,2.567,1.3,3.44,27.55,3.91,4.3,210.0,1.052,0.284,monsoon,7,18.5204,73.8567
2023-07-30,RES-B,Reservoir B,98.0,3.485,0.975,5.98,27.78,4.03,6.97,210.0,0.836,0.361,monsoon,7,18.5204,73.8567
2023-07-31,RES-B,Reservoir B,98.0,3.318,1.051,5.37,28.87,4.15,6.09,210.0,0.907,0.355,monsoon,7,18.5204,73.8567
2023-08-01,RES-B,Reservoir B,98.0,5.066,1.45,9.95,25.01,3.51,11.8,210.0,1.258,0.55,monsoon,8,18.5204,73.8567
2023-08-02,RES-B,Reservoir B,98.0,3.763,1.293,6.28,22.79,3.28,7.28,210.0,1.142,0.405,monsoon,8,18.5204,73.8567
2023-08-03,RES-B,Reservoir B,98.0,5.64,0.892,9.17,24.91,3.56,10.16,210.0,0.753,0.615,monsoon,8,18.5204,73.8567
2023-08-04,RES-B,Reservoir B,98.0,6.247,1.381,10.43,23.22,3.39,12.83,210.0,1.185,0.606,monsoon,8,18.5204,73.8567
2023-08-05,RES-B,Reservoir B,98.0,2.328,1.224,3.19,24.56,3.57,3.52,210.0,1.051,0.226,monsoon,8,18.5204,73.8567
2023-08-06,RES-B,Reservoir B,98.0,3.156,1.448,4.55,23.77,3.68,5.62,210.0,1.283,0.301,monsoon,8,18.5204,73.8567
2023-08-07,RES-B,Reservoir B,98.0,23.156,1.353,45.52,25.88,3.62,55.48,210.0,1.21,2.312,monsoon,8,18.5204,73.8567
2023-08-08,RES-B,Reservoir B,98.0,2.793,1.009,2.91,23.5,3.07,3.24,210.0,0.877,0.269,monsoon,8,18.5204,73.8567
2023-08-09,RES-B,Reservoir B,98.0,6.302,1.353,9.62,24.21,3.36,11.63,210.0,1.157,0.57,monsoon,8,18.5204,73.8567
2023-08-10,RES-B,Reservoir B,98.0,1.411,1.251,1.11,24.73,3.69,1.35,210.0,1.117,0.104,monsoon,8,18.5204,73.8567
2023-08-11,RES-B,Reservoir B,98.0,6.999,1.313,10.69,22.95,2.72,12.72,210.0,1.101,0.584,monsoon,8,18.5204,73.8567
2023-08-12,RES-B,Reservoir B,98.0,1.755,1.186,2.41,23.91,2.84,2.86,210.0,1.088,0.201,monsoon,8,18.5204,73.8567
2023-08-13,RES-B,Reservoir B,98.0,3.075,1.398,5.55,23.68,3.62,6.15,210.0,1.176,0.386,monsoon,8,18.5204,73.8567
2023-08-14,RES-B,Reservoir B,98.0,3.012,1.136,5.03,23.38,3.76,5.58,210.0,0.962,0.297,monsoon,8,18.5204,73.8567
2023-08-15,RES-B,Reservoir B,98.0,3.274,0.953,5.14,23.47,2.94,6.21,210.0,0.851,0.37,monsoon,8,18.5204,73.8567
2023-08-16,RES-B,Reservoir B,98.0,3.755,1.146,4.38,25.33,3.57,4.89,210.0,0.971,0.296,monsoon,8,18.5204,73.8567
2023-08-17,RES-B,Reservoir B,98.0,4.577,1.207,7.89,23.28,3.17,8.97,210.0,1.089,0.447,monsoon,8,18.5204,73.8567
2023-08-18,RES-B,Reservoir B,98.0,7.071,1.003,13.3,24.68,3.38,15.63,210.0,0.851,0.731,monsoon,8,18.5204,73.8567
2023-08-19,RES-B,Reservoir B,97.672,1.339,0.84,1.74,24.38,3.52,1.96,210.0,0.714,0.22,monsoon,8,18.5204,73.8567
2023-08-20,RES-B,Reservoir B,98.0,3.434,0.87,4.49,22.32,2.79,5.47,210.0,0.727,0.263,monsoon,8,18.5204,73.8567
2023-08-21,RES-B,Reservoir B,98.0,1.355,0.887,0.41,24.62,3.12,0.5,210.0,0.69,0.079,monsoon,8,18.5204,73.8567
2023-08-22,RES-B,Reservoir B,98.0,3.719,0.83,6.2,22.3,3.09,7.6,210.0,0.654,0.419,monsoon,8,18.5204,73.8567
2023-08-23,RES-B,Reservoir B,97.933,0.913,1.081,1.58,24.75,3.43,1.75,210.0,0.987,0.165,monsoon,8,18.5204,73.8567
2023-08-24,RES-B,Reservoir B,98.0,3.028,0.668,5.32,23.39,2.97,6.19,210.0,0.571,0.322,monsoon,8,18.5204,73.8567
2023-08-25,RES-B,Reservoir B,98.0,4.607,1.051,6.43,24.01,3.62,7.89,210.0,0.887,0.431,monsoon,8,18.5204,73.8567
2023-08-26,RES-B,Reservoir B,97.739,1.318,0.901,0.56,22.45,3.07,0.65,210.0,0.734,0.138,monsoon,8,18.5204,73.8567
2023-08-27,RES-B,Reservoir B,98.0,4.471,0.693,7.35,24.15,3.27,8.85,210.0,0.576,0.457,monsoon,8,18.5204,73.8567
2023-08-28,RES-B,Reservoir B,98.0,7.787,1.049,12.79,25.11,3.6,15.2,210.0,0.82,0.701,monsoon,8,18.5204,73.8567
2023-08-29,RES-B,Reservoir B,98.0,5.858,1.009,8.89,23.03,3.23,10.24,210.0,0.818,0.511,monsoon,8,18.5204,73.8567
2023-08-30,RES-B,Reservoir B,98.0,1.669,1.157,1.8,23.27,3.54,2.05,210.0,1.039,0.178,monsoon,8,18.5204,73.8567
2023-08-31,RES-B,Reservoir B,98.0,3.273,1.129,5.0,24.55,3.17,5.99,210.0,1.015,0.291,monsoon,8,18.5204,73.8567
2023-09-01,RES-B,Reservoir B,98.0,3.315,1.032,5.55,21.65,2.68,6.22,210.0,0.894,0.397,monsoon,9,18.5204,73.8567
2023-09-02,RES-B,Reservoir B,98.0,2.982,1.44,4.58,18.15,2.59,5.63,210.0,1.306,0.36,monsoon,9,18.5204,73.8567
2023-09-03,RES-B,Reservoir B,97.358,0.792,1.493,1.03,23.49,3.34,1.23,210.0,1.28,0.125,monsoon,9,18.5204,73.8567
2023-09-04,RES-B,Reservoir B,96.789,1.34,1.575,2.17,21.71,2.73,2.42,210.0,1.376,0.199,monsoon,9,18.5204,73.8567
2023-09-05,RES-B,Reservoir B,97.606,2.274,1.336,4.18,21.91,2.71,5.04,210.0,1.184,0.325,monsoon,9,18.5204,73.8567
2023-09-06,RES-B,Reservoir B,98.0,4.311,1.327,6.35,20.9,3.06,7.4,210.0,1.143,0.456,monsoon,9,18.5204,73.8567
2023-09-07,RES-B,Reservoir B,98.0,1.673,1.434,2.89,18.85,2.53,3.27,210.0,1.243,0.271,monsoon,9,18.5204,73.8567
2023-09-08,RES-B,Reservoir B,98.0,1.647,1.183,0.33,21.88,2.69,0.41,210.0,1.03,0.044,monsoon,9,18.5204,73.8567
2023-09-09,RES-B,Reservoir B,98.0,2.081,1.275,3.09,20.39,3.24,3.74,210.0,1.105,0.225,monsoon,9,18.5204,73.8567
2023-09-10,RES-B,Reservoir B,98.0,11.078,1.2,19.53,21.72,2.92,23.22,210.0,1.021,1.072,monsoon,9,18.5204,73.8567
2023-09-11,RES-B,Reservoir B,98.0,4.356,0.957,7.39,20.81,3.34,9.08,210.0,0.783,0.435,monsoon,9,18.5204,73.8567
2023-09-12,RES-B,Reservoir B,98.0,3.31,1.082,6.18,21.36,3.07,7.31,210.0,0.971,0.443,monsoon,9,18.5204,73.8567
2023-09-13,RES-B,Reservoir B,98.0,2.3,0.95,2.13,20.14,3.01,2.48,210.0,0.834,0.235,monsoon,9,18.5204,73.8567
2023-09-14,RES-B,Reservoir B,98.0,2.885,0.947,3.25,22.11,3.09,3.67,210.0,0.812,0.218,monsoon,9,18.5204,73.8567
2023-09-15,RES-B,Reservoir B,98.0,0.621,0.968,0.28,19.65,2.06,0.32,210.0,0.853,0.089,monsoon,9,18.5204,73.8567
2023-09-16,RES-B,Reservoir B,98.0,1.651,1.02,1.96,23.77,3.01,2.28,210.0,0.944,0.156,monsoon,9,18.5204,73.8567
2023-09-17,RES-B,Reservoir B,98.0,3.97,0.771,7.07,23.76,3.31,8.26,210.0,0.587,0.427,monsoon,9,18.5204,73.8567
2023-09-18,RES-B,Reservoir B,98.0,3.851,0.8,6.23,23.03,3.37,7.53,210.0,0.633,0.385,monsoon,9,18.5204,73.8567
2023-09-19,RES-B,Reservoir B,98.0,2.119,0.631,2.6,22.6,2.68,3.03,210.0,0.547,0.239,monsoon,9,18.5204,73.8567
2023-09-20,RES-B,Reservoir B,98.0,2.942,0.665,4.57,20.97,3.0,5.44,210.0,0.527,0.282,monsoon,9,18.5204,73.8567
2023-09-21,RES-B,Reservoir B,98.0,2.838,0.703,5.37,22.47,2.86,6.58,210.0,0.562,0.27,monsoon,9,18.5204,73.8567
2023-09-22,RES-B,Reservoir B,98.0,1.976,0.792,2.76,20.96,3.09,3.45,210.0,0.633,0.17,monsoon,9,18.5204,73.8567
2023-09-23,RES-B,Reservoir B,98.0,4.872,0.867,7.78,19.21,2.8,8.93,210.0,0.771,0.438,monsoon,9,18.5204,73.8567
2023-09-24,RES-B,Reservoir B,98.0,3.781,0.845,6.12,22.88,3.47,7.56,210.0,0.762,0.366,monsoon,9,18.5204,73.8567
2023-09-25,RES-B,Reservoir B,98.0,2.368,0.771,3.38,22.43,3.51,4.13,210.0,0.595,0.255,monsoon,9,18.5204,73.8567
2023-09-26,RES-B,Reservoir B,98.0,1.031,1.066,1.14,21.03,3.16,1.26,210.0,0.992,0.105,monsoon,9,18.5204,73.8567
2023-09-27,RES-B,Reservoir B,98.0,2.124,1.128,3.13,19.6,3.11,3.59,210.0,0.99,0.2,monsoon,9,18.5204,73.8567
2023-09-28,RES-B,Reservoir B,98.0,2.717,0.899,2.9,20.37,2.84,3.29,210.0,0.765,0.197,monsoon,9,18.5204,73.8567
2023-09-29,RES-B,Reservoir B,98.0,1.686,1.279,2.59,18.89,3.61,3.11,210.0,1.136,0.176,monsoon,9,18.5204,73.8567
2023-09-30,RES-B,Reservoir B,98.0,1.351,1.213,0.6,22.21,2.8,0.71,210.0,1.051,0.094,monsoon,9,18.5204,73.8567
2023-10-01,RES-B,Reservoir B,98.0,1.766,1.253,1.92,18.08,2.51,2.26,210.0,1.023,0.158,autumn,10,18.5204,73.8567
2023-10-02,RES-B,Reservoir B,97.576,0.914,1.21,0.06,20.34,3.21,0.07,210.0,1.139,0.104,autumn,10,18.5204,73.8567
2023-10-03,RES-B,Reservoir B,97.398,0.681,1.306,0.28,18.99,3.0,0.32,210.0,1.113,0.064,autumn,10,18.5204,73.8567
2023-10-04,RES-B,Reservoir B,97.175,0.996,1.244,0.65,18.29,2.84,0.75,210.0,1.22,0.102,autumn,10,18.5204,73.8567
2023-10-05,RES-B,Reservoir B,96.499,0.908,1.396,0.22,20.29,3.14,0.27,210.0,1.177,0.075,autumn,10,18.5204,73.8567
2023-10-06,RES-B,Reservoir B,96.964,0.686,1.146,0.14,19.6,2.23,0.17,210.0,1.098,0.111,autumn,10,18.5204,73.8567
2023-10-07,RES-B,Reservoir B,96.717,1.187,1.106,0.55,21.01,3.5,0.66,210.0,0.834,0.103,autumn,10,18.5204,73.8567
2023-10-08,RES-B,Reservoir B,96.215,0.997,1.326,0.08,18.48,2.66,0.09,210.0,1.196,0.115,autumn,10,18.5204,73.8567
2023-10-09,RES-B,Reservoir B,96.271,1.58,1.244,0.04,19.09,3.16,0.04,210.0,1.03,0.047,autumn,10,18.5204,73.8567
2023-10-10,RES-B,Reservoir B,96.549,1.026,1.368,0.26,17.13,1.95,0.3,210.0,1.164,0.092,autumn,10,18.5204,73.8567
2023-10-11,RES-B,Reservoir B,95.707,1.002,1.202,1.77,17.38,2.66,2.06,210.0,1.074,0.151,autumn,10,18.5204,73.8567
2023-10-12,RES-B,Reservoir B,96.315,1.473,1.032,0.54,22.16,2.99,0.62,210.0,0.9,0.07,autumn,10,18.5204,73.8567
2023-10-13,RES-B,Reservoir B,95.801,0.779,1.162,0.1,22.5,3.37,0.13,210.0,1.053,0.083,autumn,10,18.5204,73.8567
2023-10-14,RES-B,Reservoir B,96.391,2.078,1.068,1.16,20.11,3.01,1.39,210.0,0.879,0.19,autumn,10,18.5204,73.8567
2023-10-15,RES-B,Reservoir B,96.325,1.338,0.952,0.05,19.01,2.89,0.06,210.0,0.823,0.057,autumn,10,18.5204,73.8567
2023-10-16,RES-B,Reservoir B,97.293,1.384,0.841,1.55,19.64,2.54,1.77,210.0,0.732,0.154,autumn,10,18.5204,73.8567
2023-10-17,RES-B,Reservoir B,97.394,1.292,1.144,0.49,21.05,3.01,0.56,210.0,0.967,0.065,autumn,10,18.5204,73.8567
2023-10-18,RES-B,Reservoir B,97.096,0.613,0.682,0.04,19.38,2.77,0.05,210.0,0.577,0.038,autumn,10,18.5204,73.8567
2023-10-19,RES-B,Reservoir B,97.169,1.14,0.747,0.68,20.29,3.08,0.82,210.0,0.614,0.091,autumn,10,18.5204,73.8567
2023-10-20,RES-B,Reservoir B,97.487,1.242,0.621,0.42,19.98,3.19,0.47,210.0,0.466,0.087,autumn,10,18.5204,73.8567
2023-10-21,RES-B,Reservoir B,97.782,1.381,0.878,0.38,19.32,2.86,0.47,210.0,0.76,0.087,autumn,10,18.5204,73.8567
2023-10-22,RES-B,Reservoir B,98.0,1.31,0.7,0.4,19.37,2.44,0.45,210.0,0.575,0.093,autumn,10,18.5204,73.8567
2023-10-23,RES-B,Reservoir B,98.0,0.985,0.84,0.32,20.35,2.97,0.37,210.0,0.613,0.047,autumn,10,18.5204,73.8567
2023-10-24,RES-B,Reservoir B,97.991,1.804,0.776,0.27,18.83,3.54,0.34,210.0,0.637,0.075,autumn,10,18.5204,73.8567
2023-10-25,RES-B,Reservoir B,98.0,1.325,0.894,1.33,20.54,3.46,1.5,210.0,0.762,0.162,autumn,10,18.5204,73.8567
2023-10-26,RES-B,Reservoir B,98.0,0.342,0.752,0.21,19.43,1.94,0.24,210.0,0.611,0.05,autumn,10,18.5204,73.8567
2023-10-27,RES-B,Reservoir B,97.772,0.703,0.684,0.8,20.15,2.94,0.96,210.0,0.512,0.109,autumn,10,18.5204,73.8567
2023-10-28,RES-B,Reservoir B,98.0,1.856,1.067,1.1,21.66,3.38,1.27,210.0,0.969,0.144,autumn,10,18.5204,73.8567
2023-10-29,RES-B,Reservoir B,98.0,1.344,0.806,1.17,19.8,2.82,1.3,210.0,0.635,0.115,autumn,10,18.5204,73.8567
2023-10-30,RES-B,Reservoir B,97.822,1.08,1.293,0.46,21.1,2.89,0.51,210.0,1.13,0.113,autumn,10,18.5204,73.8567
2023-10-31,RES-B,Reservoir B,97.976,0.811,1.341,0.41,17.85,2.56,0.46,210.0,1.281,0.055,autumn,10,18.5204,73.8567
2023-11-01,RES-B,Reservoir B,97.114,0.771,1.301,0.26,20.51,3.13,0.31,210.0,1.061,0.12,autumn,11,18.5204,73.8567
2023-11-02,RES-B,Reservoir B,96.416,0.57,1.534,0.09,21.11,2.69,0.11,210.0,1.311,0.096,autumn,11,18.5204,73.8567
2023-11-03,RES-B,Reservoir B,96.866,1.3,1.244,0.67,23.38,3.66,0.82,210.0,1.134,0.115,autumn,11,18.5204,73.8567
2023-11-04,RES-B,Reservoir B,97.309,1.051,1.482,0.57,18.72,2.73,0.7,210.0,1.389,0.142,autumn,11,18.5204,73.8567
2023-11-05,RES-B,Reservoir B,98.0,1.058,1.242,0.22,20.96,2.73,0.24,210.0,1.08,0.081,autumn,11,18.5204,73.8567
2023-11-06,RES-B,Reservoir B,98.0,0.935,0.862,0.03,22.82,3.58,0.04,210.0,0.783,0.063,autumn,11,18.5204,73.8567
2023-11-07,RES-B,Reservoir B,97.858,0.675,1.323,0.05,20.13,2.45,0.06,210.0,1.105,0.124,autumn,11,18.5204,73.8567
2023-11-08,RES-B,Reservoir B,97.663,0.441,1.469,0.31,20.82,2.83,0.35,210.0,1.342,0.151,autumn,11,18.5204,73.8567
2023-11-09,RES-B,Reservoir B,97.656,0.426,1.358,0.34,21.47,2.9,0.39,210.0,1.127,0.076,autumn,11,18.5204,73.8567
2023-11-10,RES-B,Reservoir B,98.0,2.091,1.033,0.47,21.29,3.7,0.57,210.0,0.924,0.1,autumn,11,18.5204,73.8567
2023-11-11,RES-B,Reservoir B,98.0,1.386,1.146,0.14,22.95,3.05,0.16,210.0,1.001,0.118,autumn,11,18.5204,73.8567
2023-11-12,RES-B,Reservoir B,98.0,1.718,1.259,0.91,21.61,2.45,1.07,210.0,1.046,0.123,autumn,11,18.5204,73.8567
2023-11-13,RES-B,Reservoir B,98.0,0.715,0.969,0.3,22.67,3.05,0.36,210.0,0.835,0.113,autumn,11,18.5204,73.8567
2023-11-14,RES-B,Reservoir B,97.481,0.944,1.356,0.28,20.64,3.11,0.35,210.0,1.192,0.118,autumn,11,18.5204,73.8567
2023-11-15,RES-B,Reservoir B,97.293,0.747,0.88,0.47,20.18,3.16,0.54,210.0,0.675,0.087,autumn,11,18.5204,73.8567
2023-11-16,RES-B,Reservoir B,96.913,0.587,0.987,0.5,20.8,3.68,0.57,210.0,0.865,0.118,autumn,11,18.5204,73.8567
2023-11-17,RES-B,Reservoir B,96.555,1.011,0.885,0.84,19.68,3.28,1.04,210.0,0.798,0.122,autumn,11,18.5204,73.8567
2023-11-18,RES-B,Reservoir B,96.266,1.284,0.634,0.04,21.65,3.15,0.05,210.0,0.557,0.045,autumn,11,18.5204,73.8567
2023-11-19,RES-B,Reservoir B,96.398,1.37,0.767,0.56,20.61,2.71,0.67,210.0,0.588,0.078,autumn,11,18.5204,73.8567
2023-11-20,RES-B,Reservoir B,96.147,0.668,0.974,0.42,20.27,3.42,0.5,210.0,0.804,0.081,autumn,11,18.5204,73.8567
2023-11-21,RES-B,Reservoir B,96.395,1.306,0.887,1.25,21.67,2.99,1.47,210.0,0.684,0.17,autumn,11,18.5204,73.8567
2023-11-22,RES-B,Reservoir B,96.746,1.19,0.871,0.26,19.7,2.67,0.3,210.0,0.734,0.122,autumn,11,18.5204,73.8567
2023-11-23,RES-B,Reservoir B,96.966,0.867,0.547,0.54,22.0,3.01,0.61,210.0,0.469,0.13,autumn,11,18.5204,73.8567
2023-11-24,RES-B,Reservoir B,97.121,1.377,0.884,1.11,20.5,2.58,1.3,210.0,0.851,0.149,autumn,11,18.5204,73.8567
2023-11-25,RES-B,Reservoir B,96.984,1.505,1.135,1.14,22.46,3.06,1.34,210.0,0.841,0.15,autumn,11,18.5204,73.8567
2023-11-26,RES-B,Reservoir B,97.328,1.098,1.015,0.32,20.6,2.9,0.39,210.0,0.838,0.105,autumn,11,18.5204,73.8567
2023-11-27,RES-B,Reservoir B,97.188,0.911,1.111,0.04,21.83,3.34,0.05,210.0,0.954,0.094,autumn,11,18.5204,73.8567
2023-11-28,RES-B,Reservoir B,96.897,0.765,1.055,0.39,21.29,2.94,0.48,210.0,0.891,0.114,autumn,11,18.5204,73.8567
2023-11-29,RES-B,Reservoir B,96.73,0.804,0.991,0.39,21.96,2.76,0.49,210.0,0.913,0.058,autumn,11,18.5204,73.8567
2023-11-30,RES-B,Reservoir B,96.421,1.003,1.121,1.21,21.2,2.56,1.46,210.0,1.011,0.117,autumn,11,18.5204,73.8567
2023-12-01,RES-B,Reservoir B,95.853,0.478,1.253,0.46,22.0,3.2,0.51,210.0,1.016,0.072,winter,12,18.5204,73.8567
2023-12-02,RES-B,Reservoir B,95.317,0.922,1.627,0.33,25.21,3.55,0.38,210.0,1.444,0.13,winter,12,18.5204,73.8567
2023-12-03,RES-B,Reservoir B,95.305,1.547,1.386,0.93,23.89,3.2,1.11,210.0,1.275,0.176,winter,12,18.5204,73.8567
2023-12-04,RES-B,Reservoir B,95.34,0.723,1.092,0.82,24.95,3.35,0.97,210.0,1.003,0.056,winter,12,18.5204,73.8567
2023-12-05,RES-B,Reservoir B,95.334,1.257,1.578,0.74,24.83,3.6,0.83,210.0,1.454,0.164,winter,12,18.5204,73.8567
2023-12-06,RES-B,Reservoir B,95.8,1.081,1.207,0.01,23.07,3.69,0.02,210.0,1.073,0.083,winter,12,18.5204,73.8567
2023-12-07,RES-B,Reservoir B,95.667,0.206,1.373,0.1,22.9,3.01,0.11,210.0,1.121,0.115,winter,12,18.5204,73.8567
2023-12-08,RES-B,Reservoir B,96.086,0.819,1.361,0.23,24.79,3.5,0.27,210.0,1.22,0.107,winter,12,18.5204,73.8567
2023-12-09,RES-B,Reservoir B,96.585,1.486,0.842,0.22,23.64,3.62,0.27,210.0,0.751,0.134,winter,12,18.5204,73.8567
2023-12-10,RES-B,Reservoir B,97.14,1.857,1.113,1.75,25.12,3.28,2.04,210.0,0.966,0.174,winter,12,18.5204,73.8567
2023-12-11,RES-B,Reservoir B,96.84,0.773,1.029,1.27,23.79,3.35,1.5,210.0,0.866,0.103,winter,12,18.5204,73.8567
2023-12-12,RES-B,Reservoir B,97.169,1.129,1.017,0.2,25.23,3.52,0.24,210.0,0.931,0.087,winter,12,18.5204,73.8567
2023-12-13,RES-B,Reservoir B,96.688,0.557,1.074,0.04,24.51,3.05,0.04,210.0,0.904,0.097,winter,12,18.5204,73.8567
2023-12-14,RES-B,Reservoir B,96.493,1.67,0.997,1.28,24.35,3.47,1.45,210.0,0.787,0.138,winter,12,18.5204,73.8567
2023-12-15,RES-B,Reservoir B,96.873,0.583,0.891,0.05,23.55,3.34,0.06,210.0,0.735,0.102,winter,12,18.5204,73.8567
2023-12-16,RES-B,Reservoir B,96.367,0.867,0.984,0.17,24.28,3.58,0.2,210.0,0.874,0.087,winter,12,18.5204,73.8567
2023-12-17,RES-B,Reservoir B,96.457,0.746,0.852,0.27,25.43,3.2,0.32,210.0,0.729,0.076,winter,12,18.5204,73.8567
2023-12-18,RES-B,Reservoir B,96.172,0.825,0.736,0.05,23.93,3.38,0.05,210.0,0.668,0.05,winter,12,18.5204,73.8567
2023-12-19,RES-B,Reservoir B,96.536,0.788,0.817,0.37,24.64,3.87,0.47,210.0,0.674,0.087,winter,12,18.5204,73.8567
2023-12-20,RES-B,Reservoir B,96.946,1.045,1.092,0.65,24.06,4.01,0.79,210.0,0.927,0.119,winter,12,18.5204,73.8567
2023-12-21,RES-B,Reservoir B,96.995,0.564,0.793,0.36,24.15,3.78,0.41,210.0,0.688,0.039,winter,12,18.5204,73.8567
2023-12-22,RES-B,Reservoir B,97.576,1.185,0.853,0.43,26.07,3.28,0.5,210.0,0.606,0.078,winter,12,18.5204,73.8567
2023-12-23,RES-B,Reservoir B,97.864,1.26,0.617,0.81,25.44,3.69,0.94,210.0,0.428,0.061,winter,12,18.5204,73.8567
2023-12-24,RES-B,Reservoir B,98.0,0.697,0.598,0.93,24.1,3.25,1.13,210.0,0.538,0.108,winter,12,18.5204,73.8567
2023-12-25,RES-B,Reservoir B,98.0,1.148,0.79,0.0,24.26,3.5,0.0,210.0,0.728,0.116,winter,12,18.5204,73.8567
2023-12-26,RES-B,Reservoir B,97.748,1.087,0.933,0.7,23.16,3.05,0.85,210.0,0.832,0.08,winter,12,18.5204,73.8567
2023-12-27,RES-B,Reservoir B,97.75,0.997,1.045,0.28,23.79,2.84,0.35,210.0,0.817,0.115,winter,12,18.5204,73.8567
2023-12-28,RES-B,Reservoir B,97.948,1.679,1.199,1.24,24.37,3.32,1.45,210.0,1.005,0.227,winter,12,18.5204,73.8567
2023-12-29,RES-B,Reservoir B,97.825,1.078,1.148,0.33,25.02,3.72,0.4,210.0,0.916,0.14,winter,12,18.5204,73.8567
2023-12-30,RES-B,Reservoir B,97.332,1.268,1.06,0.12,24.9,3.57,0.14,210.0,0.91,0.09,winter,12,18.5204,73.8567
2023-12-31,RES-B,Reservoir B,97.253,0.872,1.317,0.35,22.67,3.34,0.42,210.0,1.178,0.123,winter,12,18.5204,73.8567
2024-01-01,RES-B,Reservoir B,97.099,2.118,1.41,1.94,29.17,4.07,2.27,210.0,1.322,0.136,winter,1,18.5204,73.8567
2024-01-02,RES-B,Reservoir B,96.181,1.117,1.139,0.55,27.89,3.97,0.67,210.0,0.972,0.06,winter,1,18.5204,73.8567
2024-01-03,RES-B,Reservoir B,96.135,1.493,1.325,1.06,26.82,3.88,1.16,210.0,1.185,0.134,winter,1,18.5204,73.8567
2024-01-04,RES-B,Reservoir B,95.865,1.019,1.001,0.16,29.6,3.97,0.18,210.0,0.863,0.1,winter,1,18.5204,73.8567
2024-01-05,RES-B,Reservoir B,95.653,1.354,1.147,0.24,29.76,4.1,0.28,210.0,0.917,0.125,winter,1,18.5204,73.8567
2024-01-06,RES-B,Reservoir B,94.59,1.267,1.172,0.43,28.32,4.42,0.53,210.0,1.028,0.084,winter,1,18.5204,73.8567
2024-01-07,RES-B,Reservoir B,94.14,1.164,1.473,1.05,28.85,4.0,1.23,210.0,1.256,0.138,winter,1,18.5204,73.8567
2024-01-08,RES-B,Reservoir B,93.909,0.676,1.001,0.2,28.92,3.98,0.24,210.0,0.93,0.095,winter,1,18.5204,73.8567
2024-01-09,RES-B,Reservoir B,93.565,0.942,1.164,0.32,29.67,4.09,0.37,210.0,0.879,0.092,winter,1,18.5204,73.8567
2024-01-10,RES-B,Reservoir B,93.418,0.536,1.089,0.0,28.87,3.9,0.0,210.0,0.957,0.078,winter,1,18.5204,73.8567
2024-01-11,RES-B,Reservoir B,93.61,0.51,1.091,0.16,26.41,3.54,0.19,210.0,0.906,0.062,winter,1,18.5204,73.8567
2024-01-12,RES-B,Reservoir B,93.768,0.874,0.924,1.64,30.41,4.21,2.04,210.0,0.73,0.17,winter,1,18.5204,73.8567
2024-01-13,RES-B,Reservoir B,93.79,0.534,1.221,0.55,29.28,3.86,0.68,210.0,1.096,0.114,winter,1,18.5204,73.8567
2024-01-14,RES-B,Reservoir B,94.855,2.325,0.904,1.67,27.39,3.74,2.04,210.0,0.713,0.15,winter,1,18.5204,73.8567
2024-01-15,RES-B,Reservoir B,94.536,1.002,0.925,0.88,26.76,3.47,0.99,210.0,0.731,0.144,winter,1,18.5204,73.8567
2024-01-16,RES-B,Reservoir B,95.314,2.042,0.738,1.17,28.61,3.97,1.34,210.0,0.623,0.169,winter,1,18.5204,73.8567
2024-01-17,RES-B,Reservoir B,95.729,1.011,0.843,0.14,27.67,4.0,0.17,210.0,0.728,0.107,winter,1,18.5204,73.8567
2024-01-18,RES-B,Reservoir B,96.168,2.21,0.989,2.88,28.4,3.84,3.45,210.0,0.837,0.193,winter,1,18.5204,73.8567
2024-01-19,RES-B,Reservoir B,95.587,0.426,1.045,0.31,28.89,3.36,0.35,210.0,0.901,0.098,winter,1,18.5204,73.8567
2024-01-20,RES-B,Reservoir B,95.904,1.082,0.768,0.56,27.32,3.96,0.68,210.0,0.548,0.081,winter,1,18.5204,73.8567
2024-01-21,RES-B,Reservoir B,95.799,1.912,1.034,0.92,26.66,3.74,1.04,210.0,0.849,0.129,winter,1,18.5204,73.8567
2024-01-22,RES-B,Reservoir B,95.748,1.666,0.943,0.65,28.46,3.62,0.74,210.0,0.797,0.085,winter,1,18.5204,73.8567
2024-01-23,RES-B,Reservoir B,95.431,0.923,1.08,0.05,27.36,4.02,0.06,210.0,0.899,0.121,winter,1,18.5204,73.8567
2024-01-24,RES-B,Reservoir B,95.474,0.6,0.832,0.4,28.18,3.46,0.5,210.0,0.785,0.124,winter,1,18.5204,73.8567
2024-01-25,RES-B,Reservoir B,95.698,1.231,0.939,1.54,26.39,3.98,1.87,210.0,0.82,0.192,winter,1,18.5204,73.8567
2024-01-26,RES-B,Reservoir B,96.09,1.251,1.205,1.52,27.7,3.81,1.79,210.0,1.04,0.187,winter,1,18.5204,73.8567
2024-01-27,RES-B,Reservoir B,95.878,1.55,1.301,0.61,28.86,3.28,0.74,210.0,1.095,0.102,winter,1,18.5204,73.8567
2024-01-28,RES-B,Reservoir B,95.584,1.533,1.397,0.33,28.73,4.0,0.4,210.0,1.237,0.084,winter,1,18.5204,73.8567
2024-01-29,RES-B,Reservoir B,95.667,1.085,1.3,0.44,27.05,3.62,0.51,210.0,1.077,0.154,winter,1,18.5204,73.8567
2024-01-30,RES-B,Reservoir B,95.143,0.777,1.263,0.17,26.6,3.52,0.2,210.0,1.07,0.083,winter,1,18.5204,73.8567
2024-01-31,RES-B,Reservoir B,95.161,1.405,0.873,0.13,28.02,3.64,0.15,210.0,0.748,0.046,winter,1,18.5204,73.8567
2024-02-01,RES-B,Reservoir B,94.434,0.889,1.039,0.87,32.67,4.38,1.03,210.0,0.896,0.154,winter,2,18.5204,73.8567
2024-02-02,RES-B,Reservoir B,94.342,0.891,1.26,0.15,32.49,4.25,0.17,210.0,1.089,0.092,winter,2,18.5204,73.8567
2024-02-03,RES-B,Reservoir B,94.926,1.205,1.111,0.49,31.39,3.71,0.57,210.0,0.983,0.15,winter,2,18.5204,73.8567
2024-02-04,RES-B,Reservoir B,94.518,1.391,1.486,1.81,32.36,4.76,2.13,210.0,1.26,0.178,winter,2,18.5204,73.8567
2024-02-05,RES-B,Reservoir B,94.776,0.843,1.015,0.54,33.8,4.48,0.6,210.0,0.92,0.107,winter,2,18.5204,73.8567
2024-02-06,RES-B,Reservoir B,94.598,0.852,1.176,0.61,32.25,4.15,0.72,210.0,1.011,0.156,winter,2,18.5204,73.8567
2024-02-07,RES-B,Reservoir B,94.142,1.549,1.164,0.51,30.04,3.77,0.61,210.0,0.978,0.059,winter,2,18.5204,73.8567
2024-02-08,RES-B,Reservoir B,94.223,2.171,1.317,1.42,32.24,4.6,1.69,210.0,1.182,0.133,winter,2,18.5204,73.8567
2024-02-09,RES-B,Reservoir B,93.921,1.097,0.984,0.53,34.45,4.24,0.58,210.0,0.861,0.08,winter,2,18.5204,73.8567
2024-02-10,RES-B,Reservoir B,93.606,0.758,1.114,0.11,30.46,4.19,0.12,210.0,0.968,0.019,winter,2,18.5204,73.8567
2024-02-11,RES-B,Reservoir B,93.614,0.796,1.068,0.42,32.04,4.17,0.48,210.0,0.877,0.127,winter,2,18.5204,73.8567
2024-02-12,RES-B,Reservoir B,94.153,0.879,1.059,0.16,31.73,4.15,0.19,210.0,0.934,0.071,winter,2,18.5204,73.8567
2024-02-13,RES-B,Reservoir B,93.565,0.811,0.977,0.41,32.12,4.02,0.5,210.0,0.881,0.128,winter,2,18.5204,73.8567
2024-02-14,RES-B,Reservoir B,93.335,0.826,0.917,0.12,32.23,4.18,0.14,210.0,0.709,0.098,winter,2,18.5204,73.8567
2024-02-15,RES-B,Reservoir B,93.293,1.196,0.599,0.51,33.37,4.51,0.61,210.0,0.429,0.124,winter,2,18.5204,73.8567
2024-02-16,RES-B,Reservoir B,92.797,0.769,0.828,0.22,32.1,4.42,0.27,210.0,0.627,0.078,winter,2,18.5204,73.8567
2024-02-17,RES-B,Reservoir B,92.925,1.074,0.836,0.68,33.53,4.29,0.85,210.0,0.648,0.091,winter,2,18.5204,73.8567
2024-02-18,RES-B,Reservoir B,92.887,0.908,0.953,0.35,31.86,4.3,0.39,210.0,0.694,0.1,winter,2,18.5204,73.8567
2024-02-19,RES-B,Reservoir B,92.234,0.754,0.757,0.13,31.58,4.56,0.15,210.0,0.552,0.114,winter,2,18.5204,73.8567
2024-02-20,RES-B,Reservoir B,92.137,0.781,0.968,0.27,31.2,3.74,0.33,210.0,0.855,0.092,winter,2,18.5204,73.8567
2024-02-21,RES-B,Reservoir B,91.905,1.327,0.89,0.53,29.82,4.08,0.61,210.0,0.716,0.085,winter,2,18.5204,73.8567
2024-02-22,RES-B,Reservoir B,91.655,0.259,0.737,0.16,32.33,4.09,0.18,210.0,0.615,0.052,winter,2,18.5204,73.8567
2024-02-23,RES-B,Reservoir B,92.327,1.377,0.857,0.05,34.46,4.32,0.06,210.0,0.73,0.089,winter,2,18.5204,73.8567
2024-02-24,RES-B,Reservoir B,92.524,1.325,1.217,0.97,32.55,4.48,1.13,210.0,1.137,0.112,winter,2,18.5204,73.8567
2024-02-25,RES-B,Reservoir B,92.549,1.098,1.135,0.17,32.82,4.28,0.21,210.0,1.0,0.086,winter,2,18.5204,73.8567
2024-02-26,RES-B,Reservoir B,92.344,1.276,1.286,0.45,31.5,3.92,0.54,210.0,1.109,0.095,winter,2,18.5204,73.8567
2024-02-27,RES-B,Reservoir B,92.188,0.669,0.992,0.24,31.71,4.7,0.27,210.0,0.845,0.079,winter,2,18.5204,73.8567
2024-02-28,RES-B,Reservoir B,92.132,0.555,1.039,0.15,33.18,4.76,0.19,210.0,0.944,0.096,winter,2,18.5204,73.8567
2024-02-29,RES-B,Reservoir B,92.244,0.957,1.057,1.05,34.41,4.05,1.22,210.0,0.984,0.149,winter,2,18.5204,73.8567
2024-03-01,RES-B,Reservoir B,92.44,1.847,1.4,2.27,36.71,4.46,2.83,210.0,1.144,0.252,summer,3,18.5204,73.8567
2024-03-02,RES-B,Reservoir B,92.415,1.11,1.278,0.13,35.89,4.99,0.15,210.0,1.112,0.109,summer,3,18.5204,73.8567
2024-03-03,RES-B,Reservoir B,91.81,0.895,1.184,0.6,34.97,4.61,0.74,210.0,1.075,0.158,summer,3,18.5204,73.8567
2024-03-04,RES-B,Reservoir B,91.484,1.19,1.267,0.35,35.18,5.17,0.44,210.0,1.094,0.073,summer,3,18.5204,73.8567
2024-03-05,RES-B,Reservoir B,91.389,0.605,1.278,1.27,34.02,4.77,1.56,210.0,1.019,0.096,summer,3,18.5204,73.8567
2024-03-06,RES-B,Reservoir B,91.483,0.889,1.271,0.45,33.19,4.57,0.55,210.0,1.09,0.102,summer,3,18.5204,73.8567
2024-03-07,RES-B,Reservoir B,91.494,1.248,1.263,0.08,33.58,4.22,0.09,210.0,1.253,0.11,summer,3,18.5204,73.8567
2024-03-08,RES-B,Reservoir B,92.127,1.362,1.103,1.25,34.99,4.85,1.51,210.0,0.82,0.164,summer,3,18.5204,73.8567
2024-03-09,RES-B,Reservoir B,92.526,1.549,1.111,2.1,34.58,4.27,2.49,210.0,1.054,0.221,summer,3,18.5204,73.8567
2024-03-10,RES-B,Reservoir B,92.185,0.836,1.299,0.54,33.16,4.87,0.63,210.0,1.159,0.031,summer,3,18.5204,73.8567
2024-03-11,RES-B,Reservoir B,91.305,0.05,0.966,0.09,34.88,4.81,0.11,210.0,0.873,0.122,summer,3,18.5204,73.8567
2024-03-12,RES-B,Reservoir B,91.878,1.041,0.882,1.21,34.55,4.4,1.38,210.0,0.769,0.151,summer,3,18.5204,73.8567
2024-03-13,RES-B,Reservoir B,92.21,1.303,1.101,0.27,33.52,4.76,0.31,210.0,0.937,0.047,summer,3,18.5204,73.8567
2024-03-14,RES-B,Reservoir B,92.825,0.674,0.652,0.16,34.48,5.31,0.19,210.0,0.605,0.109,summer,3,18.5204,73.8567
2024-03-15,RES-B,Reservoir B,93.601,0.929,0.856,0.59,34.54,4.58,0.68,210.0,0.711,0.115,summer,3,18.5204,73.8567
2024-03-16,RES-B,Reservoir B,93.178,0.799,0.735,1.66,34.19,4.77,1.87,210.0,0.528,0.175,summer,3,18.5204,73.8567
2024-03-17,RES-B,Reservoir B,92.793,0.644,0.49,0.84,36.04,4.7,0.97,210.0,0.382,0.152,summer,3,18.5204,73.8567
2024-03-18,RES-B,Reservoir B,92.212,1.615,0.709,0.8,32.64,4.44,0.97,210.0,0.629,0.133,summer,3,18.5204,73.8567
2024-03-19,RES-B,Reservoir B,92.719,1.054,0.605,0.08,32.55,3.95,0.09,210.0,0.462,0.04,summer,3,18.5204,73.8567
2024-03-20,RES-B,Reservoir B,92.927,0.781,0.794,0.89,34.93,4.69,0.99,210.0,0.66,0.12,summer,3,18.5204,73.8567
2024-03-21,RES-B,Reservoir B,92.908,0.921,0.971,0.69,35.04,4.72,0.82,210.0,0.851,0.066,summer,3,18.5204,73.8567
2024-03-22,RES-B,Reservoir B,92.42,1.005,1.083,0.43,35.41,5.29,0.52,210.0,0.992,0.121,summer,3,18.5204,73.8567
2024-03-23,RES-B,Reservoir B,92.214,0.587,0.943,0.41,34.28,4.08,0.5,210.0,0.767,0.143,summer,3,18.5204,73.8567
2024-03-24,RES-B,Reservoir B,91.76,0.109,1.131,0.02,33.83,4.47,0.03,210.0,0.951,0.044,summer,3,18.5204,73.8567
2024-03-25,RES-B,Reservoir B,91.887,0.768,1.005,0.05,34.92,5.08,0.06,210.0,0.908,0.062,summer,3,18.5204,73.8567
2024-03-26,RES-B,Reservoir B,92.12,1.283,0.946,0.57,34.4,4.56,0.66,210.0,0.843,0.082,summer,3,18.5204,73.8567
2024-03-27,RES-B,Reservoir B,92.744,1.672,0.82,1.35,36.79,4.86,1.55,210.0,0.663,0.134,summer,3,18.5204,73.8567
2024-03-28,RES-B,Reservoir B,92.723,1.421,1.347,0.64,34.54,4.39,0.75,210.0,1.246,0.124,summer,3,18.5204,73.8567
2024-03-29,RES-B,Reservoir B,92.852,0.493,1.049,0.48,34.86,4.4,0.56,210.0,0.89,0.091,summer,3,18.5204,73.8567
2024-03-30,RES-B,Reservoir B,92.752,0.881,1.517,0.12,37.9,4.5,0.14,210.0,1.293,0.106,summer,3,18.5204,73.8567
2024-03-31,RES-B,Reservoir B,92.169,1.009,1.344,0.62,34.69,4.47,0.69,210.0,1.197,0.143,summer,3,18.5204,73.8567
2024-04-01,RES-B,Reservoir B,92.491,0.772,1.081,0.01,36.67,4.6,0.01,210.0,0.991,0.113,summer,4,18.5204,73.8567
2024-04-02,RES-B,Reservoir B,92.874,1.313,1.365,1.18,36.78,4.95,1.46,210.0,1.195,0.105,summer,4,18.5204,73.8567
2024-04-03,RES-B,Reservoir B,92.628,0.773,1.61,0.42,36.88,4.69,0.46,210.0,1.469,0.143,summer,4,18.5204,73.8567
2024-04-04,RES-B,Reservoir B,92.018,0.05,1.511,0.27,36.35,4.72,0.32,210.0,1.368,0.138,summer,4,18.5204,73.8567
2024-04-05,RES-B,Reservoir B,92.791,1.627,1.213,0.85,36.23,4.71,1.03,210.0,1.04,0.169,summer,4,18.5204,73.8567
2024-04-06,RES-B,Reservoir B,92.134,1.036,1.164,0.25,36.12,4.82,0.27,210.0,0.979,0.088,summer,4,18.5204,73.8567
2024-04-07,RES-B,Reservoir B,92.307,0.707,1.214,0.87,35.31,4.58,0.98,210.0,1.062,0.101,summer,4,18.5204,73.8567
2024-04-08,RES-B,Reservoir B,92.114,1.126,1.124,0.33,36.39,4.55,0.38,210.0,0.977,0.067,summer,4,18.5204,73.8567
2024-04-09,RES-B,Reservoir B,92.463,1.356,1.385,1.44,38.43,5.14,1.7,210.0,1.132,0.119,summer,4,18.5204,73.8567
2024-04-10,RES-B,Reservoir B,92.295,0.837,1.221,0.37,37.45,5.31,0.43,210.0,1.011,0.099,summer,4,18.5204,73.8567
2024-04-11,RES-B,Reservoir B,91.764,0.625,0.786,0.19,36.36,4.9,0.23,210.0,0.594,0.115,summer,4,18.5204,73.8567
2024-04-12,RES-B,Reservoir B,91.678,1.23,1.024,0.49,37.03,4.76,0.56,210.0,0.867,0.144,summer,4,18.5204,73.8567
2024-04-13,RES-B,Reservoir B,91.983,0.763,0.826,0.5,34.96,4.66,0.55,210.0,0.726,0.09,summer,4,18.5204,73.8567
2024-04-14,RES-B,Reservoir B,91.948,1.02,0.926,1.24,35.69,4.17,1.36,210.0,0.72,0.141,summer,4,18.5204,73.8567
2024-04-15,RES-B,Reservoir B,91.899,1.288,0.878,0.19,37.14,4.91,0.21,210.0,0.721,0.086,summer,4,18.5204,73.8567
2024-04-16,RES-B,Reservoir B,91.78,1.219,0.963,0.98,37.78,4.91,1.13,210.0,0.842,0.11,summer,4,18.5204,73.8567
2024-04-17,RES-B,Reservoir B,91.98,0.914,0.936,0.33,35.07,4.43,0.41,210.0,0.798,0.119,summer,4,18.5204,73.8567
2024-04-18,RES-B,Reservoir B,92.912,1.34,0.641,0.61,35.42,4.52,0.67,210.0,0.539,0.121,summer,4,18.5204,73.8567
2024-04-19,RES-B,Reservoir B,92.211,0.996,0.856,0.87,38.62,5.01,1.02,210.0,0.653,0.128,summer,4,18.5204,73.8567
2024-04-20,RES-B,Reservoir B,93.11,0.683,0.8,0.09,36.12,5.13,0.11,210.0,0.616,0.095,summer,4,18.5204,73.8567
2024-04-21,RES-B,Reservoir B,93.348,1.026,0.621,0.24,38.19,5.41,0.29,210.0,0.462,0.11,summer,4,18.5204,73.8567
2024-04-22,RES-B,Reservoir B,93.304,0.4,0.885,0.28,36.25,4.57,0.34,210.0,0.737,0.112,summer,4,18.5204,73.8567
2024-04-23,RES-B,Reservoir B,92.988,0.912,1.191,0.07,36.3,4.7,0.08,210.0,1.075,0.058,summer,4,18.5204,73.8567
2024-04-24,RES-B,Reservoir B,92.967,0.628,0.635,0.19,35.63,4.63,0.22,210.0,0.591,0.116,summer,4,18.5204,73.8567
2024-04-25,RES-B,Reservoir B,93.087,1.144,0.976,0.09,37.13,5.2,0.1,210.0,0.896,0.092,summer,4,18.5204,73.8567
2024-04-26,RES-B,Reservoir B,92.905,1.488,1.056,1.0,37.63,5.06,1.21,210.0,0.944,0.117,summer,4,18.5204,73.8567
2024-04-27,RES-B,Reservoir B,92.615,1.173,1.15,0.47,34.76,4.7,0.53,210.0,1.045,0.11,summer,4,18.5204,73.8567
2024-04-28,RES-B,Reservoir B,92.669,0.357,1.067,0.24,35.58,4.93,0.29,210.0,0.903,0.102,summer,4,18.5204,73.8567
2024-04-29,RES-B,Reservoir B,92.329,1.492,1.063,1.47,37.1,4.77,1.75,210.0,0.872,0.186,summer,4,18.5204,73.8567
2024-04-30,RES-B,Reservoir B,92.158,0.448,1.053,0.12,35.84,5.21,0.14,210.0,0.91,0.055,summer,4,18.5204,73.8567
2024-05-01,RES-B,Reservoir B,91.699,0.893,1.558,0.22,34.34,4.62,0.24,210.0,1.337,0.131,summer,5,18.5204,73.8567
2024-05-02,RES-B,Reservoir B,91.064,0.509,1.112,1.05,36.14,4.58,1.26,210.0,1.001,0.133,summer,5,18.5204,73.8567
2024-05-03,RES-B,Reservoir B,91.282,0.288,1.217,0.05,36.25,4.78,0.07,210.0,1.074,0.068,summer,5,18.5204,73.8567
2024-05-04,RES-B,Reservoir B,90.98,1.711,1.601,1.0,34.39,5.0,1.18,210.0,1.453,0.114,summer,5,18.5204,73.8567
2024-05-05,RES-B,Reservoir B,90.463,1.019,1.211,0.18,35.18,4.59,0.21,210.0,1.006,0.059,summer,5,18.5204,73.8567
2024-05-06,RES-B,Reservoir B,90.106,0.759,1.292,0.17,33.48,4.8,0.19,210.0,1.137,0.036,summer,5,18.5204,73.8567
2024-05-07,RES-B,Reservoir B,89.447,0.577,1.363,0.19,33.85,4.37,0.22,210.0,1.207,0.11,summer,5,18.5204,73.8567
2024-05-08,RES-B,Reservoir B,89.095,0.492,1.221,0.14,35.08,4.48,0.17,210.0,1.154,0.147,summer,5,18.5204,73.8567
2024-05-09,RES-B,Reservoir B,89.174,0.986,0.857,0.24,34.97,4.89,0.27,210.0,0.752,0.043,summer,5,18.5204,73.8567
2024-05-10,RES-B,Reservoir B,89.187,0.901,0.998,0.45,33.77,4.29,0.54,210.0,0.793,0.074,summer,5,18.5204,73.8567
2024-05-11,RES-B,Reservoir B,89.365,1.444,0.94,0.21,34.07,4.84,0.25,210.0,0.893,0.113,summer,5,18.5204,73.8567
2024-05-12,RES-B,Reservoir B,89.059,1.208,1.305,0.95,33.65,4.64,1.14,210.0,1.088,0.126,summer,5,18.5204,73.8567
2024-05-13,RES-B,Reservoir B,89.306,0.895,0.814,0.15,35.47,4.49,0.18,210.0,0.639,0.113,summer,5,18.5204,73.8567
2024-05-14,RES-B,Reservoir B,89.105,0.453,0.753,0.28,32.57,4.39,0.34,210.0,0.64,0.091,summer,5,18.5204,73.8567
2024-05-15,RES-B,Reservoir B,88.826,0.689,0.855,0.03,33.71,4.38,0.04,210.0,0.746,0.064,summer,5,18.5204,73.8567
2024-05-16,RES-B,Reservoir B,89.399,1.156,1.0,0.6,32.69,4.53,0.68,210.0,0.755,0.103,summer,5,18.5204,73.8567
2024-05-17,RES-B,Reservoir B,89.259,0.862,0.974,0.39,35.43,5.32,0.47,210.0,0.753,0.028,summer,5,18.5204,73.8567
2024-05-18,RES-B,Reservoir B,89.771,0.986,0.668,0.71,32.76,4.32,0.89,210.0,0.524,0.081,summer,5,18.5204,73.8567
2024-05-19,RES-B,Reservoir B,90.283,0.953,0.739,0.08,34.97,4.86,0.09,210.0,0.582,0.112,summer,5,18.5204,73.8567
2024-05-20,RES-B,Reservoir B,90.964,1.357,0.834,0.05,36.9,4.93,0.07,210.0,0.716,0.118,summer,5,18.5204,73.8567
2024-05-21,RES-B,Reservoir B,91.286,1.247,1.06,0.79,36.94,4.94,0.99,210.0,0.904,0.162,summer,5,18.5204,73.8567
2024-05-22,RES-B,Reservoir B,91.499,1.316,0.834,0.23,32.76,4.38,0.27,210.0,0.717,0.105,summer,5,18.5204,73.8567
2024-05-23,RES-B,Reservoir B,91.811,1.692,0.941,1.36,35.29,4.48,1.64,210.0,0.795,0.08,summer,5,18.5204,73.8567
2024-05-24,RES-B,Reservoir B,91.982,1.519,0.935,0.68,33.74,4.65,0.82,210.0,0.694,0.095,summer,5,18.5204,73.8567
2024-05-25,RES-B,Reservoir B,90.878,0.626,1.325,0.08,33.5,4.43,0.09,210.0,1.179,0.124,summer,5,18.5204,73.8567
2024-05-26,RES-B,Reservoir B,90.97,0.76,1.073,0.07,34.79,4.4,0.07,210.0,0.975,0.132,summer,5,18.5204,73.8567
2024-05-27,RES-B,Reservoir B,90.954,1.058,1.245,0.67,36.4,5.17,0.78,210.0,1.163,0.154,summer,5,18.5204,73.8567
2024-05-28,RES-B,Reservoir B,91.294,1.358,1.208,0.74,35.65,4.81,0.9,210.0,1.051,0.11,summer,5,18.5204,73.8567
2024-05-29,RES-B,Reservoir B,91.312,1.389,1.211,0.63,34.07,4.52,0.73,210.0,1.099,0.072,summer,5,18.5204,73.8567
2024-05-30,RES-B,Reservoir B,91.565,1.145,1.054,0.61,35.77,5.19,0.74,210.0,0.891,0.109,summer,5,18.5204,73.8567
2024-05-31,RES-B,Reservoir B,91.474,1.712,0.884,1.22,32.24,3.82,1.46,210.0,0.815,0.141,summer,5,18.5204,73.8567
2024-06-01,RES-B,Reservoir B,90.713,0.801,1.521,0.4,31.1,4.61,0.48,210.0,1.336,0.147,monsoon,6,18.5204,73.8567
2024-06-02,RES-B,Reservoir B,89.808,1.207,1.257,0.2,31.01,3.96,0.23,210.0,1.16,0.097,monsoon,6,18.5204,73.8567
2024-06-03,RES-B,Reservoir B,93.988,9.807,1.321,17.53,32.09,4.41,20.51,210.0,1.169,0.957,monsoon,6,18.5204,73.8567
2024-06-04,RES-B,Reservoir B,95.315,4.291,1.062,6.64,31.76,4.13,7.48,210.0,0.929,0.414,monsoon,6,18.5204,73.8567
2024-06-05,RES-B,Reservoir B,95.869,2.943,1.186,4.27,31.83,4.04,4.85,210.0,0.95,0.305,monsoon,6,18.5204,73.8567
2024-06-06,RES-B,Reservoir B,95.974,1.367,1.365,0.65,31.79,4.71,0.72,210.0,1.206,0.131,monsoon,6,18.5204,73.8567
2024-06-07,RES-B,Reservoir B,98.0,8.664,1.51,16.7,32.03,4.9,18.69,210.0,1.263,0.893,monsoon,6,18.5204,73.8567
2024-06-08,RES-B,Reservoir B,97.96,2.01,1.037,2.33,32.65,4.35,2.63,210.0,0.859,0.165,monsoon,6,18.5204,73.8567
2024-06-09,RES-B,Reservoir B,98.0,4.337,1.222,6.93,32.18,4.46,8.23,210.0,1.001,0.468,monsoon,6,18.5204,73.8567
2024-06-10,RES-B,Reservoir B,98.0,3.167,1.016,5.74,31.66,4.32,6.69,210.0,0.877,0.318,monsoon,6,18.5204,73.8567
2024-06-11,RES-B,Reservoir B,98.0,12.376,0.948,23.23,32.48,4.92,26.48,210.0,0.78,1.291,monsoon,6,18.5204,73.8567
2024-06-12,RES-B,Reservoir B,98.0,2.916,1.242,5.12,32.99,3.83,6.3,210.0,1.031,0.279,monsoon,6,18.5204,73.8567
2024-06-13,RES-B,Reservoir B,98.0,2.119,0.841,2.97,31.33,4.37,3.5,210.0,0.646,0.211,monsoon,6,18.5204,73.8567
2024-06-14,RES-B,Reservoir B,98.0,4.174,1.046,6.73,31.93,4.11,8.34,210.0,0.87,0.446,monsoon,6,18.5204,73.8567
2024-06-15,RES-B,Reservoir B,98.0,4.223,0.853,7.42,33.39,3.8,8.87,210.0,0.719,0.451,monsoon,6,18.5204,73.8567
2024-06-16,RES-B,Reservoir B,98.0,18.496,0.791,36.19,30.68,4.07,39.89,210.0,0.649,1.85,monsoon,6,18.5204,73.8567
2024-06-17,RES-B,Reservoir B,98.0,3.337,1.064,5.04,34.17,5.15,6.23,210.0,0.857,0.345,monsoon,6,18.5204,73.8567
2024-06-18,RES-B,Reservoir B,97.925,1.092,0.923,1.16,30.39,3.95,1.43,210.0,0.706,0.14,monsoon,6,18.5204,73.8567
2024-06-19,RES-B,Reservoir B,98.0,2.769,0.789,3.57,31.59,4.53,4.27,210.0,0.669,0.252,monsoon,6,18.5204,73.8567
2024-06-20,RES-B,Reservoir B,98.0,3.854,1.034,6.72,30.86,4.56,7.93,210.0,0.921,0.397,monsoon,6,18.5204,73.8567
2024-06-21,RES-B,Reservoir B,98.0,5.497,1.045,7.9,34.63,4.65,9.22,210.0,0.94,0.474,monsoon,6,18.5204,73.8567
2024-06-22,RES-B,Reservoir B,98.0,2.304,1.17,3.12,31.4,4.3,3.66,210.0,0.979,0.219,monsoon,6,18.5204,73.8567
2024-06-23,RES-B,Reservoir B,98.0,11.421,0.368,22.18,31.4,3.75,26.96,210.0,0.265,1.262,monsoon,6,18.5204,73.8567
2024-06-24,RES-B,Reservoir B,98.0,1.346,1.157,1.8,31.56,4.07,2.12,210.0,0.966,0.163,monsoon,6,18.5204,73.8567
2024-06-25,RES-B,Reservoir B,98.0,6.698,1.161,11.21,32.11,4.63,12.63,210.0,0.984,0.629,monsoon,6,18.5204,73.8567
2024-06-26,RES-B,Reservoir B,98.0,2.467,1.119,3.7,31.61,4.31,4.11,210.0,0.996,0.249,monsoon,6,18.5204,73.8567
2024-06-27,RES-B,Reservoir B,98.0,2.935,1.367,5.34,31.84,4.43,5.97,210.0,1.138,0.4,monsoon,6,18.5204,73.8567
2024-06-28,RES-B,Reservoir B,98.0,3.111,1.202,4.1,27.76,3.87,4.66,210.0,1.125,0.236,monsoon,6,18.5204,73.8567
2024-06-29,RES-B,Reservoir B,98.0,3.925,1.451,6.64,32.07,5.01,7.67,210.0,1.218,0.423,monsoon,6,18.5204,73.8567
2024-06-30,RES-B,Reservoir B,98.0,3.572,1.264,5.1,32.02,4.21,6.29,210.0,1.098,0.328,monsoon,6,18.5204,73.8567
2024-07-01,RES-B,Reservoir B,98.0,3.273,1.42,4.37,29.25,4.49,4.96,210.0,1.373,0.256,monsoon,7,18.5204,73.8567
2024-07-02,RES-B,Reservoir B,98.0,5.246,1.495,8.84,29.57,4.09,10.15,210.0,1.265,0.498,monsoon,7,18.5204,73.8567
2024-07-03,RES-B,Reservoir B,98.0,2.13,1.418,1.0,27.77,4.34,1.13,210.0,1.219,0.14,monsoon,7,18.5204,73.8567
2024-07-04,RES-B,Reservoir B,98.0,3.626,1.319,6.93,28.98,3.61,8.2,210.0,1.191,0.401,monsoon,7,18.5204,73.8567
2024-07-05,RES-B,Reservoir B,97.839,0.594,1.361,0.16,26.68,3.76,0.19,210.0,1.259,0.096,monsoon,7,18.5204,73.8567
2024-07-06,RES-B,Reservoir B,98.0,7.6,1.272,13.94,28.92,3.85,16.44,210.0,1.2,0.829,monsoon,7,18.5204,73.8567
2024-07-07,RES-B,Reservoir B,98.0,3.851,1.256,4.52,27.31,3.82,5.62,210.0,0.985,0.311,monsoon,7,18.5204,73.8567
2024-07-08,RES-B,Reservoir B,98.0,6.722,1.204,10.59,26.58,4.06,13.23,210.0,1.101,0.566,monsoon,7,18.5204,73.8567
2024-07-09,RES-B,Reservoir B,98.0,5.903,1.013,9.34,27.78,3.95,11.45,210.0,0.926,0.522,monsoon,7,18.5204,73.8567
2024-07-10,RES-B,Reservoir B,97.397,1.631,1.299,2.23,29.68,4.43,2.72,210.0,1.136,0.183,monsoon,7,18.5204,73.8567
2024-07-11,RES-B,Reservoir B,98.0,3.207,1.031,5.37,28.22,3.68,6.2,210.0,0.963,0.338,monsoon,7,18.5204,73.8567
2024-07-12,RES-B,Reservoir B,98.0,5.198,0.76,9.47,29.8,3.83,11.24,210.0,0.659,0.558,monsoon,7,18.5204,73.8567
2024-07-13,RES-B,Reservoir B,98.0,2.935,1.264,4.9,27.1,3.76,5.64,210.0,1.064,0.334,monsoon,7,18.5204,73.8567
2024-07-14,RES-B,Reservoir B,98.0,5.557,0.541,8.51,29.26,4.0,10.37,210.0,0.368,0.558,monsoon,7,18.5204,73.8567
2024-07-15,RES-B,Reservoir B,98.0,2.559,0.889,3.76,27.22,3.71,4.24,210.0,0.758,0.268,monsoon,7,18.5204,73.8567
2024-07-16,RES-B,Reservoir B,98.0,8.043,0.698,14.84,28.27,3.6,16.81,210.0,0.547,0.788,monsoon,7,18.5204,73.8567
2024-07-17,RES-B,Reservoir B,98.0,3.274,1.062,4.51,28.26,4.25,4.99,210.0,0.934,0.34,monsoon,7,18.5204,73.8567
2024-07-18,RES-B,Reservoir B,98.0,2.498,0.847,4.6,28.79,3.85,5.48,210.0,0.7,0.348,monsoon,7,18.5204,73.8567
2024-07-19,RES-B,Reservoir B,98.0,3.146,0.676,4.69,28.3,4.32,5.64,210.0,0.564,0.322,monsoon,7,18.5204,73.8567
2024-07-20,RES-B,Reservoir B,98.0,2.967,0.795,5.23,27.11,3.76,5.75,210.0,0.674,0.334,monsoon,7,18.5204,73.8567
2024-07-21,RES-B,Reservoir B,98.0,1.229,0.765,1.08,29.06,4.18,1.27,210.0,0.646,0.153,monsoon,7,18.5204,73.8567
2024-07-22,RES-B,Reservoir B,98.0,1.447,0.866,1.73,30.08,4.28,2.0,210.0,0.752,0.16,monsoon,7,18.5204,73.8567
2024-07-23,RES-B,Reservoir B,98.0,6.515,1.001,11.94,27.3,3.53,14.55,210.0,0.799,0.615,monsoon,7,18.5204,73.8567
2024-07-24,RES-B,Reservoir B,98.0,6.047,0.976,10.58,25.8,3.71,11.7,210.0,0.787,0.626,monsoon,7,18.5204,73.8567
2024-07-25,RES-B,Reservoir B,98.0,5.77,1.096,10.01,28.6,4.51,11.09,210.0,0.992,0.607,monsoon,7,18.5204,73.8567
2024-07-26,RES-B,Reservoir B,98.0,4.609,1.151,7.84,27.6,3.89,9.36,210.0,1.06,0.515,monsoon,7,18.5204,73.8567
2024-07-27,RES-B,Reservoir B,98.0,2.436,1.04,3.04,27.84,4.11,3.62,210.0,0.898,0.21,monsoon,7,18.5204,73.8567
2024-07-28,RES-B,Reservoir B,98.0,1.844,1.095,2.71,28.67,4.15,3.31,210.0,0.837,0.222,monsoon,7,18.5204,73.8567
2024-07-29,RES-B,Reservoir B,98.0,3.521,1.262,5.01,27.45,3.89,5.96,210.0,1.163,0.338,monsoon,7,18.5204,73.8567
2024-07-30,RES-B,Reservoir B,98.0,7.472,1.359,13.51,27.68,3.88,16.78,210.0,1.218,0.758,monsoon,7,18.5204,73.8567
2024-07-31,RES-B,Reservoir B,98.0,3.727,1.413,6.3,27.88,4.01,7.22,210.0,1.258,0.398,monsoon,7,18.5204,73.8567
2024-08-01,RES-B,Reservoir B,98.0,1.32,1.376,1.62,25.76,3.82,1.88,210.0,1.231,0.162,monsoon,8,18.5204,73.8567
2024-08-02,RES-B,Reservoir B,97.975,1.101,1.501,0.77,24.04,2.98,0.96,210.0,1.374,0.125,monsoon,8,18.5204,73.8567
2024-08-03,RES-B,Reservoir B,98.0,6.77,1.474,10.86,22.52,3.28,12.12,210.0,1.266,0.645,monsoon,8,18.5204,73.8567
2024-08-04,RES-B,Reservoir B,98.0,9.269,1.66,17.07,22.56,3.15,20.81,210.0,1.488,0.97,monsoon,8,18.5204,73.8567
2024-08-05,RES-B,Reservoir B,96.984,0.644,1.704,0.5,24.17,3.28,0.55,210.0,1.512,0.082,monsoon,8,18.5204,73.8567
2024-08-06,RES-B,Reservoir B,98.0,6.638,0.917,11.17,22.64,3.61,13.1,210.0,0.738,0.633,monsoon,8,18.5204,73.8567
2024-08-07,RES-B,Reservoir B,98.0,4.397,0.817,7.68,22.13,2.94,8.62,210.0,0.622,0.451,monsoon,8,18.5204,73.8567
2024-08-08,RES-B,Reservoir B,97.632,1.958,1.128,2.14,24.76,3.05,2.54,210.0,0.899,0.17,monsoon,8,18.5204,73.8567
2024-08-09,RES-B,Reservoir B,98.0,3.76,1.14,6.37,24.82,3.72,7.77,210.0,0.924,0.35,monsoon,8,18.5204,73.8567
2024-08-10,RES-B,Reservoir B,98.0,1.88,1.053,1.29,23.56,2.9,1.43,210.0,0.787,0.145,monsoon,8,18.5204,73.8567
2024-08-11,RES-B,Reservoir B,98.0,2.636,1.069,4.17,24.35,2.84,4.69,210.0,0.859,0.303,monsoon,8,18.5204,73.8567
2024-08-12,RES-B,Reservoir B,98.0,3.892,0.79,5.29,24.23,3.68,6.09,210.0,0.674,0.34,monsoon,8,18.5204,73.8567
2024-08-13,RES-B,Reservoir B,98.0,7.665,0.772,14.73,24.72,3.51,16.77,210.0,0.579,0.816,monsoon,8,18.5204,73.8567
2024-08-14,RES-B,Reservoir B,98.0,2.649,0.766,3.96,24.73,3.61,4.59,210.0,0.581,0.291,monsoon,8,18.5204,73.8567
2024-08-15,RES-B,Reservoir B,98.0,2.504,0.867,2.43,20.87,2.87,3.02,210.0,0.621,0.244,monsoon,8,18.5204,73.8567
2024-08-16,RES-B,Reservoir B,98.0,4.365,0.88,7.17,23.71,2.93,7.99,210.0,0.778,0.426,monsoon,8,18.5204,73.8567
2024-08-17,RES-B,Reservoir B,98.0,5.892,0.767,8.71,24.62,3.1,10.14,210.0,0.589,0.481,monsoon,8,18.5204,73.8567
2024-08-18,RES-B,Reservoir B,98.0,1.855,0.756,2.33,23.51,3.24,2.72,210.0,0.64,0.194,monsoon,8,18.5204,73.8567
2024-08-19,RES-B,Reservoir B,98.0,1.647,0.975,1.54,24.04,3.0,1.76,210.0,0.8,0.213,monsoon,8,18.5204,73.8567
2024-08-20,RES-B,Reservoir B,98.0,2.311,0.862,1.72,24.9,3.58,1.96,210.0,0.723,0.131,monsoon,8,18.5204,73.8567
2024-08-21,RES-B,Reservoir B,98.0,7.604,1.14,14.77,24.1,3.25,17.83,210.0,0.966,0.838,monsoon,8,18.5204,73.8567
2024-08-22,RES-B,Reservoir B,98.0,4.381,0.79,8.38,25.81,3.65,10.0,210.0,0.71,0.534,monsoon,8,18.5204,73.8567
2024-08-23,RES-B,Reservoir B,98.0,2.362,0.919,3.7,25.35,3.59,4.52,210.0,0.73,0.194,monsoon,8,18.5204,73.8567
2024-08-24,RES-B,Reservoir B,98.0,7.408,1.158,12.83,23.86,3.48,14.89,210.0,0.998,0.734,monsoon,8,18.5204,73.8567
2024-08-25,RES-B,Reservoir B,97.947,1.379,1.22,2.31,23.76,3.5,2.75,210.0,1.062,0.213,monsoon,8,18.5204,73.8567
2024-08-26,RES-B,Reservoir B,98.0,3.414,1.165,4.82,20.58,2.87,5.95,210.0,0.917,0.313,monsoon,8,18.5204,73.8567
2024-08-27,RES-B,Reservoir B,97.888,1.614,1.418,1.26,23.61,3.39,1.55,210.0,1.287,0.124,monsoon,8,18.5204,73.8567
2024-08-28,RES-B,Reservoir B,98.0,7.681,1.572,12.38,22.38,3.26,15.32,210.0,1.405,0.681,monsoon,8,18.5204,73.8567
2024-08-29,RES-B,Reservoir B,98.0,2.194,1.199,2.09,24.27,2.68,2.39,210.0,1.044,0.175,monsoon,8,18.5204,73.8567
2024-08-30,RES-B,Reservoir B,98.0,2.002,1.532,2.15,24.18,3.6,2.68,210.0,1.372,0.178,monsoon,8,18.5204,73.8567
2024-08-31,RES-B,Reservoir B,98.0,4.915,1.052,7.31,24.84,3.53,8.94,210.0,0.791,0.431,monsoon,8,18.5204,73.8567
2024-09-01,RES-B,Reservoir B,97.805,1.051,1.452,0.13,22.75,3.4,0.15,210.0,1.299,0.076,monsoon,9,18.5204,73.8567
2024-09-02,RES-B,Reservoir B,98.0,1.089,1.109,0.91,21.04,2.64,1.09,210.0,0.988,0.161,monsoon,9,18.5204,73.8567
2024-09-03,RES-B,Reservoir B,98.0,5.268,1.476,9.74,23.81,3.26,12.15,210.0,1.232,0.531,monsoon,9,18.5204,73.8567
2024-09-04,RES-B,Reservoir B,98.0,1.432,1.037,1.69,21.35,2.73,1.97,210.0,0.903,0.112,monsoon,9,18.5204,73.8567
2024-09-05,RES-B,Reservoir B,98.0,15.257,1.061,29.12,19.5,3.06,35.27,210.0,0.991,1.572,monsoon,9,18.5204,73.8567
2024-09-06,RES-B,Reservoir B,98.0,3.873,0.943,6.07,20.4,2.53,7.31,210.0,0.83,0.378,monsoon,9,18.5204,73.8567
2024-09-07,RES-B,Reservoir B,97.772,0.271,0.956,0.44,20.62,2.7,0.53,210.0,0.868,0.09,monsoon,9,18.5204,73.8567
2024-09-08,RES-B,Reservoir B,98.0,9.544,1.183,17.75,21.78,3.27,21.52,210.0,1.123,0.964,monsoon,9,18.5204,73.8567
2024-09-09,RES-B,Reservoir B,98.0,3.782,0.914,6.06,19.94,2.7,6.84,210.0,0.782,0.389,monsoon,9,18.5204,73.8567
2024-09-10,RES-B,Reservoir B,98.0,3.098,1.216,4.28,20.71,2.71,4.93,210.0,1.07,0.278,monsoon,9,18.5204,73.8567
2024-09-11,RES-B,Reservoir B,98.0,4.346,0.865,6.04,20.88,3.28,7.0,210.0,0.656,0.397,monsoon,9,18.5204,73.8567
2024-09-12,RES-B,Reservoir B,98.0,1.08,1.089,0.43,20.53,3.25,0.52,210.0,0.907,0.073,monsoon,9,18.5204,73.8567
2024-09-13,RES-B,Reservoir B,98.0,2.954,0.598,4.98,22.05,3.36,6.01,210.0,0.418,0.32,monsoon,9,18.5204,73.8567
2024-09-14,RES-B,Reservoir B,98.0,1.081,0.714,1.84,21.84,3.38,2.26,210.0,0.608,0.106,monsoon,9,18.5204,73.8567
2024-09-15,RES-B,Reservoir B,98.0,3.369,0.765,4.68,22.47,3.13,5.7,210.0,0.571,0.349,monsoon,9,18.5204,73.8567
2024-09-16,RES-B,Reservoir B,98.0,2.048,1.112,3.13,20.67,2.92,3.73,210.0,0.893,0.231,monsoon,9,18.5204,73.8567
2024-09-17,RES-B,Reservoir B,98.0,3.919,0.881,5.75,22.51,3.01,6.45,210.0,0.711,0.388,monsoon,9,18.5204,73.8567
2024-09-18,RES-B,Reservoir B,98.0,3.12,0.572,3.69,19.44,2.88,4.41,210.0,0.401,0.279,monsoon,9,18.5204,73.8567
2024-09-19,RES-B,Reservoir B,98.0,1.714,0.643,2.92,19.41,2.67,3.6,210.0,0.557,0.242,monsoon,9,18.5204,73.8567
2024-09-20,RES-B,Reservoir B,98.0,1.785,0.849,1.6,19.62,2.72,1.91,210.0,0.646,0.16,monsoon,9,18.5204,73.8567
2024-09-21,RES-B,Reservoir B,98.0,1.487,1.227,0.47,21.08,3.21,0.58,210.0,0.988,0.115,monsoon,9,18.5204,73.8567
2024-09-22,RES-B,Reservoir B,98.0,1.309,1.187,0.3,22.51,3.56,0.38,210.0,1.021,0.066,monsoon,9,18.5204,73.8567
2024-09-23,RES-B,Reservoir B,97.443,0.537,1.027,0.96,20.35,3.06,1.1,210.0,0.907,0.093,monsoon,9,18.5204,73.8567
2024-09-24,RES-B,Reservoir B,98.0,5.023,1.061,9.1,20.5,3.5,11.0,210.0,0.919,0.532,monsoon,9,18.5204,73.8567
2024-09-25,RES-B,Reservoir B,97.714,1.083,1.283,1.48,20.81,2.79,1.75,210.0,1.154,0.134,monsoon,9,18.5204,73.8567
2024-09-26,RES-B,Reservoir B,98.0,2.168,1.048,2.4,21.76,2.56,2.8,210.0,0.916,0.243,monsoon,9,18.5204,73.8567
2024-09-27,RES-B,Reservoir B,97.809,2.136,1.368,2.43,20.5,3.17,2.76,210.0,1.185,0.213,monsoon,9,18.5204,73.8567
2024-09-28,RES-B,Reservoir B,98.0,1.421,1.358,3.19,20.43,2.72,3.63,210.0,1.194,0.218,monsoon,9,18.5204,73.8567
2024-09-29,RES-B,Reservoir B,98.0,4.51,1.308,7.78,19.46,2.75,8.78,210.0,1.107,0.461,monsoon,9,18.5204,73.8567
2024-09-30,RES-B,Reservoir B,98.0,2.892,1.377,3.65,20.39,2.42,4.37,210.0,1.208,0.267,monsoon,9,18.5204,73.8567
2024-10-01,RES-B,Reservoir B,97.843,0.952,1.26,0.2,21.41,2.8,0.23,210.0,1.153,0.088,autumn,10,18.5204,73.8567
2024-10-02,RES-B,Reservoir B,97.454,0.897,1.316,0.09,20.11,2.46,0.11,210.0,1.191,0.093,autumn,10,18.5204,73.8567
2024-10-03,RES-B,Reservoir B,97.337,1.039,1.008,0.74,19.11,2.66,0.87,210.0,0.886,0.119,autumn,10,18.5204,73.8567
2024-10-04,RES-B,Reservoir B,96.713,0.624,1.28,0.39,21.48,2.96,0.46,210.0,1.139,0.058,autumn,10,18.5204,73.8567
2024-10-05,RES-B,Reservoir B,96.873,1.147,1.395,0.71,19.3,2.84,0.87,210.0,1.156,0.051,autumn,10,18.5204,73.8567
2024-10-06,RES-B,Reservoir B,96.443,1.135,1.248,0.64,21.7,3.48,0.75,210.0,1.0,0.101,autumn,10,18.5204,73.8567
2024-10-07,RES-B,Reservoir B,96.577,1.646,1.182,1.29,21.68,3.31,1.43,210.0,0.99,0.161,autumn,10,18.5204,73.8567
2024-10-08,RES-B,Reservoir B,96.771,1.15,0.987,0.21,20.07,2.42,0.26,210.0,0.832,0.08,autumn,10,18.5204,73.8567
2024-10-09,RES-B,Reservoir B,97.303,0.938,1.014,0.22,18.2,2.87,0.27,210.0,0.932,0.128,autumn,10,18.5204,73.8567
2024-10-10,RES-B,Reservoir B,97.482,1.325,0.924,0.29,22.75,3.26,0.34,210.0,0.763,0.093,autumn,10,18.5204,73.8567
2024-10-11,RES-B,Reservoir B,97.445,0.748,0.653,0.16,20.46,2.93,0.19,210.0,0.542,0.129,autumn,10,18.5204,73.8567
2024-10-12,RES-B,Reservoir B,97.272,0.463,1.038,0.34,19.61,2.85,0.39,210.0,0.807,0.132,autumn,10,18.5204,73.8567
2024-10-13,RES-B,Reservoir B,96.906,1.236,0.487,0.54,21.15,3.1,0.66,210.0,0.417,0.139,autumn,10,18.5204,73.8567
2024-10-14,RES-B,Reservoir B,96.526,0.973,0.863,0.26,20.84,2.79,0.3,210.0,0.694,0.057,autumn,10,18.5204,73.8567
2024-10-15,RES-B,Reservoir B,96.717,1.375,0.7,0.81,21.57,3.03,0.95,210.0,0.594,0.121,autumn,10,18.5204,73.8567
2024-10-16,RES-B,Reservoir B,96.325,0.446,0.745,0.18,19.21,3.16,0.2,210.0,0.595,0.126,autumn,10,18.5204,73.8567
2024-10-17,RES-B,Reservoir B,96.019,1.438,0.893,0.02,20.38,2.73,0.03,210.0,0.709,0.089,autumn,10,18.5204,73.8567
2024-10-18,RES-B,Reservoir B,96.752,1.684,0.809,1.29,18.58,2.42,1.47,210.0,0.608,0.161,autumn,10,18.5204,73.8567
2024-10-19,RES-B,Reservoir B,96.899,1.115,0.977,0.85,20.8,2.98,0.96,210.0,0.83,0.081,autumn,10,18.5204,73.8567
2024-10-20,RES-B,Reservoir B,96.814,0.683,0.995,0.43,19.97,2.56,0.48,210.0,0.807,0.159,autumn,10,18.5204,73.8567
2024-10-21,RES-B,Reservoir B,96.731,1.227,0.872,0.1,20.34,2.42,0.12,210.0,0.755,0.061,autumn,10,18.5204,73.8567
2024-10-22,RES-B,Reservoir B,96.362,0.472,1.263,0.12,19.82,2.78,0.13,210.0,1.101,0.026,autumn,10,18.5204,73.8567
2024-10-23,RES-B,Reservoir B,96.884,1.916,1.183,0.66,19.7,3.3,0.77,210.0,0.983,0.102,autumn,10,18.5204,73.8567
2024-10-24,RES-B,Reservoir B,96.96,1.617,1.263,2.1,18.96,2.76,2.41,210.0,1.096,0.111,autumn,10,18.5204,73.8567
2024-10-25,RES-B,Reservoir B,97.255,1.699,1.383,0.6,20.95,3.07,0.73,210.0,1.259,0.077,autumn,10,18.5204,73.8567
2024-10-26,RES-B,Reservoir B,96.849,1.115,1.432,0.77,21.79,2.48,0.88,210.0,1.296,0.195,autumn,10,18.5204,73.8567
2024-10-27,RES-B,Reservoir B,96.882,1.424,1.404,0.14,19.33,2.95,0.18,210.0,1.203,0.076,autumn,10,18.5204,73.8567
2024-10-28,RES-B,Reservoir B,97.119,0.871,1.188,0.67,20.66,3.01,0.77,210.0,1.092,0.071,autumn,10,18.5204,73.8567
2024-10-29,RES-B,Reservoir B,97.488,0.915,1.037,0.22,20.52,2.76,0.25,210.0,0.934,0.092,autumn,10,18.5204,73.8567
2024-10-30,RES-B,Reservoir B,98.0,1.568,1.36,0.99,20.01,2.96,1.13,210.0,1.18,0.103,autumn,10,18.5204,73.8567
2024-10-31,RES-B,Reservoir B,98.0,1.295,1.43,0.54,18.17,2.73,0.6,210.0,1.302,0.133,autumn,10,18.5204,73.8567
2024-11-01,RES-B,Reservoir B,98.0,1.302,1.247,0.24,19.51,2.52,0.28,210.0,1.17,0.065,autumn,11,18.5204,73.8567
2024-11-02,RES-B,Reservoir B,97.88,0.869,0.787,0.49,20.13,3.02,0.56,210.0,0.569,0.113,autumn,11,18.5204,73.8567
2024-11-03,RES-B,Reservoir B,97.065,0.923,1.272,0.19,18.5,3.08,0.23,210.0,1.177,0.055,autumn,11,18.5204,73.8567
2024-11-04,RES-B,Reservoir B,96.599,1.275,1.281,0.08,22.76,3.16,0.09,210.0,1.141,0.162,autumn,11,18.5204,73.8567
2024-11-05,RES-B,Reservoir B,96.554,1.037,1.026,0.99,21.51,2.82,1.12,210.0,0.907,0.144,autumn,11,18.5204,73.8567
2024-11-06,RES-B,Reservoir B,96.54,1.243,1.183,0.49,21.04,2.97,0.58,210.0,1.048,0.1,autumn,11,18.5204,73.8567
2024-11-07,RES-B,Reservoir B,96.903,0.793,1.048,0.14,18.44,2.97,0.16,210.0,0.942,0.078,autumn,11,18.5204,73.8567
2024-11-08,RES-B,Reservoir B,97.374,0.917,0.881,0.09,18.88,2.4,0.1,210.0,0.695,0.068,autumn,11,18.5204,73.8567
2024-11-09,RES-B,Reservoir B,97.086,1.026,1.099,0.4,21.07,3.2,0.46,210.0,0.944,0.077,autumn,11,18.5204,73.8567
2024-11-10,RES-B,Reservoir B,97.269,0.537,0.723,0.03,23.44,3.11,0.03,210.0,0.524,0.058,autumn,11,18.5204,73.8567
2024-11-11,RES-B,Reservoir B,97.091,0.763,0.794,0.11,20.23,3.0,0.13,210.0,0.675,0.136,autumn,11,18.5204,73.8567
2024-11-12,RES-B,Reservoir B,97.348,0.956,0.895,0.21,22.11,2.98,0.26,210.0,0.639,0.074,autumn,11,18.5204,73.8567
2024-11-13,RES-B,Reservoir B,97.898,1.174,0.582,0.83,20.5,2.79,0.99,210.0,0.528,0.057,autumn,11,18.5204,73.8567
2024-11-14,RES-B,Reservoir B,98.0,1.449,0.768,0.2,21.14,3.49,0.24,210.0,0.697,0.055,autumn,11,18.5204,73.8567
2024-11-15,RES-B,Reservoir B,98.0,1.566,1.096,0.84,22.53,2.78,0.96,210.0,0.859,0.15,autumn,11,18.5204,73.8567
2024-11-16,RES-B,Reservoir B,98.0,1.36,1.044,0.92,20.66,3.12,1.13,210.0,0.871,0.118,autumn,11,18.5204,73.8567
2024-11-17,RES-B,Reservoir B,97.436,1.18,0.99,1.31,20.24,3.45,1.52,210.0,0.823,0.142,autumn,11,18.5204,73.8567
2024-11-18,RES-B,Reservoir B,97.87,0.633,0.67,0.25,22.77,3.44,0.28,210.0,0.499,0.128,autumn,11,18.5204,73.8567
2024-11-19,RES-B,Reservoir B,98.0,1.519,0.776,0.06,21.13,2.64,0.07,210.0,0.598,0.06,autumn,11,18.5204,73.8567
2024-11-20,RES-B,Reservoir B,97.771,0.561,1.038,0.23,22.38,2.8,0.26,210.0,0.873,0.111,autumn,11,18.5204,73.8567
2024-11-21,RES-B,Reservoir B,97.077,1.051,0.997,0.43,20.25,2.7,0.5,210.0,0.895,0.081,autumn,11,18.5204,73.8567
2024-11-22,RES-B,Reservoir B,96.982,1.158,1.068,0.47,22.76,3.28,0.57,210.0,0.877,0.121,autumn,11,18.5204,73.8567
2024-11-23,RES-B,Reservoir B,97.096,0.74,1.471,0.1,21.4,3.14,0.12,210.0,1.287,0.073,autumn,11,18.5204,73.8567
2024-11-24,RES-B,Reservoir B,96.596,0.561,1.284,0.23,21.59,2.71,0.27,210.0,1.063,0.084,autumn,11,18.5204,73.8567
2024-11-25,RES-B,Reservoir B,96.463,0.601,1.405,0.15,21.23,2.79,0.18,210.0,1.167,0.112,autumn,11,18.5204,73.8567
2024-11-26,RES-B,Reservoir B,96.19,0.824,1.431,0.44,20.47,2.71,0.49,210.0,1.265,0.124,autumn,11,18.5204,73.8567
2024-11-27,RES-B,Reservoir B,96.269,0.637,1.235,0.17,21.07,2.97,0.21,210.0,1.146,0.084,autumn,11,18.5204,73.8567
2024-11-28,RES-B,Reservoir B,96.105,1.326,1.776,0.13,20.54,3.56,0.14,210.0,1.537,0.072,autumn,11,18.5204,73.8567
2024-11-29,RES-B,Reservoir B,95.719,0.967,1.107,0.35,22.22,2.89,0.39,210.0,1.008,0.145,autumn,11,18.5204,73.8567
2024-11-30,RES-B,Reservoir B,95.494,0.701,1.214,0.17,20.83,2.71,0.19,210.0,1.047,0.106,autumn,11,18.5204,73.8567
2024-12-01,RES-B,Reservoir B,95.922,0.854,1.112,0.03,22.2,2.82,0.04,210.0,0.975,0.07,winter,12,18.5204,73.8567
2024-12-02,RES-B,Reservoir B,96.068,1.408,1.449,0.75,21.98,3.33,0.91,210.0,1.32,0.098,winter,12,18.5204,73.8567
2024-12-03,RES-B,Reservoir B,95.723,0.721,1.355,0.08,21.93,3.12,0.1,210.0,1.167,0.115,winter,12,18.5204,73.8567
2024-12-04,RES-B,Reservoir B,96.522,1.125,1.082,0.02,24.74,3.2,0.02,210.0,0.92,0.084,winter,12,18.5204,73.8567
2024-12-05,RES-B,Reservoir B,96.689,0.514,0.998,0.33,22.62,3.11,0.36,210.0,0.822,0.091,winter,12,18.5204,73.8567
2024-12-06,RES-B,Reservoir B,96.992,1.27,1.217,0.12,24.36,3.19,0.15,210.0,1.108,0.09,winter,12,18.5204,73.8567
2024-12-07,RES-B,Reservoir B,96.981,0.811,1.044,0.03,24.16,3.49,0.03,210.0,0.902,0.092,winter,12,18.5204,73.8567
2024-12-08,RES-B,Reservoir B,97.108,0.891,1.121,0.22,23.92,4.18,0.25,210.0,1.01,0.089,winter,12,18.5204,73.8567
2024-12-09,RES-B,Reservoir B,97.258,0.647,0.884,0.18,24.53,3.61,0.2,210.0,0.744,0.125,winter,12,18.5204,73.8567
2024-12-10,RES-B,Reservoir B,96.664,1.257,0.935,1.77,24.19,3.37,2.22,210.0,0.791,0.206,winter,12,18.5204,73.8567
2024-12-11,RES-B,Reservoir B,96.683,0.704,0.971,0.98,20.75,2.79,1.21,210.0,0.729,0.145,winter,12,18.5204,73.8567
2024-12-12,RES-B,Reservoir B,96.666,0.774,0.706,0.49,23.61,2.93,0.58,210.0,0.569,0.146,winter,12,18.5204,73.8567
2024-12-13,RES-B,Reservoir B,96.722,1.183,0.673,0.36,24.51,3.66,0.41,210.0,0.63,0.098,winter,12,18.5204,73.8567
2024-12-14,RES-B,Reservoir B,96.738,0.875,0.693,0.84,25.97,3.82,0.96,210.0,0.474,0.143,winter,12,18.5204,73.8567
2024-12-15,RES-B,Reservoir B,96.052,0.608,0.909,0.71,26.02,3.48,0.83,210.0,0.736,0.146,winter,12,18.5204,73.8567
2024-12-16,RES-B,Reservoir B,95.259,0.613,0.941,0.27,22.36,3.55,0.31,210.0,0.798,0.124,winter,12,18.5204,73.8567
2024-12-17,RES-B,Reservoir B,95.754,1.104,0.991,0.9,23.58,3.34,0.99,210.0,0.863,0.152,winter,12,18.5204,73.8567
2024-12-18,RES-B,Reservoir B,95.901,0.932,0.956,0.51,22.12,3.39,0.61,210.0,0.853,0.124,winter,12,18.5204,73.8567
2024-12-19,RES-B,Reservoir B,95.329,1.56,1.026,1.63,25.82,3.69,1.94,210.0,0.779,0.22,winter,12,18.5204,73.8567
2024-12-20,RES-B,Reservoir B,95.18,1.371,1.233,0.42,25.22,3.47,0.52,210.0,1.081,0.085,winter,12,18.5204,73.8567
2024-12-21,RES-B,Reservoir B,95.755,1.662,1.097,0.86,24.42,3.14,1.01,210.0,1.034,0.118,winter,12,18.5204,73.8567
2024-12-22,RES-B,Reservoir B,96.112,2.273,1.327,1.57,24.2,3.36,1.81,210.0,1.16,0.152,winter,12,18.5204,73.8567
2024-12-23,RES-B,Reservoir B,96.257,0.831,1.43,1.21,25.66,3.83,1.43,210.0,1.219,0.13,winter,12,18.5204,73.8567
2024-12-24,RES-B,Reservoir B,96.465,0.888,1.186,0.79,25.45,3.4,0.89,210.0,1.028,0.06,winter,12,18.5204,73.8567
2024-12-25,RES-B,Reservoir B,96.057,1.386,1.249,0.69,25.39,3.68,0.82,210.0,1.144,0.156,winter,12,18.5204,73.8567
2024-12-26,RES-B,Reservoir B,95.773,0.868,1.333,0.46,24.55,3.12,0.55,210.0,1.233,0.072,winter,12,18.5204,73.8567
2024-12-27,RES-B,Reservoir B,95.727,1.321,1.07,0.45,23.58,3.56,0.5,210.0,0.965,0.108,winter,12,18.5204,73.8567
2024-12-28,RES-B,Reservoir B,95.083,0.924,1.206,0.11,24.92,3.58,0.12,210.0,0.98,0.043,winter,12,18.5204,73.8567
2024-12-29,RES-B,Reservoir B,94.785,1.546,1.1,0.39,24.98,3.14,0.48,210.0,0.954,0.118,winter,12,18.5204,73.8567
2024-12-30,RES-B,Reservoir B,94.554,1.325,1.188,0.32,23.77,3.29,0.38,210.0,1.122,0.073,winter,12,18.5204,73.8567
2023-01-01,RES-C,Reservoir C,55.0,1.103,0.87,0.4,27.23,3.62,0.47,180.0,0.654,0.111,winter,1,21.1458,79.0882
2023-01-02,RES-C,Reservoir C,55.516,1.578,1.046,3.03,28.34,3.68,3.59,180.0,0.899,0.259,winter,1,21.1458,79.0882
2023-01-03,RES-C,Reservoir C,55.102,0.593,1.206,0.28,29.25,3.8,0.31,180.0,1.143,0.075,winter,1,21.1458,79.0882
2023-01-04,RES-C,Reservoir C,55.256,0.742,1.107,0.2,28.62,3.63,0.24,180.0,0.961,0.057,winter,1,21.1458,79.0882
2023-01-05,RES-C,Reservoir C,54.67,0.607,1.462,0.14,28.9,3.82,0.16,180.0,1.307,0.079,winter,1,21.1458,79.0882
2023-01-06,RES-C,Reservoir C,54.267,0.822,1.291,0.24,27.68,3.55,0.28,180.0,1.115,0.069,winter,1,21.1458,79.0882
2023-01-07,RES-C,Reservoir C,54.624,1.124,1.378,0.49,28.72,4.12,0.55,180.0,1.304,0.141,winter,1,21.1458,79.0882
2023-01-08,RES-C,Reservoir C,54.363,1.43,1.169,0.57,27.82,3.9,0.64,180.0,1.035,0.09,winter,1,21.1458,79.0882
2023-01-09,RES-C,Reservoir C,53.294,0.414,1.231,0.27,27.47,4.15,0.31,180.0,1.037,0.096,winter,1,21.1458,79.0882
2023-01-10,RES-C,Reservoir C,53.01,1.344,1.296,1.12,30.28,4.7,1.24,180.0,1.151,0.166,winter,1,21.1458,79.0882
2023-01-11,RES-C,Reservoir C,52.988,1.055,1.324,0.01,25.2,3.73,0.01,180.0,1.189,0.119,winter,1,21.1458,79.0882
2023-01-12,RES-C,Reservoir C,53.128,0.764,1.304,0.58,25.75,3.73,0.71,180.0,1.059,0.115,winter,1,21.1458,79.0882
2023-01-13,RES-C,Reservoir C,52.815,1.06,1.187,0.67,28.46,4.14,0.74,180.0,1.091,0.125,winter,1,21.1458,79.0882
2023-01-14,RES-C,Reservoir C,53.505,1.43,1.302,0.96,27.68,3.96,1.06,180.0,1.09,0.097,winter,1,21.1458,79.0882
2023-01-15,RES-C,Reservoir C,53.604,1.104,0.94,0.6,26.28,3.67,0.74,180.0,0.739,0.141,winter,1,21.1458,79.0882
2023-01-16,RES-C,Reservoir C,53.835,1.469,0.988,0.89,26.73,3.7,0.98,180.0,0.849,0.162,winter,1,21.1458,79.0882
2023-01-17,RES-C,Reservoir C,53.499,0.903,0.919,0.14,26.89,3.42,0.17,180.0,0.77,0.031,winter,1,21.1458,79.0882
2023-01-18,RES-C,Reservoir C,54.147,0.825,0.876,0.27,29.07,4.24,0.31,180.0,0.728,0.147,winter,1,21.1458,79.0882
2023-01-19,RES-C,Reservoir C,53.866,0.601,0.973,0.43,29.45,4.03,0.51,180.0,0.814,0.08,winter,1,21.1458,79.0882
2023-01-20,RES-C,Reservoir C,53.545,1.053,0.759,0.33,29.97,4.53,0.42,180.0,0.638,0.115,winter,1,21.1458,79.0882
2023-01-21,RES-C,Reservoir C,54.595,0.887,0.511,0.11,26.09,3.91,0.12,180.0,0.383,0.088,winter,1,21.1458,79.0882
2023-01-22,RES-C,Reservoir C,54.675,0.675,0.759,0.45,26.36,3.48,0.56,180.0,0.627,0.101,winter,1,21.1458,79.0882
2023-01-23,RES-C,Reservoir C,55.715,1.988,0.626,1.98,26.28,4.03,2.43,180.0,0.492,0.173,winter,1,21.1458,79.0882
2023-01-24,RES-C,Reservoir C,56.611,1.444,0.86,0.4,29.55,3.28,0.5,180.0,0.726,0.07,winter,1,21.1458,79.0882
2023-01-25,RES-C,Reservoir C,56.694,0.623,0.821,0.11,28.5,4.5,0.13,180.0,0.783,0.101,winter,1,21.1458,79.0882
2023-01-26,RES-C,Reservoir C,57.103,0.662,0.512,0.23,28.1,3.47,0.29,180.0,0.357,0.083,winter,1,21.1458,79.0882
2023-01-27,RES-C,Reservoir C,57.079,0.696,0.722,0.33,28.28,4.04,0.39,180.0,0.598,0.057,winter,1,21.1458,79.0882
2023-01-28,RES-C,Reservoir C,56.961,0.241,0.863,0.06,27.93,3.98,0.07,180.0,0.806,0.052,winter,1,21.1458,79.0882
2023-01-29,RES-C,Reservoir C,57.385,1.561,0.719,0.12,26.65,4.04,0.14,180.0,0.587,0.047,winter,1,21.1458,79.0882
2023-01-30,RES-C,Reservoir C,57.363,1.093,1.096,0.91,28.62,3.84,1.1,180.0,0.965,0.11,winter,1,21.1458,79.0882
2023-01-31,RES-C,Reservoir C,57.013,0.578,1.271,0.16,27.78,3.19,0.19,180.0,1.057,0.102,winter,1,21.1458,79.0882
2023-02-01,RES-C,Reservoir C,57.083,1.426,1.051,2.09,30.56,4.07,2.32,180.0,0.928,0.163,winter,2,21.1458,79.0882
2023-02-02,RES-C,Reservoir C,57.153,0.897,1.069,0.47,32.69,4.36,0.54,180.0,0.886,0.133,winter,2,21.1458,79.0882
2023-02-03,RES-C,Reservoir C,57.375,1.015,0.92,0.93,31.49,3.66,1.06,180.0,0.7,0.123,winter,2,21.1458,79.0882
2023-02-04,RES-C,Reservoir C,57.715,1.468,1.326,0.33,32.27,4.39,0.39,180.0,1.208,0.088,winter,2,21.1458,79.0882
2023-02-05,RES-C,Reservoir C,57.927,1.524,1.565,2.37,31.85,4.0,2.67,180.0,1.417,0.199,winter,2,21.1458,79.0882
2023-02-06,RES-C,Reservoir C,57.878,0.324,1.644,0.13,33.07,4.66,0.15,180.0,1.407,0.128,winter,2,21.1458,79.0882
2023-02-07,RES-C,Reservoir C,58.093,1.067,1.281,0.15,32.26,4.3,0.17,180.0,1.119,0.046,winter,2,21.1458,79.0882
2023-02-08,RES-C,Reservoir C,57.874,0.914,1.153,0.31,30.94,4.8,0.36,180.0,0.985,0.145,winter,2,21.1458,79.0882
2023-02-09,RES-C,Reservoir C,57.667,0.765,1.393,0.09,32.39,4.31,0.1,180.0,1.263,0.113,winter,2,21.1458,79.0882
2023-02-10,RES-C,Reservoir C,58.033,1.097,1.282,0.21,32.43,4.52,0.23,180.0,1.097,0.09,winter,2,21.1458,79.0882
2023-02-11,RES-C,Reservoir C,57.475,0.924,1.306,0.16,32.61,4.35,0.18,180.0,1.158,0.123,winter,2,21.1458,79.0882
2023-02-12,RES-C,Reservoir C,58.055,0.961,1.151,0.36,33.24,4.0,0.42,180.0,1.092,0.088,winter,2,21.1458,79.0882
2023-02-13,RES-C,Reservoir C,57.324,0.357,1.148,0.1,31.26,4.19,0.11,180.0,1.016,0.094,winter,2,21.1458,79.0882
2023-02-14,RES-C,Reservoir C,57.175,0.415,1.197,0.4,32.8,4.66,0.5,180.0,1.106,0.084,winter,2,21.1458,79.0882
2023-02-15,RES-C,Reservoir C,56.845,0.642,1.215,0.18,29.93,4.27,0.2,180.0,1.06,0.118,winter,2,21.1458,79.0882
2023-02-16,RES-C,Reservoir C,56.557,0.443,0.874,0.05,31.86,4.23,0.05,180.0,0.77,0.061,winter,2,21.1458,79.0882
2023-02-17,RES-C,Reservoir C,56.215,1.068,0.834,0.35,31.67,3.86,0.41,180.0,0.66,0.096,winter,2,21.1458,79.0882
2023-02-18,RES-C,Reservoir C,56.495,0.491,0.53,0.64,33.74,4.74,0.79,180.0,0.378,0.133,winter,2,21.1458,79.0882
2023-02-19,RES-C,Reservoir C,56.183,1.016,0.75,0.75,31.81,4.44,0.88,180.0,0.662,0.149,winter,2,21.1458,79.0882
2023-02-20,RES-C,Reservoir C,55.755,0.843,0.645,0.21,32.73,4.68,0.24,180.0,0.519,0.066,winter,2,21.1458,79.0882
2023-02-21,RES-C,Reservoir C,56.241,1.066,0.906,0.57,29.89,4.0,0.67,180.0,0.725,0.131,winter,2,21.1458,79.0882
2023-02-22,RES-C,Reservoir C,56.942,0.989,0.808,0.1,31.58,3.78,0.12,180.0,0.601,0.056,winter,2,21.1458,79.0882
2023-02-23,RES-C,Reservoir C,56.704,0.789,0.722,0.21,30.98,4.38,0.24,180.0,0.617,0.026,winter,2,21.1458,79.0882
2023-02-24,RES-C,Reservoir C,56.927,0.707,0.879,0.28,34.97,4.69,0.35,180.0,0.784,0.072,winter,2,21.1458,79.0882
2023-02-25,RES-C,Reservoir C,57.465,1.484,0.991,0.5,31.2,4.66,0.62,180.0,0.743,0.13,winter,2,21.1458,79.0882
2023-02-26,RES-C,Reservoir C,57.633,1.228,0.846,1.09,32.09,4.36,1.29,180.0,0.697,0.134,winter,2,21.1458,79.0882
2023-02-27,RES-C,Reservoir C,58.376,1.691,1.161,0.81,32.15,4.34,0.89,180.0,1.006,0.104,winter,2,21.1458,79.0882
2023-02-28,RES-C,Reservoir C,58.289,0.996,1.022,0.63,30.09,4.24,0.74,180.0,0.909,0.113,winter,2,21.1458,79.0882
2023-03-01,RES-C,Reservoir C,58.565,1.148,0.946,0.71,34.3,4.44,0.88,180.0,0.786,0.116,summer,3,21.1458,79.0882
2023-03-02,RES-C,Reservoir C,58.133,1.117,1.08,0.73,35.41,4.56,0.91,180.0,0.844,0.135,summer,3,21.1458,79.0882
2023-03-03,RES-C,Reservoir C,57.5,0.931,1.233,0.1,35.03,4.67,0.11,180.0,1.07,0.037,summer,3,21.1458,79.0882
2023-03-04,RES-C,Reservoir C,57.791,1.046,1.235,0.8,32.17,4.08,0.9,180.0,1.032,0.117,summer,3,21.1458,79.0882
2023-03-05,RES-C,Reservoir C,57.907,0.935,1.03,0.21,34.25,4.54,0.23,180.0,0.879,0.094,summer,3,21.1458,79.0882
2023-03-06,RES-C,Reservoir C,57.835,1.366,1.319,0.06,36.15,5.42,0.07,180.0,1.22,0.042,summer,3,21.1458,79.0882
2023-03-07,RES-C,Reservoir C,58.477,1.443,1.421,0.56,35.63,5.09,0.66,180.0,1.305,0.067,summer,3,21.1458,79.0882
2023-03-08,RES-C,Reservoir C,59.115,1.415,1.409,0.5,36.39,4.96,0.57,180.0,1.315,0.094,summer,3,21.1458,79.0882
2023-03-09,RES-C,Reservoir C,58.873,0.863,1.541,1.08,33.75,5.01,1.24,180.0,1.38,0.134,summer,3,21.1458,79.0882
2023-03-10,RES-C,Reservoir C,57.71,0.537,1.67,0.31,36.47,4.63,0.35,180.0,1.459,0.096,summer,3,21.1458,79.0882
2023-03-11,RES-C,Reservoir C,57.302,0.964,1.555,0.18,34.87,5.43,0.22,180.0,1.397,0.072,summer,3,21.1458,79.0882
2023-03-12,RES-C,Reservoir C,57.13,1.557,1.302,0.99,36.84,4.78,1.15,180.0,1.168,0.112,summer,3,21.1458,79.0882
2023-03-13,RES-C,Reservoir C,56.833,0.645,1.165,0.05,34.93,5.29,0.06,180.0,1.055,0.071,summer,3,21.1458,79.0882
2023-03-14,RES-C,Reservoir C,56.289,0.603,0.94,0.1,32.47,5.0,0.12,180.0,0.773,0.094,summer,3,21.1458,79.0882
2023-03-15,RES-C,Reservoir C,56.081,1.487,1.091,0.4,35.95,4.29,0.48,180.0,1.003,0.137,summer,3,21.1458,79.0882
2023-03-16,RES-C,Reservoir C,55.191,1.041,1.123,0.0,34.4,5.07,0.0,180.0,1.03,0.013,summer,3,21.1458,79.0882
2023-03-17,RES-C,Reservoir C,55.355,1.325,1.102,0.31,34.48,4.55,0.38,180.0,0.907,0.114,summer,3,21.1458,79.0882
2023-03-18,RES-C,Reservoir C,54.653,0.921,0.701,0.56,33.18,4.31,0.63,180.0,0.565,0.105,summer,3,21.1458,79.0882
2023-03-19,RES-C,Reservoir C,54.419,0.72,0.89,0.21,36.87,5.08,0.23,180.0,0.755,0.106,summer,3,21.1458,79.0882
2023-03-20,RES-C,Reservoir C,54.972,1.556,0.991,0.87,34.3,4.31,0.96,180.0,0.85,0.159,summer,3,21.1458,79.0882
2023-03-21,RES-C,Reservoir C,54.673,0.734,0.747,0.05,36.82,5.07,0.06,180.0,0.56,0.06,summer,3,21.1458,79.0882
2023-03-22,RES-C,Reservoir C,54.172,0.678,0.867,0.18,34.41,4.35,0.23,180.0,0.708,0.117,summer,3,21.1458,79.0882
2023-03-23,RES-C,Reservoir C,54.001,0.638,0.84,0.32,33.81,4.61,0.37,180.0,0.727,0.058,summer,3,21.1458,79.0882
2023-03-24,RES-C,Reservoir C,53.675,0.916,0.934,0.59,36.51,5.28,0.72,180.0,0.819,0.114,summer,3,21.1458,79.0882
2023-03-25,RES-C,Reservoir C,53.755,1.134,1.049,0.06,34.84,4.8,0.07,180.0,0.908,0.075,summer,3,21.1458,79.0882
2023-03-26,RES-C,Reservoir C,53.391,0.792,0.771,1.04,34.85,4.57,1.3,180.0,0.606,0.133,summer,3,21.1458,79.0882
2023-03-27,RES-C,Reservoir C,53.48,1.147,0.859,0.26,33.39,4.67,0.3,180.0,0.711,0.063,summer,3,21.1458,79.0882
2023-03-28,RES-C,Reservoir C,53.548,1.233,0.89,1.39,34.38,4.2,1.56,180.0,0.746,0.163,summer,3,21.1458,79.0882
2023-03-29,RES-C,Reservoir C,53.465,0.878,1.003,0.31,35.44,4.5,0.37,180.0,0.85,0.143,summer,3,21.1458,79.0882
2023-03-30,RES-C,Reservoir C,53.99,0.993,1.027,0.49,33.37,4.38,0.6,180.0,0.879,0.075,summer,3,21.1458,79.0882
2023-03-31,RES-C,Reservoir C,54.004,1.106,1.173,0.77,34.28,4.85,0.93,180.0,1.062,0.124,summer,3,21.1458,79.0882
2023-04-01,RES-C,Reservoir C,54.17,0.777,0.756,0.16,35.5,4.88,0.19,180.0,0.55,0.113,summer,4,21.1458,79.0882
2023-04-02,RES-C,Reservoir C,53.792,0.904,1.141,0.53,36.08,4.99,0.61,180.0,1.015,0.097,summer,4,21.1458,79.0882
2023-04-03,RES-C,Reservoir C,53.615,0.803,1.231,0.41,37.78,5.02,0.49,180.0,1.075,0.141,summer,4,21.1458,79.0882
2023-04-04,RES-C,Reservoir C,53.614,1.286,1.059,0.05,35.64,4.54,0.06,180.0,1.012,0.07,summer,4,21.1458,79.0882
2023-04-05,RES-C,Reservoir C,53.788,1.223,0.885,0.84,35.17,5.17,0.98,180.0,0.746,0.119,summer,4,21.1458,79.0882
2023-04-06,RES-C,Reservoir C,53.733,0.768,1.202,0.03,39.3,5.01,0.03,180.0,1.107,0.051,summer,4,21.1458,79.0882
2023-04-07,RES-C,Reservoir C,53.466,1.002,1.132,0.87,35.48,4.88,0.98,180.0,1.031,0.127,summer,4,21.1458,79.0882
2023-04-08,RES-C,Reservoir C,52.771,0.723,1.671,0.14,35.77,4.76,0.15,180.0,1.4,0.087,summer,4,21.1458,79.0882
2023-04-09,RES-C,Reservoir C,52.335,0.92,1.367,0.69,35.57,4.94,0.83,180.0,1.205,0.134,summer,4,21.1458,79.0882
2023-04-10,RES-C,Reservoir C,52.192,1.338,1.23,0.54,35.67,4.6,0.67,180.0,1.018,0.088,summer,4,21.1458,79.0882
2023-04-11,RES-C,Reservoir C,52.348,1.212,1.001,1.37,36.09,5.15,1.58,180.0,0.809,0.128,summer,4,21.1458,79.0882
2023-04-12,RES-C,Reservoir C,51.547,0.212,1.374,0.4,37.1,5.37,0.47,180.0,1.174,0.114,summer,4,21.1458,79.0882
2023-04-13,RES-C,Reservoir C,52.014,1.211,1.291,0.8,36.48,5.18,0.88,180.0,1.151,0.162,summer,4,21.1458,79.0882
2023-04-14,RES-C,Reservoir C,52.83,1.016,1.2,0.64,37.29,5.02,0.74,180.0,0.969,0.131,summer,4,21.1458,79.0882
2023-04-15,RES-C,Reservoir C,52.288,0.644,1.235,0.1,37.25,4.84,0.11,180.0,1.043,0.14,summer,4,21.1458,79.0882
2023-04-16,RES-C,Reservoir C,52.561,1.36,1.0,0.49,36.25,5.7,0.58,180.0,0.848,0.121,summer,4,21.1458,79.0882
2023-04-17,RES-C,Reservoir C,52.281,0.05,1.171,0.27,36.45,4.58,0.33,180.0,1.008,0.109,summer,4,21.1458,79.0882
2023-04-18,RES-C,Reservoir C,52.406,1.529,1.09,0.36,37.33,5.24,0.42,180.0,0.947,0.118,summer,4,21.1458,79.0882
2023-04-19,RES-C,Reservoir C,52.362,1.236,0.66,0.13,34.67,4.76,0.16,180.0,0.507,0.131,summer,4,21.1458,79.0882
2023-04-20,RES-C,Reservoir C,52.915,0.597,0.653,0.03,39.0,5.16,0.04,180.0,0.505,0.119,summer,4,21.1458,79.0882
2023-04-21,RES-C,Reservoir C,52.88,0.73,1.157,0.18,35.38,4.8,0.2,180.0,0.988,0.056,summer,4,21.1458,79.0882
2023-04-22,RES-C,Reservoir C,53.102,1.263,1.039,0.58,35.58,4.62,0.67,180.0,0.802,0.133,summer,4,21.1458,79.0882
2023-04-23,RES-C,Reservoir C,53.844,1.024,0.552,0.08,34.55,4.77,0.09,180.0,0.462,0.092,summer,4,21.1458,79.0882
2023-04-24,RES-C,Reservoir C,54.092,0.638,0.623,0.12,34.58,4.74,0.14,180.0,0.416,0.08,summer,4,21.1458,79.0882
2023-04-25,RES-C,Reservoir C,54.064,0.875,0.825,1.28,37.17,5.76,1.58,180.0,0.693,0.091,summer,4,21.1458,79.0882
2023-04-26,RES-C,Reservoir C,54.826,2.745,0.726,2.44,38.72,5.47,2.86,180.0,0.512,0.156,summer,4,21.1458,79.0882
2023-04-27,RES-C,Reservoir C,54.867,1.242,0.8,0.22,35.32,4.89,0.25,180.0,0.667,0.08,summer,4,21.1458,79.0882
2023-04-28,RES-C,Reservoir C,55.24,0.91,0.917,0.11,36.42,5.04,0.13,180.0,0.746,0.042,summer,4,21.1458,79.0882
2023-04-29,RES-C,Reservoir C,55.444,0.934,0.927,0.15,36.26,5.4,0.17,180.0,0.785,0.077,summer,4,21.1458,79.0882
2023-04-30,RES-C,Reservoir C,55.522,1.363,1.08,0.69,37.2,4.67,0.86,180.0,1.017,0.136,summer,4,21.1458,79.0882
2023-05-01,RES-C,Reservoir C,55.91,1.065,1.412,0.01,37.59,4.96,0.01,180.0,1.175,0.063,summer,5,21.1458,79.0882
2023-05-02,RES-C,Reservoir C,55.497,0.369,0.983,0.6,36.75,4.34,0.73,180.0,0.88,0.113,summer,5,21.1458,79.0882
2023-05-03,RES-C,Reservoir C,55.765,0.907,0.986,0.47,34.64,4.82,0.52,180.0,0.832,0.071,summer,5,21.1458,79.0882
2023-05-04,RES-C,Reservoir C,55.509,0.658,1.203,0.04,35.56,5.02,0.04,180.0,1.105,0.091,summer,5,21.1458,79.0882
2023-05-05,RES-C,Reservoir C,56.169,1.394,1.414,1.32,35.68,4.48,1.52,180.0,1.331,0.161,summer,5,21.1458,79.0882
2023-05-06,RES-C,Reservoir C,56.404,1.22,1.196,0.3,34.9,5.12,0.37,180.0,1.056,0.052,summer,5,21.1458,79.0882
2023-05-07,RES-C,Reservoir C,55.77,0.267,1.386,0.19,33.61,4.32,0.22,180.0,1.265,0.067,summer,5,21.1458,79.0882
2023-05-08,RES-C,Reservoir C,55.283,0.416,1.115,0.18,33.97,4.47,0.21,180.0,1.023,0.051,summer,5,21.1458,79.0882
2023-05-09,RES-C,Reservoir C,54.978,0.798,1.3,0.48,36.31,4.89,0.54,180.0,1.152,0.119,summer,5,21.1458,79.0882
2023-05-10,RES-C,Reservoir C,55.05,1.65,1.039,1.61,36.43,5.35,1.92,180.0,0.963,0.165,summer,5,21.1458,79.0882
2023-05-11,RES-C,Reservoir C,54.617,1.39,1.274,0.6,34.68,4.4,0.72,180.0,1.118,0.109,summer,5,21.1458,79.0882
2023-05-12,RES-C,Reservoir C,54.853,1.495,1.212,0.25,35.24,4.82,0.3,180.0,1.068,0.089,summer,5,21.1458,79.0882
2023-05-13,RES-C,Reservoir C,54.51,0.929,1.164,0.47,36.36,5.1,0.53,180.0,1.138,0.113,summer,5,21.1458,79.0882
2023-05-14,RES-C,Reservoir C,54.165,1.152,1.392,0.12,32.88,4.62,0.14,180.0,1.268,0.097,summer,5,21.1458,79.0882
2023-05-15,RES-C,Reservoir C,54.439,1.651,1.067,1.21,34.39,4.81,1.49,180.0,0.894,0.126,summer,5,21.1458,79.0882
2023-05-16,RES-C,Reservoir C,55.247,2.133,0.697,2.31,37.35,5.21,2.74,180.0,0.6,0.176,summer,5,21.1458,79.0882
2023-05-17,RES-C,Reservoir C,55.227,0.994,0.993,0.41,35.29,4.57,0.47,180.0,0.818,0.099,summer,5,21.1458,79.0882
2023-05-18,RES-C,Reservoir C,55.65,0.741,1.015,0.16,33.57,5.04,0.19,180.0,0.843,0.083,summer,5,21.1458,79.0882
2023-05-19,RES-C,Reservoir C,55.642,0.471,0.882,0.09,35.07,4.67,0.1,180.0,0.783,0.146,summer,5,21.1458,79.0882
2023-05-20,RES-C,Reservoir C,56.838,1.662,0.84,2.55,36.15,4.77,2.99,180.0,0.691,0.196,summer,5,21.1458,79.0882
2023-05-21,RES-C,Reservoir C,56.885,1.481,1.098,1.13,31.87,4.73,1.32,180.0,0.907,0.145,summer,5,21.1458,79.0882
2023-05-22,RES-C,Reservoir C,57.505,1.421,0.789,1.31,35.14,4.53,1.46,180.0,0.683,0.159,summer,5,21.1458,79.0882
2023-05-23,RES-C,Reservoir C,57.286,0.656,0.775,0.0,34.48,4.73,0.0,180.0,0.636,0.122,summer,5,21.1458,79.0882
2023-05-24,RES-C,Reservoir C,57.333,1.228,0.742,0.39,32.96,4.24,0.47,180.0,0.535,0.075,summer,5,21.1458,79.0882
2023-05-25,RES-C,Reservoir C,58.347,1.015,0.507,0.57,35.03,5.46,0.71,180.0,0.4,0.149,summer,5,21.1458,79.0882
2023-05-26,RES-C,Reservoir C,58.145,1.066,0.906,1.18,34.76,5.36,1.42,180.0,0.733,0.135,summer,5,21.1458,79.0882
2023-05-27,RES-C,Reservoir C,57.536,1.149,0.847,0.9,34.9,4.65,1.05,180.0,0.751,0.2,summer,5,21.1458,79.0882
2023-05-28,RES-C,Reservoir C,57.488,1.144,0.736,0.11,34.51,4.8,0.14,180.0,0.594,0.097,summer,5,21.1458,79.0882
2023-05-29,RES-C,Reservoir C,56.671,0.809,0.964,0.75,33.7,4.55,0.85,180.0,0.792,0.081,summer,5,21.1458,79.0882
2023-05-30,RES-C,Reservoir C,56.417,1.04,0.856,0.34,33.18,4.38,0.4,180.0,0.826,0.091,summer,5,21.1458,79.0882
2023-05-31,RES-C,Reservoir C,56.377,1.4,0.93,1.27,34.1,4.63,1.4,180.0,0.806,0.184,summer,5,21.1458,79.0882
2023-06-01,RES-C,Reservoir C,56.909,1.917,1.004,2.83,33.03,4.45,3.14,180.0,0.833,0.224,monsoon,6,21.1458,79.0882
2023-06-02,RES-C,Reservoir C,56.115,1.104,1.224,0.82,32.28,3.92,0.98,180.0,1.062,0.119,monsoon,6,21.1458,79.0882
2023-06-03,RES-C,Reservoir C,58.48,4.464,1.137,8.59,31.92,4.41,9.7,180.0,1.013,0.531,monsoon,6,21.1458,79.0882
2023-06-04,RES-C,Reservoir C,58.568,2.402,1.092,3.15,30.75,4.18,3.79,180.0,0.997,0.227,monsoon,6,21.1458,79.0882
2023-06-05,RES-C,Reservoir C,59.14,2.234,1.169,3.86,31.55,4.38,4.61,180.0,0.987,0.267,monsoon,6,21.1458,79.0882
2023-06-06,RES-C,Reservoir C,60.381,3.627,1.252,5.02,32.88,4.42,5.56,180.0,1.118,0.302,monsoon,6,21.1458,79.0882
2023-06-07,RES-C,Reservoir C,63.101,5.614,1.465,9.84,32.61,4.3,11.4,180.0,1.287,0.624,monsoon,6,21.1458,79.0882
2023-06-08,RES-C,Reservoir C,64.944,4.326,1.349,7.52,31.43,4.53,8.97,180.0,1.18,0.419,monsoon,6,21.1458,79.0882
2023-06-09,RES-C,Reservoir C,67.414,4.787,1.23,7.21,28.87,4.12,8.7,180.0,1.102,0.446,monsoon,6,21.1458,79.0882
2023-06-10,RES-C,Reservoir C,66.803,0.537,1.366,0.2,31.19,4.66,0.24,180.0,1.163,0.104,monsoon,6,21.1458,79.0882
2023-06-11,RES-C,Reservoir C,69.948,7.081,1.411,13.3,31.42,4.42,15.29,180.0,1.29,0.745,monsoon,6,21.1458,79.0882
2023-06-12,RES-C,Reservoir C,75.716,10.97,1.33,21.71,30.91,4.15,26.6,180.0,1.121,1.128,monsoon,6,21.1458,79.0882
2023-06-13,RES-C,Reservoir C,78.062,4.721,1.257,7.03,31.5,4.47,8.11,180.0,1.041,0.402,monsoon,6,21.1458,79.0882
2023-06-14,RES-C,Reservoir C,78.95,2.313,1.25,1.76,32.98,3.86,1.93,180.0,1.048,0.184,monsoon,6,21.1458,79.0882
2023-06-15,RES-C,Reservoir C,79.586,1.943,1.017,3.49,31.96,4.97,4.16,180.0,0.876,0.231,monsoon,6,21.1458,79.0882
2023-06-16,RES-C,Reservoir C,79.799,1.426,1.153,1.86,33.19,4.56,2.11,180.0,0.876,0.111,monsoon,6,21.1458,79.0882
2023-06-17,RES-C,Reservoir C,85.377,10.501,0.883,19.77,30.19,4.78,22.11,180.0,0.725,1.08,monsoon,6,21.1458,79.0882
2023-06-18,RES-C,Reservoir C,86.555,2.503,0.683,3.84,31.63,4.04,4.37,180.0,0.52,0.246,monsoon,6,21.1458,79.0882
2023-06-19,RES-C,Reservoir C,89.314,4.439,0.915,7.33,29.67,3.73,8.97,180.0,0.766,0.465,monsoon,6,21.1458,79.0882
2023-06-20,RES-C,Reservoir C,90.564,3.163,0.829,4.82,31.49,4.39,5.96,180.0,0.735,0.315,monsoon,6,21.1458,79.0882
2023-06-21,RES-C,Reservoir C,93.224,5.664,0.834,9.45,30.75,4.3,11.76,180.0,0.619,0.545,monsoon,6,21.1458,79.0882
2023-06-22,RES-C,Reservoir C,93.468,1.637,0.928,2.39,33.54,4.63,2.73,180.0,0.807,0.201,monsoon,6,21.1458,79.0882
2023-06-23,RES-C,Reservoir C,95.676,4.358,0.739,7.07,32.49,4.45,8.27,180.0,0.543,0.4,monsoon,6,21.1458,79.0882
2023-06-24,RES-C,Reservoir C,95.917,2.337,0.605,3.87,33.22,4.3,4.73,180.0,0.397,0.249,monsoon,6,21.1458,79.0882
2023-06-25,RES-C,Reservoir C,98.0,7.911,0.759,14.75,31.48,3.83,16.93,180.0,0.579,0.81,monsoon,6,21.1458,79.0882
2023-06-26,RES-C,Reservoir C,98.0,0.313,0.598,0.25,30.78,4.28,0.28,180.0,0.483,0.058,monsoon,6,21.1458,79.0882
2023-06-27,RES-C,Reservoir C,98.0,2.781,0.937,4.33,30.74,3.8,4.91,180.0,0.804,0.318,monsoon,6,21.1458,79.0882
2023-06-28,RES-C,Reservoir C,98.0,7.347,0.702,13.63,32.32,3.97,16.17,180.0,0.686,0.753,monsoon,6,21.1458,79.0882
2023-06-29,RES-C,Reservoir C,98.0,7.264,1.14,12.37,34.17,4.49,14.83,180.0,0.996,0.655,monsoon,6,21.1458,79.0882
2023-06-30,RES-C,Reservoir C,98.0,1.23,1.235,0.92,32.49,4.53,1.05,180.0,1.045,0.109,monsoon,6,21.1458,79.0882
2023-07-01,RES-C,Reservoir C,98.0,6.348,0.951,11.27,27.55,4.4,12.44,180.0,0.813,0.647,monsoon,7,21.1458,79.0882
2023-07-02,RES-C,Reservoir C,97.982,1.853,1.001,2.14,27.77,4.13,2.58,180.0,0.88,0.173,monsoon,7,21.1458,79.0882
2023-07-03,RES-C,Reservoir C,98.0,1.512,1.262,2.94,27.96,4.29,3.51,180.0,1.127,0.239,monsoon,7,21.1458,79.0882
2023-07-04,RES-C,Reservoir C,98.0,6.495,1.444,13.03,30.43,4.35,14.76,180.0,1.233,0.749,monsoon,7,21.1458,79.0882
2023-07-05,RES-C,Reservoir C,98.0,2.771,0.962,4.24,29.48,4.15,4.86,180.0,0.815,0.364,monsoon,7,21.1458,79.0882
2023-07-06,RES-C,Reservoir C,97.826,1.31,1.423,0.83,28.31,4.65,1.03,180.0,1.18,0.156,monsoon,7,21.1458,79.0882
2023-07-07,RES-C,Reservoir C,98.0,1.483,0.94,1.54,28.13,3.48,1.84,180.0,0.819,0.108,monsoon,7,21.1458,79.0882
2023-07-08,RES-C,Reservoir C,98.0,3.537,1.227,6.14,28.36,3.78,7.3,180.0,1.066,0.376,monsoon,7,21.1458,79.0882
2023-07-09,RES-C,Reservoir C,98.0,2.746,1.43,4.1,28.59,3.83,4.9,180.0,1.302,0.277,monsoon,7,21.1458,79.0882
2023-07-10,RES-C,Reservoir C,98.0,2.692,1.822,4.02,27.5,4.07,5.0,180.0,1.568,0.298,monsoon,7,21.1458,79.0882
2023-07-11,RES-C,Reservoir C,98.0,5.654,1.209,9.31,26.99,3.44,10.72,180.0,1.05,0.518,monsoon,7,21.1458,79.0882
2023-07-12,RES-C,Reservoir C,98.0,4.94,1.116,7.91,29.24,4.24,9.04,180.0,0.86,0.46,monsoon,7,21.1458,79.0882
2023-07-13,RES-C,Reservoir C,98.0,2.772,1.054,4.4,28.03,4.04,5.09,180.0,0.925,0.263,monsoon,7,21.1458,79.0882
2023-07-14,RES-C,Reservoir C,98.0,7.023,1.188,12.54,29.14,4.24,15.3,180.0,0.962,0.689,monsoon,7,21.1458,79.0882
2023-07-15,RES-C,Reservoir C,98.0,5.487,0.955,9.38,29.98,4.34,10.49,180.0,0.799,0.532,monsoon,7,21.1458,79.0882
2023-07-16,RES-C,Reservoir C,98.0,4.626,0.901,7.5,28.62,4.4,8.48,180.0,0.709,0.446,monsoon,7,21.1458,79.0882
2023-07-17,RES-C,Reservoir C,98.0,3.077,0.823,3.46,28.43,3.9,3.92,180.0,0.734,0.217,monsoon,7,21.1458,79.0882
2023-07-18,RES-C,Reservoir C,98.0,7.824,0.98,14.19,31.84,4.48,16.97,180.0,0.812,0.819,monsoon,7,21.1458,79.0882
2023-07-19,RES-C,Reservoir C,98.0,3.177,0.785,3.97,28.25,3.67,4.75,180.0,0.689,0.293,monsoon,7,21.1458,79.0882
2023-07-20,RES-C,Reservoir C,98.0,2.535,0.714,4.35,26.69,3.41,5.03,180.0,0.551,0.254,monsoon,7,21.1458,79.0882
2023-07-21,RES-C,Reservoir C,98.0,10.459,0.636,20.11,27.66,4.35,22.96,180.0,0.562,1.087,monsoon,7,21.1458,79.0882
2023-07-22,RES-C,Reservoir C,98.0,1.183,0.735,2.28,29.86,3.84,2.76,180.0,0.589,0.147,monsoon,7,21.1458,79.0882
2023-07-23,RES-C,Reservoir C,98.0,1.947,0.706,2.24,26.45,3.87,2.47,180.0,0.501,0.232,monsoon,7,21.1458,79.0882
2023-07-24,RES-C,Reservoir C,98.0,3.271,0.734,4.52,27.1,3.91,5.47,180.0,0.556,0.354,monsoon,7,21.1458,79.0882
2023-07-25,RES-C,Reservoir C,97.521,0.758,0.868,1.74,29.33,4.37,1.97,180.0,0.78,0.165,monsoon,7,21.1458,79.0882
2023-07-26,RES-C,Reservoir C,98.0,1.761,0.735,1.79,27.67,3.32,2.22,180.0,0.68,0.144,monsoon,7,21.1458,79.0882
2023-07-27,RES-C,Reservoir C,98.0,10.706,0.665,19.67,27.87,4.11,22.85,180.0,0.49,1.043,monsoon,7,21.1458,79.0882
2023-07-28,RES-C,Reservoir C,98.0,3.195,1.181,4.45,29.29,4.0,5.32,180.0,0.952,0.289,monsoon,7,21.1458,79.0882
2023-07-29,RES-C,Reservoir C,98.0,4.16,1.012,7.72,27.14,3.58,8.63,180.0,0.911,0.463,monsoon,7,21.1458,79.0882
2023-07-30,RES-C,Reservoir C,98.0,1.586,0.947,1.05,26.24,3.57,1.19,180.0,0.693,0.174,monsoon,7,21.1458,79.0882
2023-07-31,RES-C,Reservoir C,98.0,1.822,1.047,2.05,26.33,3.97,2.47,180.0,0.897,0.211,monsoon,7,21.1458,79.0882
2023-08-01,RES-C,Reservoir C,98.0,11.788,0.935,21.8,24.7,3.68,25.78,180.0,0.883,1.199,monsoon,8,21.1458,79.0882
2023-08-02,RES-C,Reservoir C,98.0,1.63,1.22,1.76,24.31,3.38,2.14,180.0,1.148,0.173,monsoon,8,21.1458,79.0882
2023-08-03,RES-C,Reservoir C,98.0,4.86,1.219,7.94,23.17,2.94,9.4,180.0,1.03,0.442,monsoon,8,21.1458,79.0882
2023-08-04,RES-C,Reservoir C,98.0,1.205,1.262,0.03,22.61,2.89,0.04,180.0,1.106,0.059,monsoon,8,21.1458,79.0882
2023-08-05,RES-C,Reservoir C,97.696,1.197,1.333,0.94,23.68,3.57,1.15,180.0,1.109,0.129,monsoon,8,21.1458,79.0882
2023-08-06,RES-C,Reservoir C,98.0,3.057,1.017,4.38,25.34,3.16,5.09,180.0,0.927,0.263,monsoon,8,21.1458,79.0882
2023-08-07,RES-C,Reservoir C,98.0,7.336,1.515,12.23,23.0,3.22,15.09,180.0,1.359,0.701,monsoon,8,21.1458,79.0882
2023-08-08,RES-C,Reservoir C,98.0,3.621,1.387,5.82,23.2,4.09,6.73,180.0,1.237,0.395,monsoon,8,21.1458,79.0882
2023-08-09,RES-C,Reservoir C,98.0,2.754,1.147,4.77,22.57,3.35,5.48,180.0,1.004,0.335,monsoon,8,21.1458,79.0882
2023-08-10,RES-C,Reservoir C,98.0,6.026,1.245,10.03,23.56,3.55,12.21,180.0,1.115,0.597,monsoon,8,21.1458,79.0882
2023-08-11,RES-C,Reservoir C,98.0,4.71,1.325,6.98,24.41,3.11,7.69,180.0,1.193,0.373,monsoon,8,21.1458,79.0882
2023-08-12,RES-C,Reservoir C,98.0,3.933,1.169,5.47,26.54,3.32,6.16,180.0,1.01,0.394,monsoon,8,21.1458,79.0882
2023-08-13,RES-C,Reservoir C,98.0,2.78,1.351,3.54,24.26,3.65,3.93,180.0,1.185,0.21,monsoon,8,21.1458,79.0882
2023-08-14,RES-C,Reservoir C,98.0,2.253,1.5,4.6,23.94,3.29,5.41,180.0,1.338,0.305,monsoon,8,21.1458,79.0882
2023-08-15,RES-C,Reservoir C,98.0,2.278,1.039,3.43,25.04,3.86,4.1,180.0,0.829,0.27,monsoon,8,21.1458,79.0882
2023-08-16,RES-C,Reservoir C,98.0,3.3,0.801,5.54,24.84,3.52,6.1,180.0,0.711,0.368,monsoon,8,21.1458,79.0882
2023-08-17,RES-C,Reservoir C,98.0,4.822,0.664,8.18,23.31,4.36,9.19,180.0,0.605,0.451,monsoon,8,21.1458,79.0882
2023-08-18,RES-C,Reservoir C,98.0,2.001,0.583,1.24,26.76,3.57,1.42,180.0,0.382,0.109,monsoon,8,21.1458,79.0882
2023-08-19,RES-C,Reservoir C,98.0,1.759,0.974,2.72,23.97,3.49,3.11,180.0,0.871,0.225,monsoon,8,21.1458,79.0882
2023-08-20,RES-C,Reservoir C,98.0,6.358,0.74,9.76,24.28,3.18,10.88,180.0,0.609,0.583,monsoon,8,21.1458,79.0882
2023-08-21,RES-C,Reservoir C,98.0,5.969,0.902,10.82,24.66,3.8,12.18,180.0,0.783,0.588,monsoon,8,21.1458,79.0882
2023-08-22,RES-C,Reservoir C,98.0,9.264,0.931,17.53,24.42,3.59,21.51,180.0,0.813,0.968,monsoon,8,21.1458,79.0882
2023-08-23,RES-C,Reservoir C,98.0,4.042,0.577,5.93,25.83,3.34,7.15,180.0,0.5,0.331,monsoon,8,21.1458,79.0882
2023-08-24,RES-C,Reservoir C,98.0,2.377,0.665,2.55,23.29,3.23,2.92,180.0,0.544,0.226,monsoon,8,21.1458,79.0882
2023-08-25,RES-C,Reservoir C,98.0,2.39,1.158,2.77,24.94,3.93,3.16,180.0,0.976,0.192,monsoon,8,21.1458,79.0882
2023-08-26,RES-C,Reservoir C,98.0,3.346,0.892,5.76,24.2,3.81,6.4,180.0,0.743,0.37,monsoon,8,21.1458,79.0882
2023-08-27,RES-C,Reservoir C,98.0,1.982,0.874,2.04,25.18,3.13,2.36,180.0,0.699,0.18,monsoon,8,21.1458,79.0882
2023-08-28,RES-C,Reservoir C,98.0,8.615,0.816,16.59,23.74,3.24,19.24,180.0,0.691,0.944,monsoon,8,21.1458,79.0882
2023-08-29,RES-C,Reservoir C,98.0,2.221,1.074,3.41,23.58,3.91,4.21,180.0,0.879,0.258,monsoon,8,21.1458,79.0882
2023-08-30,RES-C,Reservoir C,98.0,8.116,1.303,14.79,24.88,3.47,17.92,180.0,1.178,0.801,monsoon,8,21.1458,79.0882
2023-08-31,RES-C,Reservoir C,98.0,1.37,1.149,1.74,24.43,3.52,2.03,180.0,1.104,0.178,monsoon,8,21.1458,79.0882
2023-09-01,RES-C,Reservoir C,98.0,3.43,1.24,4.62,20.09,3.25,5.17,180.0,1.074,0.375,monsoon,9,21.1458,79.0882
2023-09-02,RES-C,Reservoir C,98.0,2.559,1.512,3.96,22.69,2.85,4.74,180.0,1.324,0.3,monsoon,9,21.1458,79.0882
2023-09-03,RES-C,Reservoir C,98.0,1.226,1.448,1.01,21.95,2.88,1.25,180.0,1.326,0.129,monsoon,9,21.1458,79.0882
2023-09-04,RES-C,Reservoir C,98.0,2.581,1.398,4.27,20.98,2.95,4.75,180.0,1.188,0.269,monsoon,9,21.1458,79.0882
2023-09-05,RES-C,Reservoir C,98.0,4.63,1.673,6.96,20.51,3.35,8.54,180.0,1.565,0.409,monsoon,9,21.1458,79.0882
2023-09-06,RES-C,Reservoir C,97.453,0.669,1.295,0.21,21.51,3.42,0.24,180.0,1.112,0.111,monsoon,9,21.1458,79.0882
2023-09-07,RES-C,Reservoir C,98.0,5.591,1.54,8.85,21.86,3.37,10.66,180.0,1.302,0.496,monsoon,9,21.1458,79.0882
2023-09-08,RES-C,Reservoir C,98.0,4.851,1.209,7.5,19.16,2.79,8.46,180.0,1.058,0.455,monsoon,9,21.1458,79.0882
2023-09-09,RES-C,Reservoir C,98.0,3.327,1.36,5.42,21.52,3.45,6.45,180.0,1.221,0.394,monsoon,9,21.1458,79.0882
2023-09-10,RES-C,Reservoir C,98.0,5.923,1.154,10.42,21.85,3.11,11.83,180.0,1.01,0.605,monsoon,9,21.1458,79.0882
2023-09-11,RES-C,Reservoir C,98.0,6.085,1.302,11.02,18.25,2.89,13.02,180.0,1.071,0.599,monsoon,9,21.1458,79.0882
2023-09-12,RES-C,Reservoir C,98.0,19.184,1.481,36.74,21.31,3.36,43.72,180.0,1.31,1.982,monsoon,9,21.1458,79.0882
2023-09-13,RES-C,Reservoir C,98.0,1.195,1.3,0.93,21.91,3.67,1.11,180.0,1.043,0.18,monsoon,9,21.1458,79.0882
2023-09-14,RES-C,Reservoir C,98.0,9.858,1.084,18.55,21.77,3.13,22.3,180.0,0.92,1.023,monsoon,9,21.1458,79.0882
2023-09-15,RES-C,Reservoir C,98.0,7.042,0.799,12.74,22.03,3.07,14.14,180.0,0.682,0.755,monsoon,9,21.1458,79.0882
2023-09-16,RES-C,Reservoir C,98.0,3.968,0.902,7.5,20.68,3.4,9.04,180.0,0.781,0.447,monsoon,9,21.1458,79.0882
2023-09-17,RES-C,Reservoir C,98.0,1.644,0.716,1.78,19.82,3.32,2.0,180.0,0.563,0.191,monsoon,9,21.1458,79.0882
2023-09-18,RES-C,Reservoir C,98.0,2.847,0.864,3.67,18.91,2.64,4.41,180.0,0.817,0.251,monsoon,9,21.1458,79.0882
2023-09-19,RES-C,Reservoir C,98.0,2.389,0.918,3.15,22.38,2.88,3.52,180.0,0.792,0.197,monsoon,9,21.1458,79.0882
2023-09-20,RES-C,Reservoir C,98.0,3.553,0.752,4.9,21.92,3.53,5.74,180.0,0.624,0.403,monsoon,9,21.1458,79.0882
2023-09-21,RES-C,Reservoir C,98.0,5.632,1.063,10.08,22.47,2.73,11.67,180.0,0.901,0.542,monsoon,9,21.1458,79.0882
2023-09-22,RES-C,Reservoir C,98.0,8.574,1.138,15.88,20.2,2.45,19.77,180.0,0.891,0.883,monsoon,9,21.1458,79.0882
2023-09-23,RES-C,Reservoir C,98.0,11.693,0.859,22.77,22.04,3.09,27.2,180.0,0.706,1.227,monsoon,9,21.1458,79.0882
2023-09-24,RES-C,Reservoir C,98.0,2.467,0.853,3.7,19.27,2.84,4.12,180.0,0.799,0.28,monsoon,9,21.1458,79.0882
2023-09-25,RES-C,Reservoir C,98.0,4.702,0.769,6.47,20.03,2.59,7.8,180.0,0.665,0.401,monsoon,9,21.1458,79.0882
2023-09-26,RES-C,Reservoir C,98.0,1.981,0.921,2.21,21.22,3.11,2.5,180.0,0.757,0.188,monsoon,9,21.1458,79.0882
2023-09-27,RES-C,Reservoir C,98.0,7.091,0.841,13.22,21.87,3.2,15.11,180.0,0.686,0.745,monsoon,9,21.1458,79.0882
2023-09-28,RES-C,Reservoir C,98.0,4.352,1.059,7.93,23.09,3.13,9.17,180.0,0.828,0.491,monsoon,9,21.1458,79.0882
2023-09-29,RES-C,Reservoir C,98.0,2.463,1.134,4.47,20.78,3.6,5.44,180.0,0.936,0.303,monsoon,9,21.1458,79.0882
2023-09-30,RES-C,Reservoir C,97.377,0.934,0.949,0.85,20.03,3.03,1.06,180.0,0.753,0.121,monsoon,9,21.1458,79.0882
2023-10-01,RES-C,Reservoir C,96.5,1.106,1.273,0.08,18.9,3.11,0.1,180.0,1.133,0.044,autumn,10,21.1458,79.0882
2023-10-02,RES-C,Reservoir C,96.673,0.983,1.444,0.68,19.17,2.36,0.76,180.0,1.239,0.174,autumn,10,21.1458,79.0882
2023-10-03,RES-C,Reservoir C,96.682,0.487,1.221,0.04,22.67,2.78,0.05,180.0,1.115,0.098,autumn,10,21.1458,79.0882
2023-10-04,RES-C,Reservoir C,96.543,0.536,0.932,0.07,20.91,3.15,0.08,180.0,0.733,0.09,autumn,10,21.1458,79.0882
2023-10-05,RES-C,Reservoir C,96.593,1.127,1.247,0.2,21.34,3.62,0.23,180.0,1.111,0.071,autumn,10,21.1458,79.0882
2023-10-06,RES-C,Reservoir C,96.918,1.052,1.017,0.57,19.71,2.56,0.67,180.0,0.94,0.078,autumn,10,21.1458,79.0882
2023-10-07,RES-C,Reservoir C,97.051,0.904,1.226,0.65,20.0,2.94,0.81,180.0,1.046,0.138,autumn,10,21.1458,79.0882
2023-10-08,RES-C,Reservoir C,96.52,0.799,1.554,0.22,20.84,2.63,0.25,180.0,1.334,0.086,autumn,10,21.1458,79.0882
2023-10-09,RES-C,Reservoir C,97.315,1.677,0.85,0.21,19.39,2.61,0.25,180.0,0.721,0.109,autumn,10,21.1458,79.0882
2023-10-10,RES-C,Reservoir C,97.217,1.232,1.153,0.01,19.65,2.92,0.01,180.0,0.924,0.04,autumn,10,21.1458,79.0882
2023-10-11,RES-C,Reservoir C,97.599,1.698,1.193,0.77,19.19,2.66,0.93,180.0,1.126,0.165,autumn,10,21.1458,79.0882
2023-10-12,RES-C,Reservoir C,97.271,0.214,0.937,0.06,19.46,2.44,0.07,180.0,0.847,0.11,autumn,10,21.1458,79.0882
2023-10-13,RES-C,Reservoir C,96.995,0.97,0.926,0.45,20.06,2.51,0.54,180.0,0.783,0.1,autumn,10,21.1458,79.0882
2023-10-14,RES-C,Reservoir C,96.397,0.669,1.284,0.19,19.01,2.22,0.22,180.0,1.153,0.104,autumn,10,21.1458,79.0882
2023-10-15,RES-C,Reservoir C,97.456,1.457,0.972,0.94,20.34,3.08,1.14,180.0,0.855,0.149,autumn,10,21.1458,79.0882
2023-10-16,RES-C,Reservoir C,97.222,1.229,1.05,0.12,20.34,3.12,0.14,180.0,0.893,0.046,autumn,10,21.1458,79.0882
2023-10-17,RES-C,Reservoir C,97.598,1.331,0.912,0.83,19.78,3.05,1.03,180.0,0.788,0.172,autumn,10,21.1458,79.0882
2023-10-18,RES-C,Reservoir C,97.654,0.575,0.84,0.16,19.01,2.51,0.19,180.0,0.708,0.103,autumn,10,21.1458,79.0882
2023-10-19,RES-C,Reservoir C,97.632,1.022,1.016,0.92,20.13,3.22,1.08,180.0,0.852,0.105,autumn,10,21.1458,79.0882
2023-10-20,RES-C,Reservoir C,97.907,1.155,1.054,0.28,19.39,3.04,0.32,180.0,0.937,0.061,autumn,10,21.1458,79.0882
2023-10-21,RES-C,Reservoir C,98.0,1.153,0.544,0.2,20.06,2.91,0.23,180.0,0.399,0.12,autumn,10,21.1458,79.0882
2023-10-22,RES-C,Reservoir C,97.73,0.853,0.775,0.01,21.32,3.01,0.01,180.0,0.657,0.087,autumn,10,21.1458,79.0882
2023-10-23,RES-C,Reservoir C,98.0,0.925,0.767,0.16,18.5,2.52,0.2,180.0,0.677,0.102,autumn,10,21.1458,79.0882
2023-10-24,RES-C,Reservoir C,97.8,0.844,0.838,0.05,22.61,3.27,0.06,180.0,0.65,0.083,autumn,10,21.1458,79.0882
2023-10-25,RES-C,Reservoir C,98.0,1.168,1.136,0.55,19.91,3.37,0.68,180.0,0.9,0.077,autumn,10,21.1458,79.0882
2023-10-26,RES-C,Reservoir C,98.0,1.293,1.04,0.49,20.49,3.3,0.57,180.0,0.837,0.12,autumn,10,21.1458,79.0882
2023-10-27,RES-C,Reservoir C,97.673,1.167,1.303,0.29,19.1,2.71,0.36,180.0,1.137,0.089,autumn,10,21.1458,79.0882
2023-10-28,RES-C,Reservoir C,97.607,0.87,1.183,0.13,21.37,3.23,0.15,180.0,1.065,0.086,autumn,10,21.1458,79.0882
2023-10-29,RES-C,Reservoir C,97.045,0.836,1.292,0.11,19.85,2.55,0.13,180.0,1.157,0.157,autumn,10,21.1458,79.0882
2023-10-30,RES-C,Reservoir C,97.61,1.834,1.025,2.14,19.53,3.06,2.59,180.0,0.822,0.213,autumn,10,21.1458,79.0882
2023-10-31,RES-C,Reservoir C,97.536,0.947,0.962,0.85,19.31,2.57,1.01,180.0,0.926,0.15,autumn,10,21.1458,79.0882
2023-11-01,RES-C,Reservoir C,97.118,0.844,1.109,0.65,20.75,3.2,0.79,180.0,0.977,0.194,autumn,11,21.1458,79.0882
2023-11-02,RES-C,Reservoir C,96.571,1.077,1.502,0.18,21.57,3.98,0.2,180.0,1.315,0.1,autumn,11,21.1458,79.0882
2023-11-03,RES-C,Reservoir C,97.163,0.628,1.086,0.16,21.28,2.88,0.19,180.0,0.993,0.091,autumn,11,21.1458,79.0882
2023-11-04,RES-C,Reservoir C,97.18,1.195,1.179,0.22,21.02,3.9,0.25,180.0,1.008,0.071,autumn,11,21.1458,79.0882
2023-11-05,RES-C,Reservoir C,97.204,1.459,1.149,1.38,20.22,3.07,1.56,180.0,0.98,0.135,autumn,11,21.1458,79.0882
2023-11-06,RES-C,Reservoir C,96.784,1.287,1.628,0.4,20.15,2.69,0.49,180.0,1.551,0.039,autumn,11,21.1458,79.0882
2023-11-07,RES-C,Reservoir C,96.876,1.117,1.25,0.19,20.52,2.72,0.23,180.0,1.095,0.113,autumn,11,21.1458,79.0882
2023-11-08,RES-C,Reservoir C,96.525,1.109,1.284,0.03,21.62,3.8,0.03,180.0,1.165,0.043,autumn,11,21.1458,79.0882
2023-11-09,RES-C,Reservoir C,96.136,1.029,1.047,0.81,21.87,3.27,0.92,180.0,0.876,0.147,autumn,11,21.1458,79.0882
2023-11-10,RES-C,Reservoir C,96.064,1.224,1.329,0.58,22.03,2.97,0.64,180.0,1.146,0.107,autumn,11,21.1458,79.0882
2023-11-11,RES-C,Reservoir C,96.301,1.312,0.856,0.51,21.07,2.97,0.6,180.0,0.686,0.11,autumn,11,21.1458,79.0882
2023-11-12,RES-C,Reservoir C,95.848,0.374,0.907,0.24,21.53,3.21,0.29,180.0,0.753,0.09,autumn,11,21.1458,79.0882
2023-11-13,RES-C,Reservoir C,95.884,1.521,0.903,0.25,20.87,3.0,0.31,180.0,0.738,0.134,autumn,11,21.1458,79.0882
2023-11-14,RES-C,Reservoir C,96.209,1.746,0.922,0.31,18.98,2.88,0.38,180.0,0.831,0.132,autumn,11,21.1458,79.0882
2023-11-15,RES-C,Reservoir C,96.482,1.578,0.783,0.9,20.81,3.53,1.06,180.0,0.634,0.124,autumn,11,21.1458,79.0882
2023-11-16,RES-C,Reservoir C,96.274,1.088,1.053,0.01,20.62,2.64,0.02,180.0,0.943,0.054,autumn,11,21.1458,79.0882
2023-11-17,RES-C,Reservoir C,96.417,1.049,0.961,0.09,19.82,3.07,0.1,180.0,0.759,0.112,autumn,11,21.1458,79.0882
2023-11-18,RES-C,Reservoir C,97.438,1.186,0.743,1.0,20.39,2.93,1.24,180.0,0.559,0.101,autumn,11,21.1458,79.0882
2023-11-19,RES-C,Reservoir C,97.812,0.855,0.985,0.19,21.23,2.9,0.22,180.0,0.801,0.043,autumn,11,21.1458,79.0882
2023-11-20,RES-C,Reservoir C,98.0,1.207,0.828,0.14,19.71,3.19,0.16,180.0,0.592,0.102,autumn,11,21.1458,79.0882
2023-11-21,RES-C,Reservoir C,97.765,0.625,0.707,0.33,20.22,2.49,0.4,180.0,0.574,0.133,autumn,11,21.1458,79.0882
2023-11-22,RES-C,Reservoir C,98.0,0.447,0.94,0.04,22.93,2.54,0.04,180.0,0.818,0.07,autumn,11,21.1458,79.0882
2023-11-23,RES-C,Reservoir C,98.0,0.817,0.479,0.32,19.15,2.87,0.36,180.0,0.346,0.108,autumn,11,21.1458,79.0882
2023-11-24,RES-C,Reservoir C,98.0,1.223,0.933,0.39,20.85,2.96,0.44,180.0,0.863,0.087,autumn,11,21.1458,79.0882
2023-11-25,RES-C,Reservoir C,98.0,0.674,0.765,0.36,19.67,2.45,0.43,180.0,0.691,0.119,autumn,11,21.1458,79.0882
2023-11-26,RES-C,Reservoir C,97.814,0.792,0.922,0.14,20.17,2.41,0.18,180.0,0.741,0.12,autumn,11,21.1458,79.0882
2023-11-27,RES-C,Reservoir C,97.884,0.97,1.274,0.42,20.83,3.58,0.5,180.0,1.194,0.093,autumn,11,21.1458,79.0882
2023-11-28,RES-C,Reservoir C,97.991,0.871,0.969,0.87,19.89,3.03,0.97,180.0,0.872,0.093,autumn,11,21.1458,79.0882
2023-11-29,RES-C,Reservoir C,96.984,0.602,1.29,1.32,21.76,3.12,1.58,180.0,1.145,0.102,autumn,11,21.1458,79.0882
2023-11-30,RES-C,Reservoir C,96.496,0.442,1.218,0.0,22.69,3.88,0.0,180.0,1.089,0.108,autumn,11,21.1458,79.0882
2023-12-01,RES-C,Reservoir C,96.664,1.131,1.338,0.49,25.01,3.81,0.56,180.0,1.143,0.07,winter,12,21.1458,79.0882
2023-12-02,RES-C,Reservoir C,96.831,1.372,1.232,0.82,25.23,4.06,0.91,180.0,1.079,0.132,winter,12,21.1458,79.0882
2023-12-03,RES-C,Reservoir C,96.877,0.994,1.202,0.04,22.34,2.83,0.05,180.0,1.092,0.105,winter,12,21.1458,79.0882
2023-12-04,RES-C,Reservoir C,96.464,1.317,1.576,0.62,23.71,2.98,0.71,180.0,1.378,0.096,winter,12,21.1458,79.0882
2023-12-05,RES-C,Reservoir C,96.343,1.104,1.475,1.07,24.56,3.63,1.19,180.0,1.288,0.129,winter,12,21.1458,79.0882
2023-12-06,RES-C,Reservoir C,95.985,0.572,1.142,0.14,25.05,3.63,0.16,180.0,1.063,0.117,winter,12,21.1458,79.0882
2023-12-07,RES-C,Reservoir C,95.967,1.254,1.122,0.65,26.1,4.01,0.78,180.0,0.96,0.088,winter,12,21.1458,79.0882
2023-12-08,RES-C,Reservoir C,95.988,1.57,1.112,1.72,25.28,3.04,1.96,180.0,0.998,0.139,winter,12,21.1458,79.0882
2023-12-09,RES-C,Reservoir C,96.235,1.209,1.307,0.19,25.08,3.72,0.21,180.0,1.194,0.082,winter,12,21.1458,79.0882
2023-12-10,RES-C,Reservoir C,96.083,0.952,1.422,0.04,27.16,4.06,0.04,180.0,1.178,0.12,winter,12,21.1458,79.0882
2023-12-11,RES-C,Reservoir C,96.292,1.414,1.191,0.33,24.12,3.67,0.4,180.0,1.035,0.145,winter,12,21.1458,79.0882
2023-12-12,RES-C,Reservoir C,97.137,1.033,0.797,0.79,23.65,3.22,0.97,180.0,0.657,0.117,winter,12,21.1458,79.0882
2023-12-13,RES-C,Reservoir C,97.327,1.199,1.115,0.05,24.21,3.56,0.06,180.0,0.961,0.061,winter,12,21.1458,79.0882
2023-12-14,RES-C,Reservoir C,98.0,1.891,1.188,0.76,22.9,3.02,0.92,180.0,0.994,0.15,winter,12,21.1458,79.0882
2023-12-15,RES-C,Reservoir C,98.0,1.627,0.894,1.62,24.08,3.3,1.99,180.0,0.779,0.111,winter,12,21.1458,79.0882
2023-12-16,RES-C,Reservoir C,98.0,2.048,1.135,2.16,21.93,2.82,2.6,180.0,1.011,0.196,winter,12,21.1458,79.0882
2023-12-17,RES-C,Reservoir C,97.831,1.025,0.668,1.11,23.36,3.08,1.31,180.0,0.485,0.134,winter,12,21.1458,79.0882
2023-12-18,RES-C,Reservoir C,98.0,1.547,0.839,0.89,23.86,3.29,0.98,180.0,0.765,0.163,winter,12,21.1458,79.0882
2023-12-19,RES-C,Reservoir C,97.367,1.24,0.698,0.09,25.14,3.37,0.1,180.0,0.498,0.126,winter,12,21.1458,79.0882
2023-12-20,RES-C,Reservoir C,97.462,0.906,0.88,0.57,25.33,3.31,0.65,180.0,0.81,0.08,winter,12,21.1458,79.0882
2023-12-21,RES-C,Reservoir C,97.658,1.058,0.892,0.11,22.84,2.85,0.12,180.0,0.754,0.09,winter,12,21.1458,79.0882
2023-12-22,RES-C,Reservoir C,97.626,1.145,1.024,0.49,26.49,4.27,0.61,180.0,0.954,0.088,winter,12,21.1458,79.0882
2023-12-23,RES-C,Reservoir C,97.65,1.014,0.886,0.16,24.18,3.25,0.18,180.0,0.789,0.079,winter,12,21.1458,79.0882
2023-12-24,RES-C,Reservoir C,97.332,1.14,0.907,0.11,24.29,3.51,0.13,180.0,0.692,0.104,winter,12,21.1458,79.0882
2023-12-25,RES-C,Reservoir C,98.0,1.886,0.927,1.81,22.06,2.62,2.26,180.0,0.725,0.16,winter,12,21.1458,79.0882
2023-12-26,RES-C,Reservoir C,97.845,0.971,1.018,0.44,23.26,3.7,0.53,180.0,0.81,0.108,winter,12,21.1458,79.0882
2023-12-27,RES-C,Reservoir C,97.717,1.29,0.901,0.4,25.26,3.58,0.46,180.0,0.823,0.129,winter,12,21.1458,79.0882
2023-12-28,RES-C,Reservoir C,98.0,1.453,1.251,0.53,24.2,3.27,0.66,180.0,1.154,0.152,winter,12,21.1458,79.0882
2023-12-29,RES-C,Reservoir C,97.816,0.962,1.36,0.72,24.13,3.26,0.83,180.0,1.193,0.125,winter,12,21.1458,79.0882
2023-12-30,RES-C,Reservoir C,97.598,0.87,1.008,0.15,24.27,3.67,0.16,180.0,0.822,0.091,winter,12,21.1458,79.0882
2023-12-31,RES-C,Reservoir C,97.036,0.489,1.202,0.62,22.27,2.29,0.73,180.0,1.092,0.078,winter,12,21.1458,79.0882
2024-01-01,RES-C,Reservoir C,97.175,1.484,1.247,0.98,27.88,3.6,1.11,180.0,1.126,0.176,winter,1,21.1458,79.0882
2024-01-02,RES-C,Reservoir C,97.728,1.292,1.114,0.13,29.69,4.03,0.16,180.0,1.021,0.101,winter,1,21.1458,79.0882
2024-01-03,RES-C,Reservoir C,97.645,1.024,1.447,0.64,29.3,3.98,0.73,180.0,1.214,0.116,winter,1,21.1458,79.0882
2024-01-04,RES-C,Reservoir C,97.331,0.993,1.494,0.29,27.85,4.59,0.36,180.0,1.368,0.097,winter,1,21.1458,79.0882
2024-01-05,RES-C,Reservoir C,97.325,0.9,1.423,0.36,29.88,3.98,0.4,180.0,1.272,0.109,winter,1,21.1458,79.0882
2024-01-06,RES-C,Reservoir C,96.925,0.759,1.473,0.19,26.49,3.98,0.23,180.0,1.319,0.112,winter,1,21.1458,79.0882
2024-01-07,RES-C,Reservoir C,96.94,0.984,1.183,0.21,26.83,4.26,0.23,180.0,0.978,0.117,winter,1,21.1458,79.0882
2024-01-08,RES-C,Reservoir C,96.668,0.59,1.155,0.13,30.24,4.33,0.16,180.0,1.052,0.135,winter,1,21.1458,79.0882
2024-01-09,RES-C,Reservoir C,96.674,0.763,1.095,0.09,28.69,3.74,0.1,180.0,0.887,0.092,winter,1,21.1458,79.0882
2024-01-10,RES-C,Reservoir C,96.365,0.785,1.074,0.6,27.65,3.43,0.74,180.0,0.988,0.163,winter,1,21.1458,79.0882
2024-01-11,RES-C,Reservoir C,95.966,1.174,1.158,0.34,27.93,4.08,0.41,180.0,0.949,0.129,winter,1,21.1458,79.0882
2024-01-12,RES-C,Reservoir C,96.17,0.897,1.056,0.03,27.03,4.24,0.03,180.0,0.992,0.08,winter,1,21.1458,79.0882
2024-01-13,RES-C,Reservoir C,96.451,0.758,1.14,0.22,28.33,4.06,0.25,180.0,0.995,0.041,winter,1,21.1458,79.0882
2024-01-14,RES-C,Reservoir C,96.024,1.041,1.088,0.46,28.24,4.26,0.55,180.0,0.856,0.106,winter,1,21.1458,79.0882
2024-01-15,RES-C,Reservoir C,96.103,0.823,0.77,0.2,28.02,4.64,0.24,180.0,0.585,0.137,winter,1,21.1458,79.0882
2024-01-16,RES-C,Reservoir C,96.639,1.913,0.652,1.44,26.61,3.94,1.71,180.0,0.481,0.129,winter,1,21.1458,79.0882
2024-01-17,RES-C,Reservoir C,97.062,1.053,0.838,0.82,28.32,3.57,0.98,180.0,0.74,0.124,winter,1,21.1458,79.0882
2024-01-18,RES-C,Reservoir C,97.473,1.579,0.99,1.11,27.36,3.8,1.39,180.0,0.876,0.141,winter,1,21.1458,79.0882
2024-01-19,RES-C,Reservoir C,98.0,0.899,0.865,0.69,26.82,4.13,0.86,180.0,0.648,0.143,winter,1,21.1458,79.0882
2024-01-20,RES-C,Reservoir C,98.0,1.256,0.607,0.35,29.52,3.97,0.41,180.0,0.433,0.086,winter,1,21.1458,79.0882
2024-01-21,RES-C,Reservoir C,98.0,1.407,1.191,0.5,30.6,4.62,0.56,180.0,0.996,0.079,winter,1,21.1458,79.0882
2024-01-22,RES-C,Reservoir C,98.0,1.438,0.941,0.53,30.33,4.12,0.59,180.0,0.788,0.123,winter,1,21.1458,79.0882
2024-01-23,RES-C,Reservoir C,98.0,1.442,0.915,0.26,28.78,4.05,0.31,180.0,0.779,0.07,winter,1,21.1458,79.0882
2024-01-24,RES-C,Reservoir C,98.0,0.996,0.811,0.19,27.68,3.72,0.23,180.0,0.623,0.034,winter,1,21.1458,79.0882
2024-01-25,RES-C,Reservoir C,98.0,1.298,1.013,0.13,27.92,3.9,0.15,180.0,0.85,0.142,winter,1,21.1458,79.0882
2024-01-26,RES-C,Reservoir C,98.0,1.816,1.145,0.91,28.49,3.98,1.02,180.0,1.003,0.154,winter,1,21.1458,79.0882
2024-01-27,RES-C,Reservoir C,98.0,0.518,1.107,0.23,27.5,3.32,0.26,180.0,1.027,0.148,winter,1,21.1458,79.0882
2024-01-28,RES-C,Reservoir C,97.454,0.685,1.097,0.2,29.58,3.92,0.23,180.0,0.9,0.116,winter,1,21.1458,79.0882
2024-01-29,RES-C,Reservoir C,97.022,0.535,1.21,0.52,25.56,3.2,0.65,180.0,1.038,0.126,winter,1,21.1458,79.0882
2024-01-30,RES-C,Reservoir C,96.962,1.209,1.113,0.07,27.65,3.7,0.09,180.0,0.993,0.095,winter,1,21.1458,79.0882
2024-01-31,RES-C,Reservoir C,95.674,0.376,1.575,0.21,28.96,3.74,0.24,180.0,1.366,0.085,winter,1,21.1458,79.0882
2024-02-01,RES-C,Reservoir C,95.39,0.413,1.434,0.48,30.99,4.52,0.55,180.0,1.272,0.119,winter,2,21.1458,79.0882
2024-02-02,RES-C,Reservoir C,95.558,0.901,1.233,0.99,31.71,4.61,1.1,180.0,1.07,0.113,winter,2,21.1458,79.0882
2024-02-03,RES-C,Reservoir C,94.757,0.194,1.168,0.0,32.71,4.59,0.0,180.0,0.973,0.048,winter,2,21.1458,79.0882
2024-02-04,RES-C,Reservoir C,95.038,1.25,1.363,0.71,33.82,4.18,0.86,180.0,1.179,0.106,winter,2,21.1458,79.0882
2024-02-05,RES-C,Reservoir C,94.077,0.496,1.207,0.15,30.45,4.12,0.17,180.0,1.043,0.126,winter,2,21.1458,79.0882
2024-02-06,RES-C,Reservoir C,93.812,0.7,1.164,1.0,30.36,3.74,1.15,180.0,1.023,0.093,winter,2,21.1458,79.0882
2024-02-07,RES-C,Reservoir C,93.581,0.847,1.126,0.12,30.86,4.16,0.15,180.0,0.877,0.05,winter,2,21.1458,79.0882
2024-02-08,RES-C,Reservoir C,93.663,1.08,0.963,0.55,30.15,4.31,0.67,180.0,0.85,0.125,winter,2,21.1458,79.0882
2024-02-09,RES-C,Reservoir C,93.265,0.435,1.164,0.59,30.24,4.43,0.69,180.0,0.976,0.097,winter,2,21.1458,79.0882
2024-02-10,RES-C,Reservoir C,93.127,0.831,1.006,0.57,30.83,4.34,0.67,180.0,0.86,0.123,winter,2,21.1458,79.0882
2024-02-11,RES-C,Reservoir C,92.777,1.04,1.395,0.53,33.48,4.9,0.66,180.0,1.222,0.136,winter,2,21.1458,79.0882
2024-02-12,RES-C,Reservoir C,92.688,1.03,1.099,0.71,31.63,4.37,0.86,180.0,0.887,0.13,winter,2,21.1458,79.0882
2024-02-13,RES-C,Reservoir C,93.346,1.076,0.715,0.78,32.04,4.27,0.97,180.0,0.58,0.1,winter,2,21.1458,79.0882
2024-02-14,RES-C,Reservoir C,93.601,1.502,0.664,0.59,30.85,4.46,0.66,180.0,0.484,0.148,winter,2,21.1458,79.0882
2024-02-15,RES-C,Reservoir C,94.838,1.746,0.906,0.4,32.76,4.7,0.45,180.0,0.743,0.122,winter,2,21.1458,79.0882
2024-02-16,RES-C,Reservoir C,94.637,0.803,0.721,0.23,34.25,4.45,0.25,180.0,0.603,0.092,winter,2,21.1458,79.0882
2024-02-17,RES-C,Reservoir C,94.374,0.478,1.064,0.28,30.93,4.33,0.35,180.0,0.851,0.093,winter,2,21.1458,79.0882
2024-02-18,RES-C,Reservoir C,94.468,0.733,0.879,0.03,34.07,4.5,0.04,180.0,0.694,0.093,winter,2,21.1458,79.0882
2024-02-19,RES-C,Reservoir C,94.607,0.963,0.493,0.19,32.44,3.79,0.22,180.0,0.365,0.08,winter,2,21.1458,79.0882
2024-02-20,RES-C,Reservoir C,95.204,1.002,0.736,0.44,32.02,4.47,0.55,180.0,0.531,0.053,winter,2,21.1458,79.0882
2024-02-21,RES-C,Reservoir C,95.692,1.272,0.721,0.52,32.48,4.01,0.64,180.0,0.613,0.128,winter,2,21.1458,79.0882
2024-02-22,RES-C,Reservoir C,96.186,2.004,0.968,0.88,32.47,4.49,0.99,180.0,0.819,0.145,winter,2,21.1458,79.0882
2024-02-23,RES-C,Reservoir C,96.324,0.23,0.769,0.06,34.23,4.15,0.07,180.0,0.64,0.014,winter,2,21.1458,79.0882
2024-02-24,RES-C,Reservoir C,96.008,1.139,1.059,1.04,32.62,4.2,1.25,180.0,0.871,0.147,winter,2,21.1458,79.0882
2024-02-25,RES-C,Reservoir C,96.157,1.463,0.826,0.25,32.65,4.29,0.28,180.0,0.7,0.145,winter,2,21.1458,79.0882
2024-02-26,RES-C,Reservoir C,96.08,0.713,1.141,0.19,31.49,4.64,0.23,180.0,0.953,0.056,winter,2,21.1458,79.0882
2024-02-27,RES-C,Reservoir C,96.37,1.29,1.237,0.44,33.01,4.3,0.49,180.0,1.057,0.1,winter,2,21.1458,79.0882
2024-02-28,RES-C,Reservoir C,96.692,1.777,1.397,1.52,30.85,3.88,1.87,180.0,1.266,0.15,winter,2,21.1458,79.0882
2024-02-29,RES-C,Reservoir C,96.63,1.351,1.364,0.24,32.13,4.47,0.29,180.0,1.123,0.142,winter,2,21.1458,79.0882
2024-03-01,RES-C,Reservoir C,96.867,1.722,1.107,0.51,38.39,5.04,0.63,180.0,0.994,0.139,summer,3,21.1458,79.0882
2024-03-02,RES-C,Reservoir C,97.285,1.516,1.441,1.21,31.92,4.57,1.46,180.0,1.362,0.114,summer,3,21.1458,79.0882
2024-03-03,RES-C,Reservoir C,96.726,0.199,1.314,0.02,35.21,4.42,0.02,180.0,1.121,0.091,summer,3,21.1458,79.0882
2024-03-04,RES-C,Reservoir C,96.077,0.703,1.307,0.3,35.25,4.79,0.35,180.0,1.265,0.164,summer,3,21.1458,79.0882
2024-03-05,RES-C,Reservoir C,95.948,1.694,1.27,0.26,34.65,5.4,0.31,180.0,1.046,0.074,summer,3,21.1458,79.0882
2024-03-06,RES-C,Reservoir C,96.08,0.606,1.285,0.61,34.68,4.59,0.7,180.0,1.13,0.11,summer,3,21.1458,79.0882
2024-03-07,RES-C,Reservoir C,96.051,1.468,1.044,1.0,35.04,4.76,1.2,180.0,0.966,0.145,summer,3,21.1458,79.0882
2024-03-08,RES-C,Reservoir C,95.539,0.145,1.198,0.46,34.63,4.16,0.53,180.0,1.095,0.085,summer,3,21.1458,79.0882
2024-03-09,RES-C,Reservoir C,96.04,1.22,1.191,1.82,35.19,4.47,2.05,180.0,1.122,0.224,summer,3,21.1458,79.0882
2024-03-10,RES-C,Reservoir C,96.62,1.777,1.047,1.35,34.34,4.76,1.59,180.0,0.878,0.133,summer,3,21.1458,79.0882
2024-03-11,RES-C,Reservoir C,96.402,1.052,0.901,0.48,37.36,4.88,0.58,180.0,0.817,0.062,summer,3,21.1458,79.0882
2024-03-12,RES-C,Reservoir C,95.878,0.831,1.077,0.33,34.63,4.84,0.39,180.0,0.902,0.081,summer,3,21.1458,79.0882
2024-03-13,RES-C,Reservoir C,96.386,0.59,0.809,0.15,35.61,4.9,0.18,180.0,0.675,0.107,summer,3,21.1458,79.0882
2024-03-14,RES-C,Reservoir C,95.688,0.106,0.652,0.01,34.13,4.2,0.01,180.0,0.525,0.057,summer,3,21.1458,79.0882
2024-03-15,RES-C,Reservoir C,95.638,1.25,0.943,0.42,36.05,5.13,0.51,180.0,0.767,0.11,summer,3,21.1458,79.0882
2024-03-16,RES-C,Reservoir C,95.936,1.167,0.849,0.94,35.81,4.42,1.12,180.0,0.667,0.144,summer,3,21.1458,79.0882
2024-03-17,RES-C,Reservoir C,95.521,0.307,0.85,0.08,35.43,4.52,0.1,180.0,0.643,0.048,summer,3,21.1458,79.0882
2024-03-18,RES-C,Reservoir C,95.755,0.961,0.848,0.3,33.7,4.61,0.36,180.0,0.73,0.078,summer,3,21.1458,79.0882
2024-03-19,RES-C,Reservoir C,95.279,1.021,0.899,0.03,34.03,5.05,0.04,180.0,0.75,0.092,summer,3,21.1458,79.0882
2024-03-20,RES-C,Reservoir C,95.428,1.176,0.756,0.91,36.95,4.63,1.01,180.0,0.638,0.147,summer,3,21.1458,79.0882
2024-03-21,RES-C,Reservoir C,95.924,1.182,0.673,0.69,34.01,4.63,0.83,180.0,0.515,0.098,summer,3,21.1458,79.0882
2024-03-22,RES-C,Reservoir C,96.19,0.832,0.73,0.04,35.7,4.83,0.04,180.0,0.618,0.087,summer,3,21.1458,79.0882
2024-03-23,RES-C,Reservoir C,95.725,0.554,0.97,0.0,33.79,4.75,0.0,180.0,0.841,0.072,summer,3,21.1458,79.0882
2024-03-24,RES-C,Reservoir C,95.3,0.876,0.948,0.11,36.14,5.19,0.14,180.0,0.819,0.108,summer,3,21.1458,79.0882
2024-03-25,RES-C,Reservoir C,95.74,1.602,0.93,1.1,34.1,4.47,1.3,180.0,0.766,0.151,summer,3,21.1458,79.0882
2024-03-26,RES-C,Reservoir C,95.793,1.881,0.932,1.44,33.77,4.86,1.77,180.0,0.782,0.141,summer,3,21.1458,79.0882
2024-03-27,RES-C,Reservoir C,96.193,1.178,1.22,0.2,34.07,4.99,0.25,180.0,1.045,0.105,summer,3,21.1458,79.0882
2024-03-28,RES-C,Reservoir C,96.077,0.86,1.113,0.6,34.26,5.15,0.68,180.0,0.968,0.098,summer,3,21.1458,79.0882
2024-03-29,RES-C,Reservoir C,95.861,1.365,1.281,0.69,35.41,4.9,0.83,180.0,1.16,0.128,summer,3,21.1458,79.0882
2024-03-30,RES-C,Reservoir C,95.344,1.15,1.377,0.37,35.01,4.75,0.47,180.0,1.218,0.113,summer,3,21.1458,79.0882
2024-03-31,RES-C,Reservoir C,94.816,0.63,1.174,0.16,33.61,4.39,0.18,180.0,1.07,0.159,summer,3,21.1458,79.0882
2024-04-01,RES-C,Reservoir C,93.811,0.683,1.459,0.09,35.97,4.38,0.11,180.0,1.28,0.075,summer,4,21.1458,79.0882
2024-04-02,RES-C,Reservoir C,93.916,1.228,1.305,0.38,34.63,4.57,0.46,180.0,1.169,0.095,summer,4,21.1458,79.0882
2024-04-03,RES-C,Reservoir C,93.653,1.441,1.349,0.32,36.77,4.95,0.37,180.0,1.189,0.077,summer,4,21.1458,79.0882
2024-04-04,RES-C,Reservoir C,93.328,0.206,0.97,0.08,36.99,4.91,0.1,180.0,0.809,0.053,summer,4,21.1458,79.0882
2024-04-05,RES-C,Reservoir C,93.885,1.904,1.201,1.07,35.97,5.0,1.27,180.0,0.971,0.12,summer,4,21.1458,79.0882
2024-04-06,RES-C,Reservoir C,94.258,1.219,1.117,0.02,36.33,4.42,0.03,180.0,0.948,0.101,summer,4,21.1458,79.0882
2024-04-07,RES-C,Reservoir C,94.166,0.876,1.153,0.01,38.1,5.02,0.02,180.0,0.999,0.103,summer,4,21.1458,79.0882
2024-04-08,RES-C,Reservoir C,94.31,0.746,1.134,0.06,35.81,5.4,0.07,180.0,1.019,0.092,summer,4,21.1458,79.0882
2024-04-09,RES-C,Reservoir C,94.849,1.309,1.165,0.75,34.87,4.98,0.92,180.0,0.975,0.108,summer,4,21.1458,79.0882
2024-04-10,RES-C,Reservoir C,94.642,0.611,1.079,0.07,36.7,5.09,0.08,180.0,0.943,0.069,summer,4,21.1458,79.0882
2024-04-11,RES-C,Reservoir C,94.682,0.759,0.819,0.04,34.64,4.77,0.05,180.0,0.745,0.055,summer,4,21.1458,79.0882
2024-04-12,RES-C,Reservoir C,94.033,0.287,1.042,0.01,35.75,4.68,0.01,180.0,0.902,0.064,summer,4,21.1458,79.0882
2024-04-13,RES-C,Reservoir C,93.101,0.193,1.184,0.0,35.28,4.21,0.0,180.0,1.024,0.041,summer,4,21.1458,79.0882
2024-04-14,RES-C,Reservoir C,94.08,1.754,0.77,0.28,35.16,4.86,0.33,180.0,0.661,0.135,summer,4,21.1458,79.0882
2024-04-15,RES-C,Reservoir C,94.38,0.897,0.728,0.15,35.7,4.05,0.18,180.0,0.584,0.143,summer,4,21.1458,79.0882
2024-04-16,RES-C,Reservoir C,94.971,1.396,0.706,1.06,37.08,4.85,1.28,180.0,0.559,0.075,summer,4,21.1458,79.0882
2024-04-17,RES-C,Reservoir C,94.763,0.862,0.811,0.15,37.33,4.98,0.18,180.0,0.664,0.096,summer,4,21.1458,79.0882
2024-04-18,RES-C,Reservoir C,95.235,0.655,0.784,0.29,37.11,4.82,0.36,180.0,0.573,0.103,summer,4,21.1458,79.0882
2024-04-19,RES-C,Reservoir C,95.549,1.236,0.487,1.09,36.4,5.52,1.34,180.0,0.403,0.141,summer,4,21.1458,79.0882
2024-04-20,RES-C,Reservoir C,95.396,1.013,0.717,0.37,35.69,5.33,0.42,180.0,0.465,0.081,summer,4,21.1458,79.0882
2024-04-21,RES-C,Reservoir C,95.172,1.001,1.016,0.55,33.17,4.79,0.61,180.0,0.867,0.138,summer,4,21.1458,79.0882
2024-04-22,RES-C,Reservoir C,95.79,1.257,1.124,1.45,36.44,4.6,1.78,180.0,0.945,0.165,summer,4,21.1458,79.0882
2024-04-23,RES-C,Reservoir C,95.386,1.201,1.195,0.47,33.26,5.07,0.54,180.0,1.038,0.135,summer,4,21.1458,79.0882
2024-04-24,RES-C,Reservoir C,95.081,0.932,0.946,0.13,33.69,4.73,0.15,180.0,0.882,0.065,summer,4,21.1458,79.0882
2024-04-25,RES-C,Reservoir C,96.124,0.97,0.849,0.07,35.81,4.51,0.07,180.0,0.751,0.042,summer,4,21.1458,79.0882
2024-04-26,RES-C,Reservoir C,96.453,1.06,1.01,0.03,36.32,4.87,0.03,180.0,0.886,0.094,summer,4,21.1458,79.0882
2024-04-27,RES-C,Reservoir C,96.037,0.765,0.978,0.05,35.46,5.04,0.06,180.0,0.778,0.054,summer,4,21.1458,79.0882
2024-04-28,RES-C,Reservoir C,95.704,1.007,0.898,0.54,37.84,4.86,0.61,180.0,0.817,0.139,summer,4,21.1458,79.0882
2024-04-29,RES-C,Reservoir C,95.196,1.455,1.231,0.28,36.55,4.93,0.32,180.0,1.124,0.03,summer,4,21.1458,79.0882
2024-04-30,RES-C,Reservoir C,94.72,0.5,1.356,0.06,35.7,4.88,0.08,180.0,1.197,0.069,summer,4,21.1458,79.0882
2024-05-01,RES-C,Reservoir C,94.18,0.23,1.605,0.17,36.59,4.56,0.2,180.0,1.432,0.07,summer,5,21.1458,79.0882
2024-05-02,RES-C,Reservoir C,94.592,1.147,1.308,0.31,36.81,4.84,0.37,180.0,1.136,0.085,summer,5,21.1458,79.0882
2024-05-03,RES-C,Reservoir C,93.715,0.7,1.046,0.24,35.54,4.46,0.28,180.0,0.945,0.1,summer,5,21.1458,79.0882
2024-05-04,RES-C,Reservoir C,92.901,0.601,1.19,0.36,34.0,4.84,0.42,180.0,1.119,0.11,summer,5,21.1458,79.0882
2024-05-05,RES-C,Reservoir C,92.771,1.129,1.251,0.04,34.27,4.34,0.04,180.0,1.074,0.101,summer,5,21.1458,79.0882
2024-05-06,RES-C,Reservoir C,93.91,1.529,1.234,1.59,33.19,4.57,1.79,180.0,1.012,0.182,summer,5,21.1458,79.0882
2024-05-07,RES-C,Reservoir C,93.959,0.788,1.231,0.87,34.88,4.27,1.01,180.0,1.099,0.119,summer,5,21.1458,79.0882
2024-05-08,RES-C,Reservoir C,94.54,1.722,0.912,0.49,33.67,4.2,0.6,180.0,0.82,0.168,summer,5,21.1458,79.0882
2024-05-09,RES-C,Reservoir C,93.828,0.597,1.1,0.74,34.53,4.29,0.82,180.0,0.972,0.158,summer,5,21.1458,79.0882
2024-05-10,RES-C,Reservoir C,93.415,1.767,1.167,2.0,35.24,4.64,2.48,180.0,0.998,0.17,summer,5,21.1458,79.0882
2024-05-11,RES-C,Reservoir C,92.884,0.264,1.199,0.26,32.55,4.46,0.29,180.0,1.061,0.089,summer,5,21.1458,79.0882
2024-05-12,RES-C,Reservoir C,92.731,0.91,1.065,0.03,33.41,4.62,0.04,180.0,0.845,0.072,summer,5,21.1458,79.0882
2024-05-13,RES-C,Reservoir C,92.406,0.718,1.106,0.29,34.32,4.09,0.34,180.0,0.91,0.105,summer,5,21.1458,79.0882
2024-05-14,RES-C,Reservoir C,92.487,1.252,0.807,0.33,34.87,4.63,0.41,180.0,0.648,0.067,summer,5,21.1458,79.0882
2024-05-15,RES-C,Reservoir C,92.451,1.138,0.69,0.7,34.34,4.4,0.79,180.0,0.638,0.091,summer,5,21.1458,79.0882
2024-05-16,RES-C,Reservoir C,92.229,1.284,0.98,0.02,34.6,4.81,0.03,180.0,0.864,0.016,summer,5,21.1458,79.0882
2024-05-17,RES-C,Reservoir C,93.085,1.259,0.568,1.23,34.08,4.51,1.47,180.0,0.446,0.13,summer,5,21.1458,79.0882
2024-05-18,RES-C,Reservoir C,92.676,0.543,0.704,0.62,33.19,4.46,0.71,180.0,0.591,0.143,summer,5,21.1458,79.0882
2024-05-19,RES-C,Reservoir C,92.704,1.248,0.991,0.74,34.29,4.39,0.88,180.0,0.832,0.112,summer,5,21.1458,79.0882
2024-05-20,RES-C,Reservoir C,92.711,0.905,0.812,0.39,34.67,5.18,0.48,180.0,0.652,0.097,summer,5,21.1458,79.0882
2024-05-21,RES-C,Reservoir C,92.645,0.212,0.738,0.1,34.56,4.26,0.11,180.0,0.671,0.093,summer,5,21.1458,79.0882
2024-05-22,RES-C,Reservoir C,92.106,0.533,0.903,0.2,35.06,4.59,0.25,180.0,0.713,0.06,summer,5,21.1458,79.0882
2024-05-23,RES-C,Reservoir C,92.202,0.576,0.967,0.07,35.43,4.78,0.08,180.0,0.816,0.084,summer,5,21.1458,79.0882
2024-05-24,RES-C,Reservoir C,92.241,1.641,1.179,0.59,35.75,4.71,0.73,180.0,1.011,0.136,summer,5,21.1458,79.0882
2024-05-25,RES-C,Reservoir C,92.177,1.246,1.226,0.4,34.17,4.37,0.5,180.0,1.039,0.109,summer,5,21.1458,79.0882
2024-05-26,RES-C,Reservoir C,92.661,0.913,1.065,0.47,33.04,3.92,0.57,180.0,0.954,0.133,summer,5,21.1458,79.0882
2024-05-27,RES-C,Reservoir C,92.177,1.143,1.378,0.36,36.45,4.67,0.45,180.0,1.166,0.136,summer,5,21.1458,79.0882
2024-05-28,RES-C,Reservoir C,92.132,0.713,1.241,1.26,35.39,4.46,1.54,180.0,1.098,0.163,summer,5,21.1458,79.0882
2024-05-29,RES-C,Reservoir C,92.133,0.869,1.44,0.55,33.78,5.06,0.6,180.0,1.215,0.086,summer,5,21.1458,79.0882
2024-05-30,RES-C,Reservoir C,92.569,1.691,1.068,1.54,35.26,5.41,1.69,180.0,0.962,0.147,summer,5,21.1458,79.0882
2024-05-31,RES-C,Reservoir C,92.093,0.864,1.62,0.01,36.21,4.83,0.01,180.0,1.399,0.139,summer,5,21.1458,79.0882
2024-06-01,RES-C,Reservoir C,93.206,1.923,1.286,2.66,34.08,4.17,3.1,180.0,1.182,0.222,monsoon,6,21.1458,79.0882
2024-06-02,RES-C,Reservoir C,94.524,3.316,1.014,5.11,32.3,4.6,6.09,180.0,0.736,0.341,monsoon,6,21.1458,79.0882
2024-06-03,RES-C,Reservoir C,96.828,5.341,1.489,8.96,33.27,4.2,10.5,180.0,1.387,0.502,monsoon,6,21.1458,79.0882
2024-06-04,RES-C,Reservoir C,98.0,8.349,1.32,15.22,30.55,4.0,18.29,180.0,1.117,0.838,monsoon,6,21.1458,79.0882
2024-06-05,RES-C,Reservoir C,98.0,7.501,1.158,12.97,31.96,4.15,15.14,180.0,1.026,0.75,monsoon,6,21.1458,79.0882
2024-06-06,RES-C,Reservoir C,98.0,6.468,1.142,11.37,31.6,4.14,12.59,180.0,0.956,0.649,monsoon,6,21.1458,79.0882
2024-06-07,RES-C,Reservoir C,98.0,2.637,1.216,3.38,32.41,4.28,3.83,180.0,1.068,0.233,monsoon,6,21.1458,79.0882
2024-06-08,RES-C,Reservoir C,98.0,2.478,0.914,2.16,33.93,4.18,2.69,180.0,0.819,0.179,monsoon,6,21.1458,79.0882
2024-06-09,RES-C,Reservoir C,98.0,4.761,0.824,7.46,32.3,4.17,8.59,180.0,0.813,0.489,monsoon,6,21.1458,79.0882
2024-06-10,RES-C,Reservoir C,98.0,5.288,1.04,7.89,30.87,4.51,9.06,180.0,0.765,0.494,monsoon,6,21.1458,79.0882
2024-06-11,RES-C,Reservoir C,98.0,1.309,0.908,1.52,30.48,4.15,1.71,180.0,0.754,0.172,monsoon,6,21.1458,79.0882
2024-06-12,RES-C,Reservoir C,98.0,2.361,0.679,4.24,33.97,4.61,5.29,180.0,0.676,0.305,monsoon,6,21.1458,79.0882
2024-06-13,RES-C,Reservoir C,98.0,1.711,1.007,1.96,32.62,3.74,2.22,180.0,0.842,0.142,monsoon,6,21.1458,79.0882
2024-06-14,RES-C,Reservoir C,97.735,1.062,0.909,0.69,32.54,4.69,0.82,180.0,0.724,0.123,monsoon,6,21.1458,79.0882
2024-06-15,RES-C,Reservoir C,98.0,4.715,0.835,6.97,31.59,4.08,7.71,180.0,0.721,0.46,monsoon,6,21.1458,79.0882
2024-06-16,RES-C,Reservoir C,98.0,5.875,0.858,11.19,32.32,4.72,12.42,180.0,0.743,0.632,monsoon,6,21.1458,79.0882
2024-06-17,RES-C,Reservoir C,98.0,10.377,0.786,19.34,30.82,4.24,23.35,180.0,0.637,1.076,monsoon,6,21.1458,79.0882
2024-06-18,RES-C,Reservoir C,98.0,3.205,0.719,4.57,32.46,4.23,5.46,180.0,0.509,0.325,monsoon,6,21.1458,79.0882
2024-06-19,RES-C,Reservoir C,97.41,1.08,1.109,0.49,30.59,3.67,0.59,180.0,0.954,0.13,monsoon,6,21.1458,79.0882
2024-06-20,RES-C,Reservoir C,98.0,11.549,1.077,22.02,31.57,4.94,24.99,180.0,0.853,1.183,monsoon,6,21.1458,79.0882
2024-06-21,RES-C,Reservoir C,98.0,12.688,1.202,23.53,31.23,4.49,29.36,180.0,0.995,1.283,monsoon,6,21.1458,79.0882
2024-06-22,RES-C,Reservoir C,98.0,21.247,1.092,40.57,28.09,4.13,48.02,180.0,0.953,2.065,monsoon,6,21.1458,79.0882
2024-06-23,RES-C,Reservoir C,98.0,15.892,0.85,29.13,31.58,4.84,36.28,180.0,0.779,1.537,monsoon,6,21.1458,79.0882
2024-06-24,RES-C,Reservoir C,98.0,4.046,0.686,6.6,30.92,4.28,7.42,180.0,0.548,0.431,monsoon,6,21.1458,79.0882
2024-06-25,RES-C,Reservoir C,98.0,3.143,0.944,5.33,31.75,4.72,6.19,180.0,0.768,0.356,monsoon,6,21.1458,79.0882
2024-06-26,RES-C,Reservoir C,98.0,6.374,1.25,10.24,32.0,4.2,11.78,180.0,1.097,0.625,monsoon,6,21.1458,79.0882
2024-06-27,RES-C,Reservoir C,98.0,0.877,1.213,0.91,34.12,4.82,1.11,180.0,1.032,0.121,monsoon,6,21.1458,79.0882
2024-06-28,RES-C,Reservoir C,98.0,2.667,1.216,2.5,32.37,4.19,3.03,180.0,1.023,0.188,monsoon,6,21.1458,79.0882
2024-06-29,RES-C,Reservoir C,98.0,3.557,0.919,4.63,32.4,4.24,5.43,180.0,0.742,0.262,monsoon,6,21.1458,79.0882
2024-06-30,RES-C,Reservoir C,98.0,7.846,1.272,13.36,32.59,4.44,14.73,180.0,1.136,0.74,monsoon,6,21.1458,79.0882
2024-07-01,RES-C,Reservoir C,98.0,7.828,1.162,13.85,29.05,3.61,15.6,180.0,0.986,0.788,monsoon,7,21.1458,79.0882
2024-07-02,RES-C,Reservoir C,98.0,2.449,1.302,4.89,28.55,4.02,5.41,180.0,1.04,0.347,monsoon,7,21.1458,79.0882
2024-07-03,RES-C,Reservoir C,97.627,0.963,1.341,1.06,28.34,3.81,1.3,180.0,1.265,0.091,monsoon,7,21.1458,79.0882
2024-07-04,RES-C,Reservoir C,98.0,6.329,1.136,11.03,28.85,3.37,12.61,180.0,0.962,0.667,monsoon,7,21.1458,79.0882
2024-07-05,RES-C,Reservoir C,97.884,1.031,1.187,0.95,25.09,3.37,1.07,180.0,0.946,0.099,monsoon,7,21.1458,79.0882
2024-07-06,RES-C,Reservoir C,98.0,2.173,1.166,3.01,30.51,4.06,3.48,180.0,1.075,0.227,monsoon,7,21.1458,79.0882
2024-07-07,RES-C,Reservoir C,98.0,4.221,1.333,6.56,29.91,4.34,7.29,180.0,1.133,0.391,monsoon,7,21.1458,79.0882
2024-07-08,RES-C,Reservoir C,97.442,1.14,1.098,0.8,28.26,3.98,1.0,180.0,0.892,0.132,monsoon,7,21.1458,79.0882
2024-07-09,RES-C,Reservoir C,96.939,1.513,1.196,2.32,26.3,4.09,2.66,180.0,1.12,0.199,monsoon,7,21.1458,79.0882
2024-07-10,RES-C,Reservoir C,98.0,7.328,0.842,12.46,29.45,4.19,15.45,180.0,0.656,0.723,monsoon,7,21.1458,79.0882
2024-07-11,RES-C,Reservoir C,98.0,6.064,0.717,10.24,27.17,3.59,12.32,180.0,0.58,0.648,monsoon,7,21.1458,79.0882
2024-07-12,RES-C,Reservoir C,98.0,1.34,0.669,1.27,28.64,3.92,1.5,180.0,0.522,0.155,monsoon,7,21.1458,79.0882
2024-07-13,RES-C,Reservoir C,98.0,4.65,0.6,7.29,26.46,3.57,8.54,180.0,0.466,0.427,monsoon,7,21.1458,79.0882
2024-07-14,RES-C,Reservoir C,98.0,5.468,0.95,9.34,30.67,4.33,11.24,180.0,0.734,0.561,monsoon,7,21.1458,79.0882
2024-07-15,RES-C,Reservoir C,98.0,2.542,0.66,2.57,26.27,3.67,3.09,180.0,0.516,0.267,monsoon,7,21.1458,79.0882
2024-07-16,RES-C,Reservoir C,98.0,2.964,0.567,4.33,28.08,3.68,4.77,180.0,0.44,0.316,monsoon,7,21.1458,79.0882
2024-07-17,RES-C,Reservoir C,98.0,4.182,0.836,5.85,25.45,3.56,7.23,180.0,0.708,0.401,monsoon,7,21.1458,79.0882
2024-07-18,RES-C,Reservoir C,97.774,0.823,0.919,1.38,27.95,3.99,1.59,180.0,0.786,0.101,monsoon,7,21.1458,79.0882
2024-07-19,RES-C,Reservoir C,98.0,2.115,0.937,2.35,27.49,3.5,2.7,180.0,0.841,0.209,monsoon,7,21.1458,79.0882
2024-07-20,RES-C,Reservoir C,98.0,10.474,0.972,19.91,29.36,4.12,23.11,180.0,0.846,1.067,monsoon,7,21.1458,79.0882
2024-07-21,RES-C,Reservoir C,98.0,2.492,0.771,4.02,27.49,3.33,4.83,180.0,0.615,0.26,monsoon,7,21.1458,79.0882
2024-07-22,RES-C,Reservoir C,98.0,4.241,1.01,6.16,29.37,4.36,7.13,180.0,0.84,0.388,monsoon,7,21.1458,79.0882
2024-07-23,RES-C,Reservoir C,98.0,4.193,1.133,6.26,26.77,3.87,7.24,180.0,0.923,0.396,monsoon,7,21.1458,79.0882
2024-07-24,RES-C,Reservoir C,98.0,7.7,0.991,15.55,27.66,4.31,17.26,180.0,0.829,0.839,monsoon,7,21.1458,79.0882
2024-07-25,RES-C,Reservoir C,98.0,6.367,1.103,10.78,27.69,3.49,12.54,180.0,0.977,0.625,monsoon,7,21.1458,79.0882
2024-07-26,RES-C,Reservoir C,98.0,1.732,0.913,1.48,28.59,4.27,1.66,180.0,0.814,0.149,monsoon,7,21.1458,79.0882
2024-07-27,RES-C,Reservoir C,98.0,9.091,1.118,17.15,28.44,4.19,21.06,180.0,0.953,0.958,monsoon,7,21.1458,79.0882
2024-07-28,RES-C,Reservoir C,98.0,11.475,1.286,22.29,28.87,3.91,25.64,180.0,1.142,1.201,monsoon,7,21.1458,79.0882
2024-07-29,RES-C,Reservoir C,97.201,0.976,1.488,1.47,28.32,3.79,1.82,180.0,1.343,0.165,monsoon,7,21.1458,79.0882
2024-07-30,RES-C,Reservoir C,97.857,2.546,1.474,3.76,28.79,3.63,4.52,180.0,1.31,0.297,monsoon,7,21.1458,79.0882
2024-07-31,RES-C,Reservoir C,97.615,3.111,1.424,4.77,26.92,3.33,5.79,180.0,1.248,0.335,monsoon,7,21.1458,79.0882
2024-08-01,RES-C,Reservoir C,98.0,3.032,1.324,3.91,24.47,3.21,4.86,180.0,1.161,0.275,monsoon,8,21.1458,79.0882
2024-08-02,RES-C,Reservoir C,98.0,5.499,1.268,9.38,25.93,3.23,10.65,180.0,1.126,0.486,monsoon,8,21.1458,79.0882
2024-08-03,RES-C,Reservoir C,98.0,2.584,1.009,4.35,21.98,3.62,5.16,180.0,0.899,0.313,monsoon,8,21.1458,79.0882
2024-08-04,RES-C,Reservoir C,98.0,2.381,1.08,3.06,24.59,3.0,3.39,180.0,0.96,0.206,monsoon,8,21.1458,79.0882
2024-08-05,RES-C,Reservoir C,98.0,5.482,1.119,9.75,24.81,3.52,10.87,180.0,0.927,0.565,monsoon,8,21.1458,79.0882
2024-08-06,RES-C,Reservoir C,97.529,0.609,1.217,0.28,25.75,3.72,0.32,180.0,1.088,0.105,monsoon,8,21.1458,79.0882
2024-08-07,RES-C,Reservoir C,98.0,3.525,1.176,6.61,24.87,3.59,7.95,180.0,1.094,0.451,monsoon,8,21.1458,79.0882
2024-08-08,RES-C,Reservoir C,98.0,5.23,1.218,8.46,24.12,3.53,10.36,180.0,1.01,0.558,monsoon,8,21.1458,79.0882
2024-08-09,RES-C,Reservoir C,98.0,8.958,1.128,16.29,24.52,3.73,18.55,180.0,1.025,0.867,monsoon,8,21.1458,79.0882
2024-08-10,RES-C,Reservoir C,98.0,3.85,0.961,5.74,23.12,3.14,6.96,180.0,0.809,0.328,monsoon,8,21.1458,79.0882
2024-08-11,RES-C,Reservoir C,98.0,0.813,0.78,0.55,23.53,3.35,0.62,180.0,0.606,0.117,monsoon,8,21.1458,79.0882
2024-08-12,RES-C,Reservoir C,98.0,3.825,0.857,6.08,22.4,3.1,6.69,180.0,0.707,0.391,monsoon,8,21.1458,79.0882
2024-08-13,RES-C,Reservoir C,98.0,0.551,0.601,0.47,25.78,3.98,0.53,180.0,0.575,0.068,monsoon,8,21.1458,79.0882
2024-08-14,RES-C,Reservoir C,98.0,4.257,0.93,7.68,24.54,4.07,9.12,180.0,0.761,0.464,monsoon,8,21.1458,79.0882
2024-08-15,RES-C,Reservoir C,98.0,7.778,0.814,14.1,22.9,2.89,16.56,180.0,0.598,0.803,monsoon,8,21.1458,79.0882
2024-08-16,RES-C,Reservoir C,98.0,3.36,0.826,5.03,24.33,2.81,5.73,180.0,0.637,0.294,monsoon,8,21.1458,79.0882
2024-08-17,RES-C,Reservoir C,98.0,2.358,0.81,4.36,25.39,3.72,4.8,180.0,0.766,0.268,monsoon,8,21.1458,79.0882
2024-08-18,RES-C,Reservoir C,98.0,5.665,0.829,10.58,25.19,3.84,12.54,180.0,0.572,0.59,monsoon,8,21.1458,79.0882
2024-08-19,RES-C,Reservoir C,98.0,4.371,0.943,7.43,22.89,3.83,9.08,180.0,0.859,0.445,monsoon,8,21.1458,79.0882
2024-08-20,RES-C,Reservoir C,98.0,5.985,0.647,9.92,20.24,3.15,11.02,180.0,0.551,0.597,monsoon,8,21.1458,79.0882
2024-08-21,RES-C,Reservoir C,98.0,14.753,1.033,28.66,24.47,3.86,34.69,180.0,0.844,1.503,monsoon,8,21.1458,79.0882
2024-08-22,RES-C,Reservoir C,98.0,2.479,1.007,3.29,22.94,3.75,3.93,180.0,0.834,0.246,monsoon,8,21.1458,79.0882
2024-08-23,RES-C,Reservoir C,98.0,4.905,1.178,8.14,24.75,3.91,9.54,180.0,1.024,0.554,monsoon,8,21.1458,79.0882
2024-08-24,RES-C,Reservoir C,98.0,9.203,0.867,17.38,25.14,3.78,19.24,180.0,0.746,0.92,monsoon,8,21.1458,79.0882
2024-08-25,RES-C,Reservoir C,98.0,9.674,0.989,17.59,25.34,3.16,21.79,180.0,0.772,0.94,monsoon,8,21.1458,79.0882
2024-08-26,RES-C,Reservoir C,98.0,4.693,1.307,8.84,26.09,3.63,10.35,180.0,1.159,0.542,monsoon,8,21.1458,79.0882
2024-08-27,RES-C,Reservoir C,98.0,2.63,1.099,4.18,25.48,3.65,4.85,180.0,1.027,0.319,monsoon,8,21.1458,79.0882
2024-08-28,RES-C,Reservoir C,98.0,6.191,1.315,9.81,26.1,3.6,12.06,180.0,1.103,0.583,monsoon,8,21.1458,79.0882
2024-08-29,RES-C,Reservoir C,98.0,6.302,1.2,9.99,25.65,3.57,12.25,180.0,1.039,0.634,monsoon,8,21.1458,79.0882
2024-08-30,RES-C,Reservoir C,98.0,6.781,1.491,11.45,25.76,4.06,13.84,180.0,1.286,0.662,monsoon,8,21.1458,79.0882
2024-08-31,RES-C,Reservoir C,98.0,1.982,1.372,1.6,23.95,3.15,1.96,180.0,1.194,0.101,monsoon,8,21.1458,79.0882
2024-09-01,RES-C,Reservoir C,98.0,10.851,1.443,21.84,19.52,3.08,24.43,180.0,1.174,1.175,monsoon,9,21.1458,79.0882
2024-09-02,RES-C,Reservoir C,98.0,9.132,1.076,17.43,24.05,3.48,21.16,180.0,0.941,0.934,monsoon,9,21.1458,79.0882
2024-09-03,RES-C,Reservoir C,98.0,3.24,1.312,5.18,21.15,2.78,5.95,180.0,1.161,0.381,monsoon,9,21.1458,79.0882
2024-09-04,RES-C,Reservoir C,98.0,9.668,1.084,16.1,22.55,2.88,19.8,180.0,0.898,0.914,monsoon,9,21.1458,79.0882
2024-09-05,RES-C,Reservoir C,98.0,3.073,1.038,4.84,20.41,2.44,5.59,180.0,0.903,0.274,monsoon,9,21.1458,79.0882
2024-09-06,RES-C,Reservoir C,98.0,10.445,0.937,19.2,22.23,3.31,21.28,180.0,0.747,1.081,monsoon,9,21.1458,79.0882
2024-09-07,RES-C,Reservoir C,98.0,3.906,0.879,6.03,18.14,2.66,7.01,180.0,0.877,0.41,monsoon,9,21.1458,79.0882
2024-09-08,RES-C,Reservoir C,98.0,1.948,1.154,2.06,20.58,2.72,2.5,180.0,1.008,0.173,monsoon,9,21.1458,79.0882
2024-09-09,RES-C,Reservoir C,98.0,13.545,0.977,25.82,20.95,2.45,30.34,180.0,0.832,1.368,monsoon,9,21.1458,79.0882
2024-09-10,RES-C,Reservoir C,98.0,5.883,0.83,11.07,21.63,3.23,13.44,180.0,0.687,0.675,monsoon,9,21.1458,79.0882
2024-09-11,RES-C,Reservoir C,98.0,2.068,0.837,4.53,22.36,3.13,5.01,180.0,0.731,0.247,monsoon,9,21.1458,79.0882
2024-09-12,RES-C,Reservoir C,98.0,11.281,0.894,20.47,19.76,2.66,23.06,180.0,0.699,1.117,monsoon,9,21.1458,79.0882
2024-09-13,RES-C,Reservoir C,98.0,5.484,0.797,9.9,21.86,2.83,11.73,180.0,0.672,0.608,monsoon,9,21.1458,79.0882
2024-09-14,RES-C,Reservoir C,98.0,2.104,0.838,3.97,22.54,3.13,4.6,180.0,0.678,0.276,monsoon,9,21.1458,79.0882
2024-09-15,RES-C,Reservoir C,98.0,11.208,0.644,20.67,23.89,3.51,24.84,180.0,0.495,1.133,monsoon,9,21.1458,79.0882
2024-09-16,RES-C,Reservoir C,98.0,6.645,0.853,11.41,21.92,3.03,14.19,180.0,0.678,0.653,monsoon,9,21.1458,79.0882
2024-09-17,RES-C,Reservoir C,98.0,4.839,0.642,7.6,20.52,2.61,9.11,180.0,0.42,0.437,monsoon,9,21.1458,79.0882
2024-09-18,RES-C,Reservoir C,98.0,3.986,0.96,5.67,19.55,2.83,6.59,180.0,0.801,0.339,monsoon,9,21.1458,79.0882
2024-09-19,RES-C,Reservoir C,98.0,1.449,0.78,1.96,23.27,3.61,2.32,180.0,0.588,0.2,monsoon,9,21.1458,79.0882
2024-09-20,RES-C,Reservoir C,97.349,0.54,1.132,0.09,21.96,3.15,0.12,180.0,0.975,0.066,monsoon,9,21.1458,79.0882
2024-09-21,RES-C,Reservoir C,98.0,5.887,0.606,10.48,21.05,3.05,12.59,180.0,0.481,0.558,monsoon,9,21.1458,79.0882
2024-09-22,RES-C,Reservoir C,98.0,1.828,1.294,1.49,19.13,2.7,1.82,180.0,1.151,0.158,monsoon,9,21.1458,79.0882
2024-09-23,RES-C,Reservoir C,98.0,1.029,0.842,1.96,19.95,2.63,2.25,180.0,0.706,0.163,monsoon,9,21.1458,79.0882
2024-09-24,RES-C,Reservoir C,98.0,3.209,1.0,4.76,21.83,2.84,5.77,180.0,0.822,0.282,monsoon,9,21.1458,79.0882
2024-09-25,RES-C,Reservoir C,98.0,3.514,1.247,4.88,21.5,2.58,5.47,180.0,1.092,0.326,monsoon,9,21.1458,79.0882
2024-09-26,RES-C,Reservoir C,98.0,2.253,1.289,2.3,18.74,3.1,2.78,180.0,1.179,0.218,monsoon,9,21.1458,79.0882
2024-09-27,RES-C,Reservoir C,98.0,6.269,1.213,10.47,21.83,3.26,12.9,180.0,1.074,0.604,monsoon,9,21.1458,79.0882
2024-09-28,RES-C,Reservoir C,97.844,1.476,1.345,0.61,19.19,2.83,0.75,180.0,1.272,0.079,monsoon,9,21.1458,79.0882
2024-09-29,RES-C,Reservoir C,98.0,4.877,1.17,10.3,22.7,3.31,11.5,180.0,1.029,0.609,monsoon,9,21.1458,79.0882
2024-09-30,RES-C,Reservoir C,98.0,3.469,1.239,4.23,21.32,3.16,5.18,180.0,1.089,0.322,monsoon,9,21.1458,79.0882
2024-10-01,RES-C,Reservoir C,97.785,1.462,1.333,1.12,19.44,2.61,1.25,180.0,1.092,0.202,autumn,10,21.1458,79.0882
2024-10-02,RES-C,Reservoir C,98.0,1.74,1.253,0.96,21.19,2.95,1.12,180.0,1.036,0.171,autumn,10,21.1458,79.0882
2024-10-03,RES-C,Reservoir C,98.0,0.944,0.894,1.12,20.42,2.81,1.34,180.0,0.796,0.106,autumn,10,21.1458,79.0882
2024-10-04,RES-C,Reservoir C,97.549,1.023,1.203,1.69,21.59,3.84,1.99,180.0,1.043,0.19,autumn,10,21.1458,79.0882
2024-10-05,RES-C,Reservoir C,97.579,1.683,1.145,0.52,20.1,3.22,0.6,180.0,0.984,0.114,autumn,10,21.1458,79.0882
2024-10-06,RES-C,Reservoir C,96.631,0.511,1.252,0.07,20.17,2.97,0.09,180.0,1.114,0.049,autumn,10,21.1458,79.0882
2024-10-07,RES-C,Reservoir C,96.584,0.701,0.849,0.02,19.66,3.27,0.02,180.0,0.707,0.09,autumn,10,21.1458,79.0882
2024-10-08,RES-C,Reservoir C,96.821,1.319,0.884,0.68,20.32,3.31,0.8,180.0,0.752,0.171,autumn,10,21.1458,79.0882
2024-10-09,RES-C,Reservoir C,97.121,1.253,1.222,0.37,22.04,2.73,0.43,180.0,0.979,0.134,autumn,10,21.1458,79.0882
2024-10-10,RES-C,Reservoir C,97.43,1.198,0.926,0.04,19.4,2.76,0.05,180.0,0.797,0.052,autumn,10,21.1458,79.0882
2024-10-11,RES-C,Reservoir C,97.633,0.961,0.964,0.17,20.78,2.99,0.19,180.0,0.797,0.089,autumn,10,21.1458,79.0882
2024-10-12,RES-C,Reservoir C,97.261,1.056,0.775,1.28,18.94,2.96,1.42,180.0,0.752,0.159,autumn,10,21.1458,79.0882
2024-10-13,RES-C,Reservoir C,97.097,1.057,0.922,0.02,17.52,2.54,0.02,180.0,0.731,0.029,autumn,10,21.1458,79.0882
2024-10-14,RES-C,Reservoir C,97.643,1.538,1.134,0.98,20.25,2.9,1.18,180.0,0.925,0.078,autumn,10,21.1458,79.0882
2024-10-15,RES-C,Reservoir C,97.197,0.306,0.762,0.29,20.44,2.81,0.33,180.0,0.665,0.099,autumn,10,21.1458,79.0882
2024-10-16,RES-C,Reservoir C,97.098,1.494,0.635,0.4,19.87,3.2,0.45,180.0,0.511,0.105,autumn,10,21.1458,79.0882
2024-10-17,RES-C,Reservoir C,96.886,0.086,0.952,0.31,18.2,2.25,0.39,180.0,0.779,0.041,autumn,10,21.1458,79.0882
2024-10-18,RES-C,Reservoir C,97.1,1.521,0.78,0.72,20.37,2.82,0.88,180.0,0.629,0.128,autumn,10,21.1458,79.0882
2024-10-19,RES-C,Reservoir C,97.569,1.053,0.91,0.96,20.32,2.39,1.14,180.0,0.737,0.161,autumn,10,21.1458,79.0882
2024-10-20,RES-C,Reservoir C,97.609,1.082,0.989,0.07,18.93,2.46,0.09,180.0,0.854,0.077,autumn,10,21.1458,79.0882
2024-10-21,RES-C,Reservoir C,97.604,1.141,0.968,0.32,18.38,2.8,0.4,180.0,0.725,0.098,autumn,10,21.1458,79.0882
2024-10-22,RES-C,Reservoir C,98.0,1.208,0.94,0.85,19.7,2.96,1.01,180.0,0.823,0.14,autumn,10,21.1458,79.0882
2024-10-23,RES-C,Reservoir C,97.469,1.174,1.308,0.44,20.78,2.9,0.5,180.0,1.023,0.115,autumn,10,21.1458,79.0882
2024-10-24,RES-C,Reservoir C,97.904,1.048,1.131,0.56,20.5,3.3,0.67,180.0,0.919,0.058,autumn,10,21.1458,79.0882
2024-10-25,RES-C,Reservoir C,97.601,1.268,1.385,0.44,18.94,3.18,0.54,180.0,1.193,0.075,autumn,10,21.1458,79.0882
2024-10-26,RES-C,Reservoir C,98.0,1.699,1.036,0.27,20.16,2.9,0.33,180.0,0.938,0.082,autumn,10,21.1458,79.0882
2024-10-27,RES-C,Reservoir C,97.708,0.553,1.164,0.45,21.06,3.1,0.5,180.0,0.968,0.077,autumn,10,21.1458,79.0882
2024-10-28,RES-C,Reservoir C,96.703,0.05,1.604,0.18,18.59,2.6,0.22,180.0,1.424,0.133,autumn,10,21.1458,79.0882
2024-10-29,RES-C,Reservoir C,96.476,1.029,0.963,0.75,20.08,3.1,0.91,180.0,0.919,0.137,autumn,10,21.1458,79.0882
2024-10-30,RES-C,Reservoir C,96.232,1.028,1.224,0.81,21.61,2.73,0.94,180.0,1.145,0.087,autumn,10,21.1458,79.0882
2024-10-31,RES-C,Reservoir C,95.375,0.708,1.583,0.08,18.47,3.26,0.1,180.0,1.415,0.078,autumn,10,21.1458,79.0882
2024-11-01,RES-C,Reservoir C,95.769,0.73,1.256,0.51,22.46,3.54,0.62,180.0,1.112,0.14,autumn,11,21.1458,79.0882
2024-11-02,RES-C,Reservoir C,95.444,1.154,1.412,0.1,23.01,2.9,0.12,180.0,1.288,0.065,autumn,11,21.1458,79.0882
2024-11-03,RES-C,Reservoir C,95.456,0.627,1.349,0.62,20.81,2.76,0.77,180.0,1.145,0.137,autumn,11,21.1458,79.0882
2024-11-04,RES-C,Reservoir C,95.801,1.076,1.106,0.24,20.66,3.11,0.27,180.0,1.001,0.134,autumn,11,21.1458,79.0882
2024-11-05,RES-C,Reservoir C,96.527,2.087,1.06,2.14,22.31,3.08,2.6,180.0,0.932,0.223,autumn,11,21.1458,79.0882
2024-11-06,RES-C,Reservoir C,96.704,1.116,0.7,0.42,20.85,3.17,0.48,180.0,0.582,0.106,autumn,11,21.1458,79.0882
2024-11-07,RES-C,Reservoir C,96.778,0.979,0.976,0.02,18.25,2.58,0.02,180.0,0.8,0.118,autumn,11,21.1458,79.0882
2024-11-08,RES-C,Reservoir C,97.186,1.3,0.897,0.34,20.95,3.47,0.42,180.0,0.833,0.081,autumn,11,21.1458,79.0882
2024-11-09,RES-C,Reservoir C,97.402,1.203,0.913,0.77,21.64,3.1,0.94,180.0,0.788,0.193,autumn,11,21.1458,79.0882
2024-11-10,RES-C,Reservoir C,96.606,0.733,1.148,0.11,21.96,3.86,0.13,180.0,1.084,0.093,autumn,11,21.1458,79.0882
2024-11-11,RES-C,Reservoir C,96.12,1.127,0.86,0.32,20.02,3.08,0.38,180.0,0.726,0.13,autumn,11,21.1458,79.0882
2024-11-12,RES-C,Reservoir C,96.683,1.023,0.943,0.03,20.75,2.58,0.03,180.0,0.757,0.07,autumn,11,21.1458,79.0882
2024-11-13,RES-C,Reservoir C,95.947,1.364,1.013,0.51,22.24,3.8,0.59,180.0,0.826,0.121,autumn,11,21.1458,79.0882
2024-11-14,RES-C,Reservoir C,95.685,0.266,0.846,0.13,21.0,3.35,0.15,180.0,0.732,0.103,autumn,11,21.1458,79.0882
2024-11-15,RES-C,Reservoir C,95.543,0.751,0.826,0.03,19.24,2.92,0.04,180.0,0.649,0.054,autumn,11,21.1458,79.0882
2024-11-16,RES-C,Reservoir C,95.608,0.849,0.812,0.85,22.56,3.4,1.02,180.0,0.671,0.094,autumn,11,21.1458,79.0882
2024-11-17,RES-C,Reservoir C,95.761,1.845,0.88,1.71,20.81,2.64,2.04,180.0,0.662,0.16,autumn,11,21.1458,79.0882
2024-11-18,RES-C,Reservoir C,96.862,2.641,0.963,3.23,22.38,2.64,3.67,180.0,0.82,0.275,autumn,11,21.1458,79.0882
2024-11-19,RES-C,Reservoir C,96.904,0.76,0.774,0.11,19.4,2.82,0.13,180.0,0.773,0.031,autumn,11,21.1458,79.0882
2024-11-20,RES-C,Reservoir C,97.763,0.956,1.136,0.83,20.93,3.42,0.97,180.0,0.942,0.111,autumn,11,21.1458,79.0882
2024-11-21,RES-C,Reservoir C,97.993,1.203,0.876,0.39,21.68,3.22,0.48,180.0,0.749,0.139,autumn,11,21.1458,79.0882
2024-11-22,RES-C,Reservoir C,98.0,0.814,1.11,0.12,20.97,3.53,0.15,180.0,0.974,0.049,autumn,11,21.1458,79.0882
2024-11-23,RES-C,Reservoir C,97.585,1.59,1.401,0.59,19.65,3.25,0.69,180.0,1.234,0.147,autumn,11,21.1458,79.0882
2024-11-24,RES-C,Reservoir C,98.0,1.83,1.092,0.82,18.21,2.69,1.0,180.0,1.013,0.087,autumn,11,21.1458,79.0882
2024-11-25,RES-C,Reservoir C,98.0,1.504,1.516,0.72,22.9,3.6,0.81,180.0,1.362,0.089,autumn,11,21.1458,79.0882
2024-11-26,RES-C,Reservoir C,97.864,0.932,1.318,0.1,21.37,3.52,0.12,180.0,1.141,0.081,autumn,11,21.1458,79.0882
2024-11-27,RES-C,Reservoir C,98.0,1.948,1.297,1.03,22.47,3.17,1.23,180.0,1.129,0.188,autumn,11,21.1458,79.0882
2024-11-28,RES-C,Reservoir C,98.0,1.023,1.286,0.28,22.19,3.1,0.34,180.0,1.166,0.075,autumn,11,21.1458,79.0882
2024-11-29,RES-C,Reservoir C,97.702,0.653,1.302,0.04,21.79,3.16,0.05,180.0,1.102,0.03,autumn,11,21.1458,79.0882
2024-11-30,RES-C,Reservoir C,97.204,0.565,0.941,0.0,20.69,2.26,0.0,180.0,0.841,0.038,autumn,11,21.1458,79.0882
2024-12-01,RES-C,Reservoir C,96.553,0.597,1.367,0.09,24.59,3.53,0.1,180.0,1.249,0.112,winter,12,21.1458,79.0882
2024-12-02,RES-C,Reservoir C,96.47,0.943,1.558,0.3,25.72,3.8,0.33,180.0,1.415,0.054,winter,12,21.1458,79.0882
2024-12-03,RES-C,Reservoir C,96.647,1.314,1.284,0.71,24.1,3.44,0.83,180.0,1.119,0.151,winter,12,21.1458,79.0882
2024-12-04,RES-C,Reservoir C,95.608,0.342,1.217,0.08,26.28,3.76,0.09,180.0,1.083,0.086,winter,12,21.1458,79.0882
2024-12-05,RES-C,Reservoir C,95.891,1.312,1.136,1.34,22.2,3.15,1.66,180.0,0.925,0.146,winter,12,21.1458,79.0882
2024-12-06,RES-C,Reservoir C,95.31,0.881,1.238,0.01,22.07,2.55,0.02,180.0,1.074,0.09,winter,12,21.1458,79.0882
2024-12-07,RES-C,Reservoir C,95.64,1.349,0.996,0.66,25.19,4.02,0.74,180.0,0.842,0.089,winter,12,21.1458,79.0882
2024-12-08,RES-C,Reservoir C,95.635,1.484,1.001,1.42,23.02,3.15,1.56,180.0,0.838,0.155,winter,12,21.1458,79.0882
2024-12-09,RES-C,Reservoir C,96.288,2.048,0.705,2.37,26.45,3.49,2.65,180.0,0.518,0.163,winter,12,21.1458,79.0882
2024-12-10,RES-C,Reservoir C,95.962,0.561,0.797,0.39,25.6,3.98,0.48,180.0,0.635,0.14,winter,12,21.1458,79.0882
2024-12-11,RES-C,Reservoir C,96.381,0.641,0.798,0.32,25.91,3.9,0.38,180.0,0.739,0.065,winter,12,21.1458,79.0882
2024-12-12,RES-C,Reservoir C,96.608,1.164,1.003,0.79,25.06,3.59,0.89,180.0,0.798,0.132,winter,12,21.1458,79.0882
2024-12-13,RES-C,Reservoir C,97.249,1.335,0.948,0.71,22.89,3.48,0.88,180.0,0.792,0.085,winter,12,21.1458,79.0882
2024-12-14,RES-C,Reservoir C,98.0,0.97,0.599,0.18,22.01,2.79,0.22,180.0,0.414,0.073,winter,12,21.1458,79.0882
2024-12-15,RES-C,Reservoir C,98.0,0.679,0.57,0.36,25.79,3.57,0.4,180.0,0.441,0.087,winter,12,21.1458,79.0882
2024-12-16,RES-C,Reservoir C,98.0,0.831,0.83,0.23,22.2,3.55,0.27,180.0,0.771,0.181,winter,12,21.1458,79.0882
2024-12-17,RES-C,Reservoir C,98.0,1.684,0.638,0.71,25.9,3.41,0.87,180.0,0.602,0.115,winter,12,21.1458,79.0882
2024-12-18,RES-C,Reservoir C,98.0,1.087,0.99,0.2,24.8,3.18,0.23,180.0,0.887,0.065,winter,12,21.1458,79.0882
2024-12-19,RES-C,Reservoir C,98.0,1.684,0.73,1.88,23.91,3.39,2.34,180.0,0.554,0.161,winter,12,21.1458,79.0882
2024-12-20,RES-C,Reservoir C,98.0,1.347,1.048,1.85,24.53,3.47,2.06,180.0,0.833,0.127,winter,12,21.1458,79.0882
2024-12-21,RES-C,Reservoir C,97.898,0.572,1.06,0.04,24.56,3.64,0.05,180.0,0.895,0.077,winter,12,21.1458,79.0882
2024-12-22,RES-C,Reservoir C,97.987,0.833,1.121,0.06,23.76,2.94,0.07,180.0,1.024,0.139,winter,12,21.1458,79.0882
2024-12-23,RES-C,Reservoir C,97.692,1.223,0.958,0.66,25.71,2.82,0.76,180.0,0.847,0.123,winter,12,21.1458,79.0882
2024-12-24,RES-C,Reservoir C,97.411,1.033,0.97,0.07,25.67,3.86,0.09,180.0,0.752,0.111,winter,12,21.1458,79.0882
2024-12-25,RES-C,Reservoir C,97.777,1.477,1.196,1.09,24.19,3.08,1.31,180.0,1.111,0.107,winter,12,21.1458,79.0882
2024-12-26,RES-C,Reservoir C,97.314,0.864,1.451,0.4,23.28,3.11,0.44,180.0,1.195,0.094,winter,12,21.1458,79.0882
2024-12-27,RES-C,Reservoir C,96.371,0.725,1.533,0.21,25.57,2.91,0.24,180.0,1.289,0.097,winter,12,21.1458,79.0882
2024-12-28,RES-C,Reservoir C,96.442,1.562,1.352,0.09,21.57,3.4,0.11,180.0,1.095,0.063,winter,12,21.1458,79.0882
2024-12-29,RES-C,Reservoir C,96.012,0.753,1.434,0.3,24.53,3.55,0.34,180.0,1.265,0.107,winter,12,21.1458,79.0882
2024-12-30,RES-C,Reservoir C,95.63,0.556,1.344,0.42,24.89,3.58,0.49,180.0,1.211,0.12,winter,12,21.1458,79.0882
