temperature_c,rainfall_deficit_pct,precip_mm,storage_pct,day_of_week,month,is_weekend,is_heatwave,demand_mgd
38.31,-1.7,3.4,16.78,0,10,0,1,86.892
26.92,45.68,2.63,39.3,0,8,0,0,55.605
41.19,-41.07,0.73,12.35,5,11,1,1,92.213
35.71,-76.36,0.0,17.67,0,10,0,0,76.286
15.2,28.59,0.0,34.12,1,5,0,0,59.412
45.17,18.33,1.26,30.66,5,8,1,1,85.318
37.88,-3.63,1.25,86.51,3,5,0,0,69.33
38.73,34.15,1.34,85.97,3,2,0,1,86.831
16.36,37.61,3.89,59.12,4,1,0,0,46.029
27.31,2.31,2.81,72.48,4,1,0,0,57.363
24.61,55.23,0.19,94.97,2,12,0,0,54.61
43.51,20.76,2.71,44.87,6,11,1,1,80.083
33.89,14.76,2.05,54.41,1,5,0,0,75.463
39.97,-29.4,0.86,65.35,1,11,0,1,87.355
27.08,-79.68,0.86,88.25,3,9,0,0,66.987
19.73,-46.27,0.91,77.75,6,2,1,0,46.895
30.86,26.95,0.0,15.48,6,3,1,0,66.549
14.17,19.38,2.67,70.6,5,5,1,0,37.223
40.14,-33.66,4.75,31.41,0,10,0,1,95.657
33.48,7.58,0.24,31.67,5,8,1,0,59.907
37.77,-52.66,4.47,56.52,1,5,0,0,87.398
24.05,-43.09,0.94,69.19,6,11,1,0,49.14
45.0,52.64,13.66,23.53,0,4,0,1,104.796
42.37,-22.15,1.14,36.73,0,11,0,1,89.086
38.47,-45.7,9.61,70.87,3,9,0,1,83.513
18.62,-11.8,4.12,22.92,3,9,0,0,46.652
27.87,-25.82,0.0,82.23,2,2,0,0,59.67
13.49,22.13,1.01,48.76,3,2,0,0,45.227
17.25,54.7,2.06,59.81,5,12,1,0,40.375
35.22,2.84,6.89,16.83,4,10,0,0,65.001
37.32,2.76,0.49,91.13,4,4,0,0,73.412
44.9,-28.92,0.99,87.14,1,11,0,1,93.512
23.08,-0.95,2.61,26.16,3,4,0,0,64.909
24.6,-35.29,0.0,66.36,0,5,0,0,71.433
27.96,-79.85,5.0,77.41,1,4,0,0,77.924
18.44,41.25,1.29,20.37,6,6,1,0,49.694
16.42,-19.88,0.0,59.08,0,10,0,0,45.529
28.17,-11.11,0.11,82.29,3,2,0,0,67.217
19.71,-68.31,6.4,53.07,3,12,0,0,54.603
34.77,37.2,0.25,88.52,1,4,0,0,71.357
26.86,-56.15,1.95,14.06,0,12,0,0,76.349
40.31,-22.51,0.18,88.13,0,11,0,1,85.646
35.81,37.64,1.98,93.06,5,7,1,0,55.647
22.62,-15.91,0.87,23.26,4,2,0,0,72.33
40.3,50.36,1.4,46.63,3,7,0,1,94.917
39.36,-50.7,4.05,62.77,1,10,0,1,89.483
25.17,20.13,6.2,85.93,3,12,0,0,45.522
21.8,56.92,0.47,23.56,1,2,0,0,54.875
35.2,-3.05,0.0,38.39,2,9,0,0,69.9
16.75,16.91,3.76,77.82,6,4,1,0,44.81
18.8,-24.95,7.49,44.85,3,9,0,0,49.075
12.25,25.19,1.73,61.42,0,7,0,0,37.889
38.76,47.24,0.6,57.6,4,11,0,1,83.046
34.6,18.43,2.88,92.72,1,1,0,0,61.926
35.98,51.03,2.2,22.03,0,7,0,0,75.637
38.54,2.41,0.0,90.62,4,9,0,1,84.875
27.6,0.8,0.66,57.95,4,5,0,0,68.55
31.34,-37.35,2.25,86.85,1,4,0,0,75.346
16.75,19.35,3.1,20.03,5,4,1,0,49.114
15.89,43.47,3.8,64.53,1,9,0,0,40.977
34.73,10.48,0.71,81.41,3,3,0,0,69.055
28.02,-47.37,3.34,76.88,3,12,0,0,64.858
31.22,-3.82,3.25,10.84,0,3,0,0,75.68
38.01,25.83,0.0,48.44,4,5,0,1,90.864
33.58,51.51,0.0,19.8,3,12,0,0,72.249
30.82,-58.08,0.91,22.99,3,1,0,0,71.896
31.01,-62.15,2.33,70.03,5,5,1,0,68.722
22.33,-22.19,0.53,91.31,5,11,1,0,43.297
13.05,-62.41,0.98,63.9,3,4,0,0,64.351
26.85,57.26,1.18,18.7,5,4,1,0,63.591
19.3,-20.6,0.0,30.74,0,1,0,0,57.658
25.89,-5.29,2.2,42.2,4,2,0,0,63.687
41.02,-48.21,1.15,20.66,1,3,0,1,109.262
19.95,-17.12,0.04,82.08,4,11,0,0,52.356
13.98,57.86,0.7,26.53,4,7,0,0,51.856
21.57,-11.58,14.73,21.01,5,3,1,0,52.528
21.98,-78.76,6.51,71.68,3,10,0,0,57.885
34.51,-46.05,6.79,20.78,0,8,0,0,72.913
30.94,56.98,1.87,44.88,6,4,1,0,57.569
38.65,58.47,0.71,53.82,3,4,0,1,93.035
34.59,-50.53,0.52,16.82,0,3,0,0,91.6
25.82,6.14,0.0,57.24,0,9,0,0,53.618
39.68,-69.23,4.07,50.81,0,9,0,1,97.99
17.68,0.84,0.0,66.82,1,8,0,0,43.168
12.77,-62.37,1.02,28.63,1,6,0,0,59.269
15.06,34.61,5.42,40.31,6,7,1,0,40.906
36.56,51.54,1.15,66.07,5,11,1,0,58.843
27.7,-55.78,0.0,13.03,0,7,0,0,76.956
17.48,-15.22,4.81,19.84,2,8,0,0,48.558
29.04,-65.71,0.0,34.1,2,3,0,0,85.76
17.18,-32.52,2.14,19.04,3,6,0,0,64.349
35.67,-70.89,0.05,13.36,1,1,0,0,90.599
27.17,-42.96,0.87,93.93,1,6,0,0,66.062
24.95,58.63,0.44,48.74,3,10,0,0,49.505
22.25,-73.76,1.09,55.36,3,9,0,0,62.78
33.43,40.26,0.0,31.67,5,11,1,0,62.052
24.3,-69.16,0.6,10.65,6,5,1,0,67.977
14.98,-5.94,1.43,73.81,2,10,0,0,39.205
16.01,-16.7,0.67,71.52,5,9,1,0,40.608
44.7,50.42,0.0,92.67,5,9,1,1,76.221
42.89,-52.13,4.76,11.79,2,10,0,1,98.666
35.79,-54.84,5.96,21.65,3,6,0,0,80.234
21.04,24.82,6.32,70.53,4,5,0,0,55.849
44.95,21.6,0.15,38.06,6,8,1,1,82.577
38.48,17.89,1.06,15.42,5,5,1,1,84.138
36.37,-76.34,5.68,35.58,5,9,1,0,68.029
27.28,-43.61,12.62,17.46,5,11,1,0,53.753
21.26,37.59,0.0,81.2,1,1,0,0,46.045
15.28,4.12,2.02,84.54,1,8,0,0,35.277
42.69,4.31,0.0,64.14,6,6,1,1,87.085
27.5,-38.57,2.14,42.78,3,2,0,0,71.42
18.88,-43.58,0.74,75.35,1,3,0,0,58.781
22.4,52.52,6.17,63.69,2,10,0,0,44.101
31.69,21.89,0.0,77.32,3,5,0,0,74.328
18.01,-62.24,0.5,53.43,3,2,0,0,68.73
41.12,51.28,1.6,91.46,1,9,0,1,80.298
37.79,1.53,0.61,34.65,1,3,0,0,83.173
36.46,-33.33,1.17,61.36,2,5,0,0,81.908
26.69,-24.4,0.01,78.68,1,3,0,0,61.559
33.33,21.56,3.73,85.98,6,9,1,0,41.41
31.86,-27.32,4.02,90.47,0,12,0,0,60.179
34.09,1.02,0.0,43.58,5,12,1,0,54.037
14.87,19.47,2.32,69.44,2,1,0,0,44.76
26.14,-52.65,1.28,34.67,3,12,0,0,66.308
13.41,52.19,0.93,65.2,2,8,0,0,41.853
28.8,-30.14,2.62,25.66,6,10,1,0,56.329
23.22,-21.29,5.51,45.82,6,1,1,0,51.105
16.91,17.79,1.8,88.22,2,11,0,0,36.1
15.52,5.23,0.0,78.93,0,4,0,0,53.622
31.98,-18.38,0.0,52.2,1,5,0,0,72.36
17.8,10.96,1.89,22.48,5,11,1,0,41.912
43.45,46.4,1.42,43.88,5,9,1,1,84.74
31.76,32.04,0.41,21.79,0,7,0,0,73.595
23.79,35.4,0.19,15.82,0,9,0,0,57.196
32.09,-43.82,0.81,87.05,3,5,0,0,77.309
12.78,-21.28,0.0,51.77,5,12,1,0,32.504
44.59,-2.47,0.68,17.6,5,1,1,1,85.713
28.4,-73.81,0.14,70.92,0,7,0,0,76.45
38.61,27.77,0.01,16.31,6,1,1,1,87.527
14.81,-34.72,0.47,43.67,1,6,0,0,53.242
28.55,-40.44,0.0,29.57,1,7,0,0,73.007
28.68,-43.7,7.71,23.99,2,11,0,0,66.339
43.89,-40.33,0.16,55.35,5,12,1,1,88.129
31.44,-32.68,1.53,71.17,2,9,0,0,62.771
28.1,4.68,8.35,51.41,4,12,0,0,56.916
21.08,1.7,0.77,79.77,1,2,0,0,53.987
23.27,-44.2,9.44,87.98,0,7,0,0,56.933
29.7,-51.1,8.19,78.61,0,8,0,0,60.878
26.92,35.69,3.39,91.3,3,1,0,0,54.442
12.73,-67.02,0.0,88.97,0,8,0,0,49.359
40.09,-8.2,0.39,80.76,3,1,0,1,86.975
42.47,-7.12,3.59,34.87,5,8,1,1,81.327
16.77,0.38,0.43,24.82,3,3,0,0,57.577
30.84,43.99,0.0,71.8,3,12,0,0,57.469
15.69,7.35,0.0,81.87,1,4,0,0,50.66
34.86,56.31,0.92,79.97,1,8,0,0,62.213
21.56,41.99,1.19,64.71,0,8,0,0,47.991
34.42,-49.94,0.55,80.54,0,11,0,0,64.774
36.72,-46.23,2.84,70.11,3,5,0,0,85.201
38.13,-31.73,5.23,66.56,1,5,0,1,96.685
15.66,-25.19,0.16,13.96,4,9,0,0,49.414
43.14,-2.58,1.51,49.14,2,1,0,1,95.932
19.83,-47.45,0.0,12.88,2,7,0,0,62.917
13.27,-48.87,7.67,17.85,3,5,0,0,58.315
30.86,-26.61,3.63,55.99,2,12,0,0,63.273
24.61,14.08,4.27,14.04,0,7,0,0,60.984
40.21,16.34,5.22,87.62,0,10,0,1,80.526
39.48,56.66,0.55,48.28,6,10,1,1,72.919
22.78,-51.66,1.36,69.5,0,2,0,0,65.922
44.4,-25.0,6.41,22.56,1,8,0,1,99.101
21.89,55.05,3.93,82.05,2,9,0,0,44.571
29.51,16.6,4.58,50.64,3,6,0,0,62.849
20.7,2.92,0.07,57.5,5,3,1,0,50.937
43.83,-4.45,0.0,65.12,4,6,0,1,99.962
17.6,-69.43,0.0,55.89,4,1,0,0,65.805
13.53,45.07,0.0,57.87,2,12,0,0,37.773
26.79,7.57,2.73,73.28,6,2,1,0,46.336
45.74,0.03,5.22,78.55,0,2,0,1,98.102
42.32,-4.47,0.79,36.02,2,2,0,1,97.191
37.45,-25.13,0.95,88.37,2,3,0,0,71.02
42.29,-44.35,0.0,40.08,2,3,0,1,105.063
42.38,25.75,3.39,33.15,3,8,0,1,88.888
29.64,-8.66,5.15,36.47,0,2,0,0,68.035
22.74,-75.25,3.37,40.47,5,9,1,0,58.336
38.25,-24.13,1.68,36.94,1,5,0,1,95.597
34.5,50.0,0.2,81.72,2,5,0,0,74.346
24.7,-27.65,2.51,57.7,4,7,0,0,62.395
15.21,-22.15,0.27,92.25,6,1,1,0,33.046
37.39,7.35,0.17,17.14,3,7,0,0,76.23
20.92,32.23,0.86,62.19,3,7,0,0,54.108
43.85,13.58,1.34,18.16,1,9,0,1,92.845
20.19,39.01,0.84,49.0,5,2,1,0,49.195
16.17,-64.04,0.45,42.53,3,1,0,0,59.296
40.26,49.44,3.23,67.87,0,1,0,1,89.752
17.21,46.55,0.61,73.36,2,12,0,0,42.781
18.1,-7.32,5.07,30.24,6,5,1,0,55.955
32.38,7.46,0.21,26.47,6,3,1,0,61.816
41.74,-50.21,2.34,45.66,1,2,0,1,112.302
18.68,-17.29,0.0,30.57,5,4,1,0,51.98
22.55,-51.62,2.4,67.51,2,6,0,0,69.274
38.43,-76.92,1.66,54.0,5,12,1,1,92.396
45.04,57.33,2.02,80.29,3,10,0,1,82.543
29.03,-43.72,0.0,93.41,2,11,0,0,63.162
16.89,3.04,0.33,42.14,6,1,1,0,39.501
12.47,-37.96,2.61,87.52,1,7,0,0,46.518
19.81,-28.11,1.1,76.06,2,6,0,0,57.982
16.48,-24.31,1.93,22.68,6,3,1,0,50.526
35.04,-33.09,1.04,81.05,1,6,0,0,73.974
16.14,9.24,3.53,50.93,1,8,0,0,45.0
29.22,54.53,1.12,70.28,6,1,1,0,48.556
35.6,-19.99,0.3,69.72,3,12,0,0,66.639
31.76,56.27,0.09,85.31,5,9,1,0,52.196
18.79,13.49,11.17,74.7,0,12,0,0,42.476
39.34,5.0,1.1,80.09,4,2,0,1,84.243
36.32,-46.81,2.8,37.28,0,1,0,0,78.575
37.13,-71.19,6.39,92.72,2,12,0,0,67.43
16.46,39.27,1.65,66.24,1,12,0,0,46.381
16.21,0.36,0.64,75.76,2,8,0,0,44.799
43.54,-21.98,6.77,83.0,2,3,0,1,92.454
25.52,33.68,1.45,20.52,6,4,1,0,61.062
22.23,-36.52,2.6,38.59,4,10,0,0,62.832
28.61,29.71,1.14,81.05,0,12,0,0,52.227
34.54,-34.09,2.96,88.37,3,9,0,0,62.855
44.49,48.92,0.72,74.27,5,5,1,1,84.156
21.74,-42.48,2.7,51.0,3,10,0,0,58.478
43.44,-60.74,4.7,31.35,4,4,0,1,110.64
12.85,17.73,1.64,54.63,3,2,0,0,45.443
30.88,-57.2,6.76,43.77,6,5,1,0,69.655
33.56,52.91,0.07,85.28,4,6,0,0,65.934
15.6,11.78,6.88,58.22,3,8,0,0,39.285
16.77,-47.68,2.58,43.33,6,9,1,0,43.832
26.25,-50.77,0.0,52.37,1,9,0,0,62.292
44.85,49.34,1.54,89.35,5,3,1,1,85.807
32.27,5.1,0.0,62.13,5,8,1,0,54.249
43.72,45.12,0.0,29.46,2,1,0,1,97.438
39.35,-64.57,0.0,52.51,6,12,1,1,90.397
27.89,49.55,3.36,49.58,2,6,0,0,65.54
38.68,-7.19,3.65,36.38,6,12,1,1,72.508
12.61,13.58,0.84,72.59,0,11,0,0,42.232
15.71,-27.8,0.98,32.8,2,3,0,0,60.382
40.2,-71.72,3.32,51.87,2,2,0,1,103.429
39.09,54.12,0.09,47.49,2,11,0,1,81.518
19.91,59.24,0.0,49.68,3,6,0,0,62.7
30.05,-28.96,0.21,58.18,5,2,1,0,71.32
32.6,52.14,4.4,68.08,3,8,0,0,66.276
41.5,-56.52,0.78,22.15,4,12,0,1,102.601
32.51,-58.34,3.63,34.51,0,8,0,0,77.447
26.03,-69.76,7.41,75.69,0,4,0,0,77.701
24.72,-25.22,0.0,87.16,2,5,0,0,63.337
26.48,-72.68,1.8,13.8,0,4,0,0,86.221
34.17,-24.75,3.18,16.24,0,7,0,0,78.373
41.49,-60.63,0.0,89.38,0,6,0,1,108.646
27.43,22.27,2.21,22.57,1,5,0,0,73.813
20.43,36.67,0.44,93.24,1,3,0,0,53.216
20.05,16.29,2.09,80.4,1,1,0,0,53.535
37.36,-51.93,0.15,20.26,2,10,0,0,80.193
39.76,27.36,5.42,18.71,1,10,0,1,83.156
15.58,-45.07,6.7,93.07,6,2,1,0,40.162
14.26,26.33,0.0,31.66,4,3,0,0,54.671
32.21,-0.56,5.07,55.79,4,6,0,0,64.549
16.97,-28.66,1.26,30.08,4,8,0,0,52.113
40.04,-68.31,0.0,61.06,0,11,0,1,92.799
22.55,35.85,0.15,81.4,3,9,0,0,44.655
16.89,51.55,5.46,65.84,4,8,0,0,42.674
43.31,13.23,2.09,13.96,6,9,1,1,86.026
17.63,55.04,0.0,60.59,3,8,0,0,49.326
21.68,50.78,1.52,66.19,1,12,0,0,50.93
17.22,-52.75,3.0,27.08,5,12,1,0,44.609
15.93,22.37,1.17,74.78,1,6,0,0,45.344
12.72,-31.1,0.34,63.29,6,1,1,0,38.713
13.88,-11.75,5.78,10.81,2,12,0,0,50.086
17.94,-58.02,9.44,90.8,0,4,0,0,56.803
13.81,56.47,1.22,47.87,2,4,0,0,47.966
32.1,21.66,1.48,29.75,6,2,1,0,67.062
35.14,-42.63,0.11,17.33,3,10,0,0,73.997
25.38,-27.99,3.16,41.83,0,3,0,0,66.662
22.81,-20.85,1.79,36.16,2,12,0,0,58.792
29.15,24.65,0.0,35.33,5,3,1,0,62.424
41.75,49.6,1.56,77.42,0,1,0,1,87.866
40.94,-35.0,0.5,64.9,6,8,1,1,83.214
13.48,-13.85,0.35,21.31,5,3,1,0,45.579
18.17,3.05,1.5,70.19,5,4,1,0,44.112
20.05,-24.93,0.02,71.5,5,2,1,0,49.941
20.48,-9.41,4.65,53.71,1,8,0,0,43.126
31.42,-65.2,0.16,94.64,5,3,1,0,72.78
26.15,-56.53,3.2,34.1,1,9,0,0,61.207
13.67,-23.85,0.0,14.97,1,4,0,0,57.617
24.7,48.09,2.98,12.45,0,5,0,0,71.274
29.81,-31.09,0.88,37.25,1,6,0,0,76.145
15.46,-45.03,0.04,52.32,0,7,0,0,57.459
40.34,24.0,7.77,16.65,6,10,1,1,69.552
13.77,52.88,0.72,58.09,0,2,0,0,47.127
43.44,-15.72,0.51,86.57,4,3,0,1,97.026
15.37,-78.8,2.6,77.73,0,10,0,0,52.241
40.68,16.34,1.96,67.16,6,11,1,1,77.004
42.69,-21.89,1.77,66.25,3,6,0,1,103.892
45.31,14.31,4.69,72.08,3,1,0,1,93.24
39.27,-41.12,2.26,52.01,0,11,0,1,89.769
38.5,-79.66,0.81,44.15,6,8,1,1,94.659
33.84,-31.77,1.53,36.07,2,7,0,0,73.983
38.49,18.67,0.0,18.47,0,5,0,1,90.441
16.57,-24.96,2.47,57.78,4,9,0,0,42.465
30.23,-49.32,1.19,50.16,6,4,1,0,62.274
29.48,-15.04,0.69,20.11,0,5,0,0,75.387
41.16,25.33,2.93,32.8,1,10,0,1,85.61
27.74,-63.28,7.41,76.91,4,5,0,0,66.482
25.09,16.85,2.45,31.73,0,12,0,0,55.568
33.75,13.43,0.37,46.19,5,6,1,0,59.596
21.06,-28.1,0.77,23.71,4,7,0,0,61.999
16.75,55.85,4.44,24.44,3,8,0,0,44.561
28.25,45.26,0.47,74.29,2,9,0,0,57.747
26.17,-35.74,2.0,15.67,3,7,0,0,70.497
19.91,-75.65,0.92,34.23,0,5,0,0,79.826
24.5,-36.84,0.0,93.37,5,10,1,0,44.241
24.46,-51.34,0.95,50.45,4,9,0,0,68.857
23.13,-3.38,0.27,61.53,3,1,0,0,56.089
24.9,48.62,1.02,64.47,5,8,1,0,43.747
35.32,41.85,3.3,26.67,3,11,0,0,74.51
22.09,-37.18,1.41,41.39,2,7,0,0,56.907
44.26,-20.0,0.47,44.06,5,12,1,1,86.285
43.16,-74.88,0.0,29.61,6,5,1,1,100.323
28.35,-3.82,2.98,29.89,5,3,1,0,55.479
23.16,-71.13,4.18,61.67,3,6,0,0,62.53
30.2,51.4,0.0,19.22,2,2,0,0,73.803
40.85,41.37,2.37,20.98,0,1,0,1,90.507
34.19,-50.01,0.46,58.73,2,7,0,0,76.6
39.35,17.91,0.0,48.19,5,1,1,1,84.423
30.11,-0.48,0.0,62.01,5,1,1,0,56.856
33.52,32.19,4.42,12.29,0,6,0,0,76.567
21.8,-13.41,0.0,69.92,3,3,0,0,64.571
36.99,-53.15,0.34,82.24,4,3,0,0,88.792
18.88,9.58,7.2,54.55,4,7,0,0,43.602
35.62,-68.76,0.0,81.47,6,4,1,0,78.013
41.26,1.84,0.0,43.97,0,8,0,1,89.906
16.49,-50.22,0.09,16.71,3,6,0,0,64.882
32.89,15.89,7.55,42.09,0,3,0,0,66.576
15.23,35.93,2.45,47.94,5,9,1,0,31.62
36.67,-64.67,1.41,83.57,3,12,0,0,75.057
14.87,-23.96,4.88,38.45,3,9,0,0,49.9
43.82,22.69,0.15,36.78,5,3,1,1,89.496
16.67,-57.08,2.27,85.48,5,7,1,0,38.405
44.6,-0.69,0.93,31.33,2,2,0,1,100.526
39.23,14.06,0.14,64.61,5,1,1,1,75.364
32.19,-30.33,1.49,37.76,6,2,1,0,66.573
38.61,36.48,3.2,90.87,0,10,0,1,79.451
39.03,-8.51,1.21,26.12,5,12,1,1,81.404
44.16,7.78,0.58,71.53,0,8,0,1,89.105
20.62,-60.28,0.0,56.76,5,11,1,0,50.149
32.06,-76.76,1.73,93.19,4,5,0,0,82.863
15.23,-72.9,0.39,94.49,5,1,1,0,43.489
32.95,46.55,0.6,77.46,4,11,0,0,61.804
17.82,43.57,0.61,18.79,1,9,0,0,45.898
31.21,33.06,1.1,49.87,4,8,0,0,64.627
31.46,-52.05,0.92,82.63,2,1,0,0,66.591
27.84,-6.44,4.31,64.27,0,12,0,0,59.432
29.77,31.46,1.41,84.71,0,1,0,0,60.569
37.97,14.45,2.45,77.95,6,1,1,0,60.178
39.17,-63.83,1.64,36.6,2,1,0,1,104.716
28.73,45.38,0.0,26.58,1,12,0,0,60.626
32.39,-57.5,0.28,37.42,0,10,0,0,74.471
43.66,-55.95,0.0,69.16,0,2,0,1,107.554
16.07,46.14,1.52,50.89,5,6,1,0,41.684
15.98,-12.15,6.56,13.73,0,7,0,0,55.202
14.98,-27.8,0.0,73.11,5,7,1,0,42.615
34.37,-2.49,0.84,13.8,3,3,0,0,77.594
26.23,57.4,1.44,44.79,1,1,0,0,64.436
38.33,-63.25,0.49,49.29,6,1,1,1,91.975
34.82,25.97,1.89,52.76,3,11,0,0,61.183
23.34,-33.19,0.62,21.82,2,8,0,0,60.532
42.54,-63.61,0.87,73.56,4,12,0,1,97.766
37.93,-20.93,3.16,82.2,4,11,0,0,68.417
21.2,-3.17,1.18,69.32,5,3,1,0,42.193
24.38,-51.17,2.59,90.84,4,2,0,0,61.763
22.69,-23.26,1.41,31.89,6,8,1,0,47.733
17.36,8.99,0.12,23.66,2,3,0,0,54.052
17.02,0.7,0.54,15.72,1,9,0,0,45.331
43.83,21.24,1.7,71.33,0,12,0,1,89.947
26.89,37.1,0.85,23.78,1,12,0,0,59.435
25.03,-22.72,0.0,89.75,5,4,1,0,54.895
36.81,-20.78,1.8,60.86,5,6,1,0,64.466
30.8,-10.46,2.3,78.35,2,9,0,0,57.157
43.83,-0.71,0.08,46.95,0,3,0,1,96.834
38.53,-64.83,5.31,72.46,5,7,1,1,91.135
28.3,-36.23,1.16,47.71,5,5,1,0,71.574
24.8,-55.94,0.0,55.79,0,7,0,0,67.974
45.55,-25.98,0.07,75.75,0,8,0,1,92.935
36.4,56.27,1.31,30.24,2,11,0,0,71.452
44.34,1.58,0.0,85.18,3,6,0,1,96.065
16.03,-19.89,0.95,70.89,0,4,0,0,62.581
40.92,-0.77,4.69,73.46,4,1,0,1,93.051
33.66,13.67,6.93,30.24,3,9,0,0,55.987
16.15,-19.11,3.99,17.66,5,10,1,0,43.498
32.0,-17.32,0.9,16.19,6,5,1,0,68.865
35.33,18.2,3.73,65.0,0,11,0,0,64.937
12.42,-71.48,2.43,22.75,3,6,0,0,64.967
27.45,-4.39,2.99,94.93,5,6,1,0,52.772
40.06,-3.37,2.07,91.69,0,1,0,1,89.34
22.04,25.95,0.08,12.48,5,7,1,0,50.112
27.59,57.57,2.47,71.63,2,8,0,0,52.128
27.04,31.41,2.08,32.17,5,6,1,0,60.989
22.27,-9.47,2.84,38.98,4,7,0,0,54.679
43.23,-56.28,0.0,30.43,6,7,1,1,103.046
38.56,2.36,0.87,80.6,1,9,0,1,76.955
15.76,36.8,0.0,85.97,6,2,1,0,36.489
45.9,50.54,0.0,13.43,3,7,0,1,100.963
41.89,35.54,0.0,32.95,5,6,1,1,84.391
21.65,-53.54,4.58,48.14,5,5,1,0,54.616
40.45,19.76,1.76,54.35,4,6,0,1,95.351
15.62,43.22,1.74,17.45,3,9,0,0,40.608
45.97,15.34,12.8,80.55,5,12,1,1,83.322
34.63,16.01,0.04,89.39,3,3,0,0,70.376
34.1,-9.98,1.11,44.24,6,1,1,0,58.704
15.07,9.18,1.47,82.86,4,5,0,0,49.527
42.5,-38.79,3.03,67.49,4,4,0,1,94.613
12.99,-67.57,0.7,60.3,4,1,0,0,54.806
20.19,35.88,1.5,79.62,1,6,0,0,51.58
16.86,52.04,0.58,50.21,5,7,1,0,37.097
38.41,39.96,4.95,56.56,1,11,0,1,77.845
18.74,-33.25,1.72,33.35,4,9,0,0,58.676
42.96,-66.91,5.65,70.54,5,6,1,1,95.564
34.31,-40.78,1.95,23.52,3,8,0,0,77.582
13.23,38.0,3.44,30.67,6,4,1,0,40.024
12.18,11.81,2.56,50.79,1,2,0,0,41.676
13.76,55.34,0.01,42.75,1,7,0,0,46.311
32.6,-32.02,0.22,30.36,2,6,0,0,71.03
39.25,-2.79,0.45,26.31,6,4,1,1,85.626
20.11,30.61,1.81,83.18,3,11,0,0,39.344
40.88,-47.24,4.25,60.22,1,7,0,1,89.828
13.95,54.97,2.03,42.08,6,7,1,0,38.848
39.23,2.94,1.04,81.89,2,9,0,1,79.504
43.55,-78.89,0.03,80.14,1,4,0,1,109.061
38.25,-76.48,1.09,19.43,6,7,1,1,97.875
35.74,43.51,6.35,58.22,1,11,0,0,56.557
40.49,10.34,2.08,35.98,6,8,1,1,74.706
13.37,26.83,0.39,55.97,0,11,0,0,44.419
18.86,29.76,2.77,71.03,3,1,0,0,55.342
16.25,-21.14,0.0,10.72,4,9,0,0,54.596
29.15,31.81,2.38,53.65,6,8,1,0,51.189
37.34,51.25,0.04,34.8,6,11,1,0,58.582
33.42,-55.9,0.0,55.39,5,12,1,0,65.159
40.94,26.98,1.37,19.34,6,2,1,1,88.634
17.28,-36.91,2.89,79.49,6,6,1,0,49.675
36.98,-34.99,2.96,56.21,3,12,0,0,75.215
18.56,-22.21,4.04,27.94,6,10,1,0,43.738
21.21,40.92,1.18,75.42,5,2,1,0,42.856
36.14,-76.91,0.77,13.21,2,7,0,0,91.768
45.33,-19.25,2.26,60.39,6,5,1,1,91.048
32.79,15.21,4.25,52.65,0,9,0,0,61.906
13.85,-64.54,0.0,13.37,0,7,0,0,65.515
32.95,30.92,3.31,31.22,1,4,0,0,73.03
13.44,51.87,5.45,16.56,3,6,0,0,46.616
42.06,-67.27,3.63,72.25,0,12,0,1,99.569
36.13,-58.59,0.61,69.99,1,5,0,0,84.523
17.89,56.37,3.18,17.59,1,3,0,0,58.739
15.12,-52.3,0.67,19.28,1,2,0,0,65.621
18.24,-68.95,0.41,84.82,0,2,0,0,67.769
45.32,53.31,7.35,27.07,1,1,0,1,97.349
27.59,44.97,1.65,35.81,1,1,0,0,64.625
38.66,11.8,3.82,68.16,5,7,1,1,74.676
33.64,-2.8,1.21,15.16,4,7,0,0,71.993
31.46,48.69,1.0,90.55,2,10,0,0,56.619
16.93,11.77,2.26,11.96,0,8,0,0,50.237
44.16,12.18,3.38,82.18,3,3,0,1,96.105
22.25,38.12,2.23,40.68,2,8,0,0,50.264
31.65,11.45,1.24,22.75,4,6,0,0,78.561
35.79,-9.49,0.77,42.09,1,3,0,0,79.611
34.07,-25.44,0.58,92.69,6,8,1,0,56.631
43.98,-9.56,0.0,54.96,0,8,0,1,92.758
17.05,-6.85,2.38,15.04,5,6,1,0,54.947
29.28,-29.48,1.86,90.03,4,2,0,0,62.544
25.74,-17.26,0.25,22.2,4,1,0,0,64.051
28.12,32.26,1.26,14.65,6,10,1,0,53.52
16.05,-21.69,2.82,13.86,3,2,0,0,59.32
16.56,-76.42,0.78,80.24,5,4,1,0,54.996
21.45,-40.38,6.62,23.01,3,9,0,0,54.987
22.36,-47.56,0.0,25.21,4,6,0,0,69.718
26.55,31.1,0.35,90.25,3,10,0,0,50.234
32.77,-17.1,3.29,61.99,6,5,1,0,68.585
33.58,-40.76,3.2,34.26,2,11,0,0,73.219
26.0,33.5,1.96,59.85,5,5,1,0,58.212
25.9,-77.31,1.56,30.66,1,1,0,0,74.17
19.4,-55.6,0.05,52.01,0,9,0,0,60.105
32.0,35.77,0.16,38.44,4,8,0,0,60.525
22.78,-2.91,1.2,62.92,1,12,0,0,52.494
13.23,28.31,0.3,74.5,0,2,0,0,47.08
26.23,37.34,0.0,39.62,4,7,0,0,67.633
28.12,51.87,2.52,22.23,4,9,0,0,64.471
19.67,-71.12,8.07,40.24,4,5,0,0,66.922
31.46,31.89,0.88,74.44,3,4,0,0,66.553
31.24,19.23,0.81,76.9,5,4,1,0,57.824
35.87,-51.02,1.22,76.77,0,1,0,0,77.206
34.03,50.44,0.0,92.84,1,8,0,0,65.56
34.18,-23.41,1.49,80.11,2,10,0,0,64.819
22.75,44.27,2.05,92.33,6,6,1,0,45.515
38.77,4.72,0.0,63.28,5,1,1,1,81.691
30.67,-6.26,1.05,29.49,3,10,0,0,59.5
26.67,-57.67,3.67,61.7,6,11,1,0,51.059
33.28,48.01,0.02,26.82,6,8,1,0,60.616
24.26,-2.07,2.36,17.25,0,2,0,0,63.011
29.43,-79.15,1.39,35.61,3,5,0,0,79.769
37.05,-77.44,0.0,40.84,6,7,1,0,75.08
42.14,28.87,0.63,70.26,1,12,0,1,90.453
43.32,-57.33,0.65,40.86,1,6,0,1,107.074
29.12,3.82,0.15,10.27,2,1,0,0,69.302
29.69,15.35,1.47,87.94,6,9,1,0,41.181
39.2,-40.89,0.0,60.1,1,9,0,1,91.641
22.69,-0.3,6.35,27.91,4,3,0,0,60.042
40.47,-46.36,0.76,31.44,1,5,0,1,107.722
28.8,52.48,0.98,20.55,5,1,1,0,56.688
15.94,40.42,0.39,87.06,6,2,1,0,39.18
14.45,-39.67,0.02,29.57,0,4,0,0,62.112
40.63,-5.97,3.13,89.96,2,2,0,1,88.425
13.89,-9.91,1.1,32.47,4,4,0,0,54.789
21.54,54.4,0.42,77.94,1,8,0,0,48.674
23.36,-24.84,5.96,10.89,4,5,0,0,69.238
17.88,-1.29,2.58,51.08,2,2,0,0,51.062
22.67,50.02,0.78,41.38,0,8,0,0,54.893
37.25,-57.21,4.12,38.44,4,11,0,0,78.06
12.5,-2.93,2.56,94.33,0,8,0,0,38.401
40.12,-65.21,1.31,71.27,1,4,0,1,104.765
41.12,6.45,4.01,31.74,1,10,0,1,82.838
24.66,-28.8,1.16,73.96,0,5,0,0,67.101
17.22,55.47,0.48,21.01,2,1,0,0,55.566
32.43,-21.84,3.12,88.7,6,8,1,0,48.501
16.07,-60.93,0.63,46.24,2,9,0,0,50.524
24.41,36.76,2.1,26.21,1,3,0,0,63.247
44.59,34.92,2.67,33.19,5,5,1,1,92.502
45.85,17.28,12.79,23.19,6,1,1,1,76.777
38.25,24.83,4.7,89.1,2,6,0,1,85.951
22.57,-42.94,0.0,36.0,0,6,0,0,69.384
35.38,9.89,0.0,22.14,5,4,1,0,64.607
35.98,-74.68,3.67,79.1,4,7,0,0,76.153
25.19,-52.44,0.68,28.13,6,9,1,0,55.398
33.79,50.52,0.0,18.0,4,6,0,0,70.426
12.36,23.49,2.27,66.81,6,10,1,0,28.961
19.11,-47.71,3.21,10.63,1,6,0,0,67.521
29.85,-64.41,0.0,80.76,1,5,0,0,80.0
17.57,52.85,1.58,57.83,4,8,0,0,42.503
17.64,-64.29,3.05,30.98,5,3,1,0,61.076
40.43,-44.01,0.05,50.26,2,11,0,1,91.453
45.63,-54.43,0.0,32.31,3,8,0,1,105.18
30.9,-78.96,0.12,55.29,2,5,0,0,85.774
40.53,-36.02,2.45,58.59,0,3,0,1,101.288
45.67,56.39,0.0,75.59,6,10,1,1,80.937
16.81,-32.13,1.44,49.62,6,1,1,0,45.718
27.24,-9.4,0.74,76.86,6,1,1,0,48.805
25.35,24.43,1.19,15.89,3,8,0,0,62.686
14.72,-2.85,0.0,88.31,1,6,0,0,49.617
37.68,24.1,0.6,25.77,2,3,0,0,81.79
26.75,12.63,1.06,81.11,4,5,0,0,66.317
27.96,5.2,0.0,52.04,1,10,0,0,55.552
17.12,10.95,0.0,18.9,1,6,0,0,56.414
18.15,31.88,6.91,40.58,6,7,1,0,39.117
42.84,19.43,0.0,88.06,0,2,0,1,92.885
13.52,30.85,3.9,80.95,4,9,0,0,33.899
19.92,-59.62,1.93,71.4,1,2,0,0,61.121
21.93,14.87,0.0,42.29,0,3,0,0,59.76
28.67,23.18,0.12,60.05,4,4,0,0,68.448
31.94,-38.0,5.69,29.73,1,6,0,0,80.106
28.77,42.44,0.0,65.07,5,4,1,0,61.985
14.86,-37.34,1.99,32.18,5,10,1,0,42.196
20.28,-45.86,1.93,80.47,3,5,0,0,66.46
40.68,41.39,3.69,69.88,1,1,0,1,86.831
33.68,-45.42,2.37,42.82,6,6,1,0,67.2
34.07,-21.83,2.78,66.06,2,2,0,0,71.94
34.79,-28.49,1.02,37.64,5,3,1,0,73.158
37.94,45.73,0.77,23.23,1,8,0,0,72.178
13.98,-16.27,1.91,29.99,1,8,0,0,49.703
24.46,17.2,0.6,33.09,4,8,0,0,60.225
30.34,31.17,1.04,29.26,1,5,0,0,66.867
23.51,7.91,1.58,67.66,3,11,0,0,48.786
40.71,52.12,0.33,72.87,4,1,0,1,79.004
28.41,32.35,1.45,48.86,0,5,0,0,68.509
38.13,-23.97,0.15,93.96,2,3,0,1,92.079
40.97,53.11,0.0,85.74,1,1,0,1,92.909
29.16,-6.56,0.4,17.4,0,7,0,0,74.735
42.92,-76.84,0.0,49.14,6,1,1,1,101.181
31.96,-43.6,0.0,87.22,0,8,0,0,65.667
40.91,7.04,3.82,28.72,5,11,1,1,75.147
23.58,-58.05,1.24,42.16,2,10,0,0,58.719
28.96,1.77,0.0,90.49,1,9,0,0,58.534
30.07,-29.38,9.63,75.97,3,3,0,0,64.139
15.57,-5.19,0.0,80.75,6,8,1,0,31.815
25.55,-79.74,0.63,84.76,4,7,0,0,66.74
43.19,38.78,0.0,24.55,0,6,0,1,97.296
33.45,-29.33,1.92,69.44,5,6,1,0,66.521
18.04,-60.38,1.49,78.24,5,2,1,0,52.989
23.52,-18.69,2.03,29.25,6,11,1,0,40.373
18.51,-11.94,0.74,13.69,1,11,0,0,48.427
12.84,9.24,9.53,25.16,5,9,1,0,30.23
43.53,-6.56,5.95,73.02,2,7,0,1,89.38
27.24,-73.91,4.38,69.01,2,2,0,0,72.053
22.46,42.01,0.0,85.8,4,8,0,0,50.867
32.35,-16.09,2.35,36.94,3,12,0,0,63.151
12.25,-69.22,6.25,62.85,1,2,0,0,53.06
21.45,28.2,3.33,12.28,1,5,0,0,64.622
35.9,12.42,0.0,89.48,4,11,0,0,59.677
33.55,10.92,3.08,57.13,6,12,1,0,54.929
45.38,-20.23,0.59,73.61,1,6,0,1,96.406
33.09,-22.53,1.63,34.12,3,4,0,0,76.884
28.24,-4.91,0.08,16.97,2,4,0,0,67.97
37.89,-72.92,0.0,15.34,1,6,0,0,87.673
42.71,-38.15,0.0,79.25,5,4,1,1,93.054
36.5,58.31,1.16,22.92,5,7,1,0,68.13
44.75,12.71,0.0,80.04,3,1,0,1,91.889
38.59,-21.35,0.48,32.55,3,1,0,1,98.165
41.47,-48.87,2.25,56.01,2,1,0,1,97.676
15.88,24.33,2.79,32.26,6,9,1,0,27.775
36.9,-43.56,6.72,14.26,6,12,1,0,69.871
26.96,-57.27,3.59,56.09,0,2,0,0,69.76
30.81,-58.37,0.16,41.21,5,11,1,0,64.209
34.24,22.1,2.49,46.98,2,2,0,0,64.453
44.97,9.99,1.71,61.13,4,1,0,1,92.963
45.48,-70.23,0.77,36.66,6,4,1,1,109.261
21.8,-63.89,3.83,57.92,2,4,0,0,71.772
36.95,8.74,0.76,65.91,3,12,0,0,66.758
37.5,-0.04,2.14,17.61,4,2,0,0,79.08
23.78,16.04,0.16,39.76,2,12,0,0,54.296
16.21,-55.07,2.21,17.65,1,11,0,0,55.474
13.39,21.72,1.02,10.59,4,6,0,0,54.976
38.43,51.05,0.72,14.35,1,9,0,1,84.881
28.65,4.15,1.02,60.34,4,7,0,0,59.459
45.51,-52.54,1.58,17.17,1,11,0,1,99.012
27.81,15.14,4.9,83.82,0,3,0,0,64.09
45.25,-31.97,1.93,74.55,0,12,0,1,95.357
25.99,-73.1,2.02,10.75,1,6,0,0,76.01
38.99,-37.67,0.0,58.73,0,12,0,1,95.798
14.88,46.78,3.77,10.87,2,12,0,0,46.813
30.89,-22.44,2.88,19.28,2,11,0,0,64.314
39.27,41.05,0.0,94.0,1,10,0,1,80.962
43.44,-8.79,6.4,48.85,3,6,0,1,94.288
39.97,-7.62,0.47,12.31,2,9,0,1,85.608
13.26,-79.27,0.0,82.28,0,3,0,0,65.33
24.67,9.19,6.81,87.97,2,4,0,0,53.609
13.66,-64.91,0.15,56.61,0,9,0,0,62.404
15.72,-12.98,1.55,70.01,5,10,1,0,31.652
34.96,-43.56,2.35,76.31,3,4,0,0,73.371
36.25,-25.07,0.35,72.45,4,12,0,0,76.155
38.31,-4.81,4.06,52.03,0,9,0,1,82.489
41.43,-77.98,2.13,80.78,3,12,0,1,98.856
37.14,-40.16,1.98,54.82,5,6,1,0,74.422
39.23,58.55,1.91,32.06,1,8,0,1,83.088
13.66,-71.96,1.46,10.35,6,8,1,0,43.416
19.97,-35.28,3.3,40.48,2,2,0,0,68.125
33.14,-35.0,0.0,17.02,0,4,0,0,80.797
41.18,-26.89,1.01,15.38,1,12,0,1,102.261
12.15,15.87,0.88,49.88,3,9,0,0,40.221
29.5,-45.32,1.06,90.21,6,7,1,0,57.959
35.03,-15.56,2.88,18.97,3,1,0,0,73.949
13.01,10.28,2.18,33.27,1,1,0,0,53.379
25.65,-34.87,1.2,80.56,2,7,0,0,59.455
42.45,52.83,1.57,44.16,6,1,1,1,81.256
34.83,57.15,3.11,74.5,6,2,1,0,61.291
20.08,-63.25,5.64,56.1,4,7,0,0,58.715
40.99,-31.87,0.22,61.33,6,12,1,1,79.888
23.83,-50.88,3.68,23.7,5,11,1,0,54.245
41.01,-53.85,0.65,39.94,2,6,0,1,107.139
22.16,-11.26,4.45,62.85,6,12,1,0,47.273
32.07,-1.06,2.07,12.28,0,8,0,0,75.558
25.5,-20.41,0.24,26.01,5,12,1,0,48.94
21.34,-41.84,2.27,42.85,4,3,0,0,70.449
42.14,-40.99,0.81,67.34,4,7,0,1,94.401
18.38,58.9,0.42,53.32,6,12,1,0,35.248
14.88,49.31,1.88,71.09,1,12,0,0,39.056
23.63,-69.37,0.93,71.78,1,11,0,0,59.636
36.4,11.92,0.0,12.64,4,2,0,0,76.152
39.45,-16.04,5.24,86.65,5,8,1,1,66.467
45.96,16.43,1.09,80.06,0,2,0,1,101.709
22.08,3.57,0.12,33.04,3,5,0,0,65.665
25.87,44.5,0.23,51.18,2,1,0,0,59.666
16.65,-70.62,0.98,36.19,5,10,1,0,45.818
31.55,-31.06,6.83,87.06,6,10,1,0,52.35
45.92,57.97,1.71,42.54,0,2,0,1,100.991
35.83,-54.48,0.0,43.66,4,11,0,0,74.971
32.24,-62.17,0.0,87.51,5,11,1,0,55.242
25.34,22.06,3.25,61.06,1,11,0,0,52.792
43.12,28.84,0.29,21.72,6,6,1,1,89.489
28.9,14.12,3.68,63.21,6,12,1,0,48.193
16.57,28.67,0.15,77.53,1,12,0,0,43.447
24.42,17.12,3.22,38.72,0,7,0,0,61.142
14.28,-60.99,0.42,54.8,4,5,0,0,62.728
18.87,5.15,1.24,63.28,6,10,1,0,33.185
12.6,28.76,1.23,53.39,4,1,0,0,45.424
27.41,41.17,1.2,94.93,5,5,1,0,55.649
33.57,-45.53,2.24,53.08,5,1,1,0,72.093
23.67,-62.16,0.0,64.69,1,10,0,0,57.302
26.29,29.35,0.42,77.46,0,1,0,0,61.71
44.61,-44.08,0.0,21.61,0,10,0,1,97.005
37.57,-75.53,5.44,13.73,6,7,1,0,82.144
30.39,35.53,1.01,92.7,6,6,1,0,51.118
21.67,-9.16,2.97,72.24,5,8,1,0,43.905
42.5,-34.27,0.0,43.43,0,1,0,1,106.046
19.99,-78.4,0.0,11.5,6,10,1,0,57.198
23.06,-75.05,1.18,24.14,6,4,1,0,69.232
42.91,30.97,1.17,10.83,5,11,1,1,83.991
30.0,-11.44,0.63,43.7,2,11,0,0,60.671
37.24,-59.04,1.57,57.16,0,7,0,0,86.926
32.09,-29.81,0.21,23.65,2,8,0,0,72.368
34.22,-56.86,5.51,64.39,1,12,0,0,65.268
22.18,-64.2,0.07,91.11,4,5,0,0,70.513
20.21,-41.32,2.15,94.19,6,5,1,0,52.949
22.96,-3.07,6.01,80.82,3,12,0,0,47.494
17.29,-50.6,0.35,47.73,0,5,0,0,63.337
41.73,-31.89,2.15,56.53,2,5,0,1,97.644
21.63,-13.09,0.13,52.78,5,1,1,0,46.412
31.09,-21.2,3.92,23.23,4,4,0,0,77.661
38.93,-61.99,0.0,82.63,0,3,0,1,96.907
38.65,-74.56,1.51,67.44,2,10,0,1,94.701
26.91,-75.04,3.2,64.22,2,7,0,0,71.613
28.19,-30.97,0.73,28.73,0,5,0,0,81.064
45.82,20.63,2.67,23.02,2,12,0,1,98.103
34.94,-61.62,8.22,84.21,5,6,1,0,65.431
39.7,30.18,0.12,25.25,0,5,0,1,93.943
42.69,20.19,3.37,16.27,3,9,0,1,87.862
38.78,-79.45,8.43,63.18,4,4,0,1,107.497
18.3,-76.26,1.1,69.87,4,6,0,0,66.117
31.11,-52.7,0.0,20.17,2,9,0,0,75.961
15.46,-72.14,0.79,27.58,4,4,0,0,67.412
34.2,-5.61,0.0,77.04,5,6,1,0,63.745
44.48,-74.45,3.65,89.01,4,1,0,1,97.404
29.43,32.37,2.52,50.5,5,10,1,0,51.496
26.72,-10.99,0.58,77.32,1,11,0,0,50.616
13.22,21.91,0.0,37.15,0,9,0,0,36.829
44.63,25.1,6.57,69.77,6,7,1,1,87.48
15.5,-9.05,0.45,57.36,5,11,1,0,35.661
13.4,49.55,3.76,81.67,3,11,0,0,35.082
20.37,58.63,2.76,75.95,3,6,0,0,46.204
14.23,-29.71,4.53,34.15,6,8,1,0,41.013
27.47,-62.38,1.58,22.7,6,12,1,0,65.967
29.55,-29.15,2.72,78.65,5,3,1,0,60.95
22.63,-48.73,0.61,12.79,4,10,0,0,66.171
13.73,-5.66,2.19,67.72,5,5,1,0,44.524
15.79,-27.03,6.2,50.45,4,2,0,0,54.645
25.07,-12.74,0.67,16.4,3,6,0,0,61.256
14.06,26.85,0.0,68.53,4,7,0,0,40.658
35.74,-41.64,0.0,51.04,0,9,0,0,80.27
19.04,-4.75,4.92,83.11,5,2,1,0,41.437
22.27,-33.08,8.07,27.73,2,7,0,0,60.475
25.4,29.89,4.15,10.2,3,8,0,0,56.445
26.16,9.54,0.66,21.09,4,8,0,0,58.557
12.06,-78.81,0.7,32.92,2,10,0,0,57.934
15.81,12.41,0.76,65.44,2,10,0,0,45.106
41.33,-56.18,4.63,40.82,1,6,0,1,106.153
12.04,21.43,3.17,20.05,0,4,0,0,55.063
29.28,-0.57,1.54,93.43,6,11,1,0,45.421
28.64,-23.79,0.22,19.2,3,11,0,0,65.775
23.33,17.17,0.13,40.19,4,2,0,0,57.481
26.67,39.92,4.16,84.51,1,6,0,0,53.09
38.54,29.02,0.0,65.47,5,10,1,1,76.771
40.6,-3.65,0.46,37.18,2,8,0,1,89.925
20.85,21.18,1.13,92.48,3,11,0,0,44.988
22.96,-22.05,1.01,52.59,3,3,0,0,65.781
20.24,30.46,4.21,10.69,5,12,1,0,45.622
28.32,36.07,0.0,10.52,0,3,0,0,75.2
35.23,-60.78,4.58,89.99,6,2,1,0,70.27
19.76,-46.68,0.48,33.9,0,9,0,0,56.74
23.25,-42.2,2.4,79.03,4,12,0,0,60.709
43.63,-56.75,3.73,13.7,1,5,0,1,109.934
13.65,-25.05,0.0,22.49,6,2,1,0,48.175
27.67,-52.98,0.0,82.83,4,11,0,0,58.831
36.19,3.38,5.84,94.5,6,2,1,0,56.437
17.12,-65.77,1.68,14.41,6,8,1,0,50.657
13.61,-42.21,1.31,24.25,1,2,0,0,59.1
16.7,13.17,0.07,71.45,1,8,0,0,46.345
43.24,-24.2,0.0,55.01,0,2,0,1,102.325
12.31,-21.0,0.8,44.51,5,5,1,0,51.733
18.4,31.71,4.05,26.53,0,6,0,0,58.898
13.06,57.83,2.88,90.36,1,11,0,0,33.069
15.76,-0.89,0.0,24.64,6,9,1,0,36.757
33.09,-68.93,1.99,32.55,4,12,0,0,80.064
20.22,-65.59,0.0,37.57,3,7,0,0,69.201
31.35,55.59,4.16,21.78,0,4,0,0,70.806
32.07,15.09,1.28,55.58,5,6,1,0,62.638
40.88,25.35,0.0,39.01,5,7,1,1,80.566
12.16,14.61,1.71,61.67,0,7,0,0,44.974
41.01,-54.85,0.73,41.27,5,11,1,1,92.11
33.05,-17.23,1.51,19.9,2,11,0,0,70.055
17.53,31.73,4.94,84.17,4,2,0,0,39.305
38.28,41.29,3.9,53.32,2,10,0,1,74.174
41.09,-46.77,3.76,37.36,0,4,0,1,108.521
20.64,3.43,4.32,11.39,5,8,1,0,37.248
43.24,-58.01,0.64,60.82,5,12,1,1,93.57
27.45,54.16,9.48,76.51,4,11,0,0,51.531
32.52,-44.69,0.88,65.26,1,6,0,0,80.155
45.48,21.73,11.89,76.96,3,1,0,1,86.151
24.29,-47.64,0.6,23.17,3,12,0,0,68.204
39.65,6.25,0.09,92.59,5,11,1,1,72.006
22.83,12.3,1.31,27.96,5,5,1,0,50.754
39.17,-34.02,0.0,32.68,6,2,1,1,93.536
32.42,34.64,1.65,53.55,4,7,0,0,70.803
19.36,43.95,4.29,10.44,6,10,1,0,41.753
26.08,39.71,0.0,47.61,5,6,1,0,53.766
22.8,-33.69,4.17,26.64,1,1,0,0,65.562
14.66,24.21,1.61,73.67,4,6,0,0,50.681
13.01,-1.67,0.66,74.41,0,7,0,0,47.309
23.78,2.97,6.17,62.34,5,12,1,0,44.859
12.65,-13.16,0.0,45.84,1,10,0,0,36.718
17.63,4.04,1.92,36.37,2,9,0,0,47.328
36.66,-61.01,1.09,80.33,4,5,0,0,86.56
36.08,-22.76,1.99,53.1,2,12,0,0,74.841
37.11,-55.13,4.68,52.2,4,3,0,0,87.009
22.78,-40.79,2.77,19.64,3,4,0,0,77.027
42.26,-62.11,0.07,28.56,4,11,0,1,95.665
32.19,-50.25,0.09,40.64,4,12,0,0,76.322
16.28,29.47,2.25,69.4,1,10,0,0,41.094
16.89,-3.02,1.97,81.85,4,9,0,0,43.153
35.57,-76.69,0.07,94.39,6,12,1,0,72.175
17.88,30.39,5.94,46.33,3,2,0,0,48.292
29.25,47.33,5.11,48.52,4,9,0,0,61.034
45.72,43.26,0.0,75.12,4,5,0,1,101.768
12.14,35.22,0.07,37.3,0,8,0,0,43.445
12.56,58.91,0.56,55.94,1,3,0,0,46.115
45.76,2.1,1.05,67.55,3,6,0,1,97.974
31.88,54.76,0.51,30.08,2,3,0,0,75.278
16.31,52.84,0.15,33.77,4,8,0,0,49.117
42.51,-36.15,0.0,40.28,6,12,1,1,86.452
41.93,40.88,1.98,59.1,5,1,1,1,84.094
30.23,30.95,3.0,32.99,1,12,0,0,61.26
33.14,28.61,1.7,27.69,2,8,0,0,71.145
21.29,45.48,0.0,22.71,1,1,0,0,63.628
13.72,-26.21,2.46,78.79,0,7,0,0,44.687
32.22,-23.99,0.0,85.31,5,2,1,0,62.421
22.02,9.61,10.06,86.9,4,10,0,0,42.872
34.56,23.29,4.1,79.84,1,4,0,0,71.193
40.43,43.16,0.18,21.67,4,1,0,1,89.868
12.62,42.62,0.0,18.31,3,11,0,0,46.284
32.25,20.99,0.52,52.43,6,7,1,0,55.477
19.86,53.96,1.95,54.32,4,8,0,0,49.296
41.71,-54.99,2.48,72.29,1,10,0,1,89.049
20.62,53.05,0.22,28.94,3,7,0,0,59.067
32.77,-71.01,1.74,89.13,1,10,0,0,67.866
30.82,-2.21,0.0,36.34,6,8,1,0,58.262
25.47,-67.37,3.21,59.11,3,1,0,0,68.269
35.04,-0.48,1.44,83.46,6,12,1,0,51.935
36.68,-25.38,1.34,54.49,3,12,0,0,74.19
31.28,-68.57,0.88,74.05,3,4,0,0,77.904
37.79,10.74,3.82,73.67,1,8,0,0,71.667
45.44,22.37,5.16,77.15,6,2,1,1,84.651
26.26,-55.61,0.0,78.94,4,4,0,0,71.319
29.5,17.22,0.54,43.36,2,8,0,0,60.544
12.42,-54.93,0.0,40.9,5,5,1,0,52.62
39.06,-60.76,0.41,78.3,1,12,0,1,96.827
29.69,-59.37,0.22,59.28,0,1,0,0,72.329
25.87,3.87,0.0,61.66,4,9,0,0,52.376
15.2,29.03,0.0,45.01,5,8,1,0,37.018
42.25,3.57,2.72,27.14,4,11,0,1,93.975
25.43,33.31,0.69,48.84,4,10,0,0,56.6
35.21,2.81,2.48,92.42,1,11,0,0,64.325
17.08,31.62,0.79,34.72,1,10,0,0,45.538
44.69,56.71,0.93,33.12,2,3,0,1,107.093
18.07,-25.27,1.63,21.12,1,6,0,0,65.351
18.78,-59.01,0.0,50.9,1,9,0,0,59.549
41.21,-61.04,2.52,34.53,0,12,0,1,103.932
43.03,3.65,0.0,68.41,1,11,0,1,84.575
19.21,-3.41,0.0,21.49,3,8,0,0,59.38
27.97,-54.21,0.0,31.02,2,2,0,0,76.819
36.94,43.49,1.77,15.26,3,6,0,0,80.865
41.86,53.94,0.17,13.53,6,8,1,1,86.492
24.89,-44.55,1.45,79.2,0,10,0,0,53.551
29.58,-51.04,1.19,87.0,5,4,1,0,66.046
37.22,-50.05,0.84,74.93,0,6,0,0,83.61
36.86,-25.76,0.0,83.54,3,10,0,0,67.037
38.62,39.45,0.0,17.36,0,11,0,1,88.609
31.38,3.43,0.83,86.34,3,3,0,0,71.638
15.56,-70.54,2.7,49.61,6,4,1,0,53.401
42.74,-13.78,0.38,75.33,0,5,0,1,95.112
41.43,-67.35,0.51,62.34,3,8,0,1,97.528
39.14,-23.13,0.84,39.74,3,9,0,1,91.525
15.4,-23.51,0.93,32.51,3,10,0,0,50.614
18.95,10.77,0.13,20.04,4,7,0,0,57.654
37.28,-3.08,0.92,45.08,2,12,0,0,73.829
12.79,42.47,4.43,52.0,5,2,1,0,37.945
45.29,-77.72,0.0,93.56,1,7,0,1,103.592
24.82,28.36,1.45,13.17,2,3,0,0,64.738
36.46,-76.83,4.31,60.16,3,7,0,0,78.523
42.18,-37.4,7.95,54.62,6,11,1,1,79.286
25.42,43.15,2.14,11.95,3,11,0,0,60.344
22.85,16.66,0.82,38.03,5,12,1,0,47.12
32.7,-55.92,0.0,45.95,0,6,0,0,82.827
31.75,-11.29,0.0,52.01,0,9,0,0,61.334
25.91,21.07,0.15,29.84,3,6,0,0,73.788
32.46,51.23,0.64,12.9,6,1,1,0,59.686
43.8,8.8,6.18,34.98,1,4,0,1,99.563
27.9,-76.55,1.18,81.09,1,9,0,0,69.897
18.69,-10.04,1.51,78.67,1,1,0,0,49.567
24.83,-58.59,1.8,25.36,6,8,1,0,56.377
25.4,-73.31,0.05,64.94,0,6,0,0,77.773
16.46,3.79,0.0,88.51,4,5,0,0,45.615
17.54,28.77,0.24,24.63,2,9,0,0,53.858
35.28,-74.95,5.38,20.94,2,3,0,0,91.086
23.54,29.7,0.0,11.88,4,4,0,0,67.237
44.47,18.89,0.29,24.65,3,2,0,1,96.886
20.28,25.28,0.44,79.19,0,2,0,0,50.493
15.36,-45.74,2.14,79.19,3,2,0,0,54.455
37.62,-24.9,1.56,55.94,0,2,0,0,86.828
41.96,-63.23,2.13,38.35,5,8,1,1,93.7
21.46,-46.56,2.01,78.58,6,4,1,0,56.527
18.87,-37.61,2.0,26.58,5,5,1,0,58.714
18.32,-35.28,0.0,21.89,2,10,0,0,62.752
29.75,-55.49,9.12,17.58,2,7,0,0,72.061
27.93,-53.58,2.88,82.36,4,1,0,0,71.703
20.82,46.21,0.37,70.76,5,7,1,0,42.074
13.54,29.75,3.23,63.09,5,8,1,0,29.07
28.37,-31.77,5.3,71.83,3,8,0,0,59.957
44.62,52.67,6.07,22.2,5,11,1,1,81.942
34.19,-46.55,4.57,42.71,2,8,0,0,75.255
28.85,-23.05,1.11,79.2,5,10,1,0,41.872
15.76,33.89,0.3,87.93,1,7,0,0,44.288
20.58,-18.0,0.33,53.61,3,8,0,0,51.776
22.02,-47.15,6.61,20.38,5,2,1,0,56.516
38.0,-28.41,4.34,93.17,1,12,0,1,78.503
41.81,-9.9,1.0,43.58,4,1,0,1,93.314
42.66,6.89,0.76,37.11,1,12,0,1,89.932
45.48,-23.22,0.7,20.2,3,7,0,1,102.699
45.4,-19.62,1.91,11.07,2,5,0,1,103.714
44.4,-43.05,6.35,61.31,4,6,0,1,101.675
14.44,-5.05,0.3,62.06,5,1,1,0,35.474
16.68,-49.28,2.75,29.91,6,5,1,0,49.82
22.35,41.45,1.49,23.77,2,1,0,0,56.679
30.8,24.63,1.44,54.88,1,6,0,0,64.963
15.3,-22.56,6.02,47.01,6,2,1,0,42.731
40.76,24.61,4.84,35.81,2,2,0,1,91.514
32.97,-79.02,2.52,28.55,4,9,0,0,73.894
30.44,-31.77,0.73,83.04,2,3,0,0,69.114
17.62,-18.36,1.42,93.63,5,5,1,0,39.324
20.61,-14.23,0.0,40.22,0,8,0,0,59.675
17.45,24.82,2.38,69.34,0,7,0,0,52.191
40.97,54.79,4.92,83.57,2,7,0,1,89.319
31.86,-26.8,0.94,12.29,2,6,0,0,76.987
36.99,-30.92,3.72,87.19,5,8,1,0,64.849
22.07,5.47,0.0,52.43,3,8,0,0,53.786
24.62,-40.62,2.57,57.32,1,2,0,0,64.106
25.77,-60.21,0.03,55.89,0,12,0,0,66.333
37.84,54.62,0.0,30.65,5,10,1,0,61.388
38.26,33.33,0.57,76.49,3,6,0,1,88.235
19.03,54.19,1.21,72.25,6,5,1,0,45.808
44.01,-49.5,1.13,18.14,2,9,0,1,101.922
16.1,-77.51,5.85,57.84,1,8,0,0,54.596
42.47,-18.78,0.97,91.35,1,10,0,1,89.45
15.41,50.71,0.0,84.05,2,6,0,0,46.676
20.99,-60.63,0.31,63.2,0,6,0,0,67.357
40.78,-63.59,1.52,26.89,0,6,0,1,108.189
18.1,-70.35,1.87,39.51,5,4,1,0,61.446
26.06,27.1,0.0,22.78,4,10,0,0,53.277
27.3,30.03,1.5,79.86,3,10,0,0,48.171
20.34,17.35,0.65,76.19,3,2,0,0,61.118
36.15,-72.54,0.06,87.38,3,2,0,0,78.23
40.95,21.26,2.16,15.39,4,1,0,1,95.325
41.74,-17.19,0.71,92.0,2,4,0,1,97.154
23.54,-57.89,2.16,92.15,5,2,1,0,59.586
30.05,-38.68,6.39,67.32,0,7,0,0,68.699
20.45,-9.84,0.35,84.95,5,12,1,0,46.05
20.32,-33.85,0.0,47.27,5,9,1,0,47.463
17.48,55.76,5.38,36.64,3,12,0,0,50.463
43.96,-13.54,1.99,23.12,2,2,0,1,105.851
42.19,-27.9,0.27,12.68,6,9,1,1,92.508
38.43,14.24,0.0,13.57,5,9,1,1,79.55
29.6,11.08,2.12,68.78,6,6,1,0,55.795
28.68,-79.66,0.02,38.61,0,9,0,0,73.899
30.01,6.59,0.8,14.6,4,2,0,0,72.234
30.24,-45.87,0.84,19.54,0,8,0,0,75.52
26.78,-27.47,7.3,66.55,0,10,0,0,48.685
16.48,18.89,0.67,89.79,0,5,0,0,50.145
16.27,-1.97,1.71,44.68,5,3,1,0,48.907
44.38,-28.39,2.27,76.1,5,1,1,1,83.539
28.39,-56.56,3.5,92.75,6,4,1,0,59.517
44.41,-9.23,0.6,70.21,4,10,0,1,92.076
17.56,-35.29,0.0,71.46,3,11,0,0,53.475
30.85,47.81,0.39,62.35,1,8,0,0,59.194
19.06,-5.19,6.48,93.1,4,4,0,0,51.074
20.61,41.23,0.0,35.48,6,4,1,0,52.092
13.02,-25.37,3.35,76.55,2,11,0,0,43.484
16.04,35.84,0.0,45.28,4,8,0,0,44.711
43.17,-72.08,9.69,23.21,3,10,0,1,97.699
22.93,-38.26,1.48,72.85,3,5,0,0,69.59
32.68,-69.06,2.45,80.5,5,11,1,0,58.695
27.81,-75.57,0.32,83.41,2,6,0,0,73.205
25.62,48.64,7.54,88.36,6,9,1,0,36.835
30.08,20.36,0.0,73.32,6,11,1,0,52.379
18.37,7.52,0.0,54.85,0,5,0,0,53.516
45.61,-5.45,7.54,89.79,3,10,0,1,80.637
39.82,-0.26,0.0,27.81,0,8,0,1,93.002
37.21,9.42,0.0,16.57,2,6,0,0,82.599
27.94,35.72,0.38,46.69,2,10,0,0,57.393
17.2,3.56,1.16,59.49,4,6,0,0,51.025
43.3,24.8,1.27,67.8,2,9,0,1,86.58
23.61,-40.66,6.6,79.31,2,1,0,0,52.896
13.7,56.75,0.0,12.27,5,11,1,0,37.515
23.64,-75.53,5.89,78.17,5,12,1,0,58.004
39.01,-25.88,1.53,61.01,0,12,0,1,85.733
33.17,43.49,0.22,91.0,2,11,0,0,55.803
37.53,-54.73,7.8,39.57,5,9,1,0,65.604
38.98,-60.21,5.14,62.44,0,9,0,1,90.683
19.21,-28.84,0.41,75.16,3,12,0,0,57.328
43.41,-20.05,0.0,53.89,3,9,0,1,89.284
26.89,50.68,1.13,23.25,4,4,0,0,66.294
33.73,37.06,1.27,14.23,4,2,0,0,78.245
12.08,-15.03,2.37,19.47,3,12,0,0,44.287
45.77,56.22,0.0,52.07,2,2,0,1,102.313
21.55,9.92,0.0,64.37,5,11,1,0,39.332
14.11,42.31,3.18,58.49,2,12,0,0,42.325
27.58,-45.55,8.79,70.6,3,1,0,0,57.996
16.39,-11.55,0.81,13.31,2,10,0,0,50.737
17.18,-75.84,5.74,21.59,2,8,0,0,61.756
33.5,-78.76,0.0,74.7,4,5,0,0,84.514
25.36,18.76,1.84,76.4,4,7,0,0,51.436
43.34,-63.44,0.31,69.69,6,6,1,1,97.323
22.85,-3.31,4.56,73.36,3,10,0,0,48.278
36.69,17.44,3.33,91.89,5,5,1,0,60.931
27.68,-75.49,0.5,90.26,2,2,0,0,72.073
34.44,-17.18,0.51,64.78,6,5,1,0,69.28
32.39,15.78,2.44,37.14,6,7,1,0,63.819
28.07,44.56,0.0,11.2,4,6,0,0,73.349
44.3,-38.11,0.69,63.69,5,7,1,1,92.621
23.65,56.39,6.35,46.66,4,12,0,0,50.733
18.03,38.24,7.54,22.5,1,5,0,0,55.394
35.06,11.09,2.43,28.3,6,10,1,0,52.242
40.76,-25.13,2.33,89.6,5,12,1,1,77.973
13.37,19.56,0.78,15.63,2,10,0,0,47.051
27.29,34.27,2.35,76.94,1,7,0,0,57.385
42.34,-37.54,0.0,86.67,4,12,0,1,90.451
37.49,59.0,0.19,68.51,3,5,0,0,74.081
45.72,47.21,9.95,15.21,5,4,1,1,93.279
30.07,-12.03,0.0,81.9,1,11,0,0,54.169
34.44,21.2,0.88,65.53,3,12,0,0,61.752
22.28,-6.64,1.84,33.55,0,2,0,0,67.291
44.22,26.53,0.83,63.52,4,4,0,1,95.854
24.46,35.78,0.0,21.61,2,4,0,0,65.366
37.11,-76.75,1.57,70.15,1,10,0,0,78.543
25.71,-68.92,9.93,86.75,3,4,0,0,67.083
31.1,-32.89,1.44,54.34,3,8,0,0,68.056
36.47,48.47,2.5,90.93,2,12,0,0,65.821
29.3,-24.24,0.35,47.24,6,11,1,0,48.956
42.84,44.25,1.82,82.89,0,11,0,1,87.138
26.26,-15.26,11.06,75.76,2,7,0,0,52.303
34.0,-39.56,9.49,17.52,1,8,0,0,71.385
23.64,46.09,1.34,87.58,6,9,1,0,43.794
25.88,-1.51,1.91,87.39,1,4,0,0,56.403
26.96,-29.53,1.54,39.87,1,7,0,0,68.981
16.28,-73.78,1.14,77.44,4,6,0,0,65.089
15.12,-64.47,0.0,29.09,1,10,0,0,53.712
34.69,-60.5,0.0,12.58,1,7,0,0,83.541
34.29,-28.92,6.27,27.67,1,6,0,0,76.085
34.54,5.03,2.5,51.14,3,7,0,0,66.401
12.67,-36.94,0.0,14.91,5,3,1,0,52.941
23.1,-70.83,1.49,23.6,3,4,0,0,80.919
18.73,-42.93,0.47,90.79,6,10,1,0,37.846
38.46,-22.78,2.29,51.98,1,2,0,1,97.2
41.26,58.92,3.34,79.96,5,9,1,1,77.405
20.39,-24.98,2.7,27.56,5,11,1,0,47.432
34.71,-67.51,0.47,17.52,0,9,0,0,83.789
16.4,1.36,2.86,76.35,4,8,0,0,39.623
21.36,48.75,8.82,39.65,6,9,1,0,28.259
16.71,30.14,8.04,49.08,4,2,0,0,50.184
21.64,37.07,0.0,94.33,1,2,0,0,55.515
34.94,49.95,3.81,36.91,3,12,0,0,67.836
42.95,9.12,1.41,50.22,6,6,1,1,89.403
18.89,59.29,0.0,63.96,2,5,0,0,53.885
30.43,-75.34,1.88,17.57,3,2,0,0,86.475
35.85,36.88,2.29,70.9,4,9,0,0,67.374
44.4,39.98,1.55,48.4,5,1,1,1,88.627
32.74,48.34,4.94,24.88,6,3,1,0,68.342
20.67,-13.06,0.0,46.6,4,3,0,0,66.447
33.27,30.29,0.81,49.16,3,12,0,0,61.405
22.9,-52.69,0.46,64.46,2,12,0,0,63.525
45.19,4.44,0.0,89.66,4,1,0,1,89.586
25.59,-29.79,0.0,75.03,0,2,0,0,62.842
35.3,3.46,0.0,42.51,3,12,0,0,67.985
12.79,14.58,5.98,92.42,2,8,0,0,39.342
25.6,-31.41,1.98,77.22,6,9,1,0,44.702
41.75,-49.73,0.1,12.38,5,7,1,1,91.902
32.75,-34.96,0.34,19.91,1,3,0,0,78.348
27.09,12.95,2.48,28.53,4,9,0,0,59.107
43.82,14.76,11.69,17.1,3,3,0,1,95.082
41.04,23.78,0.15,51.26,5,1,1,1,76.521
22.96,-62.28,2.62,38.96,3,11,0,0,58.201
30.51,34.59,0.0,92.7,4,5,0,0,66.098
28.65,16.34,0.0,50.18,5,1,1,0,57.525
33.49,-75.73,1.29,28.03,5,6,1,0,77.749
23.36,-33.02,0.08,92.51,5,2,1,0,54.84
20.3,-14.66,3.33,53.68,2,6,0,0,60.043
43.03,-29.51,0.0,16.21,5,9,1,1,87.249
43.41,-63.56,1.88,16.87,2,5,0,1,113.513
40.67,-50.97,5.5,67.4,5,1,1,1,85.016
45.26,-76.56,0.0,52.06,6,11,1,1,97.01
37.33,-66.97,0.46,63.06,3,7,0,0,81.606
38.0,-42.72,2.2,82.22,6,1,1,0,63.328
37.93,34.8,0.64,67.92,1,7,0,0,71.684
28.34,-6.27,5.33,83.25,2,12,0,0,57.751
27.52,-20.57,0.0,73.13,6,1,1,0,55.108
20.17,12.7,1.01,67.32,5,10,1,0,39.878
33.92,-4.19,0.0,21.45,2,5,0,0,81.729
21.84,-61.59,2.58,51.04,3,9,0,0,59.993
20.77,-48.83,0.63,46.81,0,1,0,0,62.394
31.92,-48.85,3.49,55.96,5,11,1,0,56.989
25.94,3.99,1.3,43.25,0,12,0,0,53.449
19.44,-15.37,1.28,62.74,3,7,0,0,57.101
39.75,-25.74,0.47,43.36,3,3,0,1,99.419
41.26,-2.07,0.24,57.4,4,2,0,1,88.744
17.7,55.82,0.0,43.56,2,9,0,0,50.283
12.26,-36.01,0.65,86.65,0,10,0,0,41.721
23.43,-7.17,0.18,41.74,4,9,0,0,57.425
39.12,-12.75,4.4,72.13,6,6,1,1,79.267
40.53,20.33,4.99,62.17,4,10,0,1,78.266
16.7,22.24,3.89,42.77,0,9,0,0,45.765
38.33,22.07,1.92,78.65,0,5,0,1,92.071
15.93,-51.79,2.26,88.84,1,10,0,0,45.247
25.26,-17.13,1.73,74.64,2,3,0,0,68.023
45.95,33.56,0.61,90.63,0,10,0,1,90.262
18.55,-26.59,0.0,47.09,6,7,1,0,49.173
17.23,57.8,3.7,87.67,5,9,1,0,26.616
26.38,-28.93,2.6,84.48,5,9,1,0,42.871
33.07,-10.33,0.36,74.8,6,2,1,0,64.451
43.72,-13.57,0.7,80.99,6,10,1,1,70.513
45.35,-19.29,4.58,72.06,1,10,0,1,88.562
14.37,38.39,0.47,53.55,0,1,0,0,47.91
16.69,-58.26,1.07,56.96,5,3,1,0,53.99
38.89,-0.53,1.75,45.5,6,10,1,1,73.179
21.2,6.6,1.02,66.46,4,5,0,0,58.786
42.08,39.17,0.86,37.61,6,2,1,1,85.431
34.56,5.29,1.75,72.87,4,11,0,0,64.058
15.8,54.4,3.02,52.93,3,7,0,0,48.422
40.31,42.1,2.09,40.02,0,5,0,1,96.619
18.0,-31.18,6.21,22.51,4,7,0,0,53.945
26.4,40.39,10.66,31.72,2,5,0,0,61.994
30.77,54.19,0.0,64.42,1,2,0,0,73.815
29.03,-43.99,2.44,41.44,6,7,1,0,59.458
35.33,5.43,0.33,12.82,4,12,0,0,77.208
34.19,-40.55,1.36,38.03,3,12,0,0,69.092
45.73,10.94,0.0,41.14,5,8,1,1,83.997
45.98,-66.89,0.82,29.92,5,2,1,1,104.238
29.56,22.79,0.46,34.34,3,3,0,0,74.254
15.24,-21.23,2.04,69.92,6,4,1,0,44.91
36.75,2.22,3.55,73.43,0,1,0,0,73.285
45.21,-76.38,0.0,91.51,3,2,0,1,107.091
22.82,17.36,0.0,20.04,2,10,0,0,54.07
27.68,-10.56,4.01,36.5,0,6,0,0,66.697
26.44,7.54,0.67,16.55,5,11,1,0,57.445
13.75,-35.81,1.74,62.13,0,1,0,0,47.859
34.86,-59.59,0.22,11.39,4,2,0,0,87.095
24.01,-19.04,1.53,27.46,5,9,1,0,46.679
38.77,52.16,0.47,59.89,3,4,0,1,95.379
40.29,-48.11,0.57,40.49,1,3,0,1,101.767
39.92,14.62,0.31,56.27,6,8,1,1,82.719
26.17,-73.02,2.6,64.42,4,11,0,0,65.539
22.93,20.53,0.0,81.31,0,6,0,0,58.535
37.46,-46.62,4.32,43.39,5,10,1,0,67.471
39.25,-16.79,0.61,33.71,1,5,0,1,99.309
28.7,-28.51,0.25,55.8,4,11,0,0,62.902
42.36,-64.2,2.67,15.92,1,6,0,1,110.568
16.89,-31.62,9.53,13.56,4,2,0,0,59.313
41.89,-30.98,0.0,48.44,5,7,1,1,87.404
15.27,-6.91,4.22,28.54,5,4,1,0,43.982
17.22,56.13,3.99,10.61,5,3,1,0,52.255
30.15,-14.2,1.84,67.75,4,3,0,0,69.676
14.3,48.02,4.7,79.37,5,5,1,0,31.207
13.8,-15.38,2.08,22.57,6,1,1,0,40.159
12.02,-64.94,6.79,57.93,6,1,1,0,46.621
26.83,-47.78,0.28,93.64,5,8,1,0,52.659
38.34,-22.95,3.42,32.84,3,1,0,1,91.096
13.18,-34.45,2.25,72.12,2,10,0,0,37.086
34.18,41.22,11.15,23.78,2,12,0,0,61.9
39.99,15.01,0.0,89.23,4,3,0,1,87.149
17.71,0.96,0.89,10.04,4,1,0,0,56.447
16.99,-11.23,2.2,35.05,2,3,0,0,57.901
41.27,-24.38,1.17,93.0,2,1,0,1,89.278
39.99,5.71,0.0,67.01,5,4,1,1,83.604
30.32,-62.55,0.51,28.01,3,11,0,0,78.581
39.85,-57.25,1.18,77.27,0,10,0,1,89.559
15.15,-37.56,0.43,86.34,0,12,0,0,45.947
25.41,-56.03,1.52,51.42,2,10,0,0,61.926
37.09,14.79,2.22,23.26,2,11,0,0,69.51
20.75,-76.53,1.38,31.98,5,8,1,0,59.688
37.58,-57.58,0.75,90.16,3,2,0,0,84.723
29.14,46.37,1.04,23.69,2,10,0,0,63.237
37.51,59.66,4.34,36.51,0,8,0,0,78.745
27.8,-11.74,4.79,22.37,0,12,0,0,57.944
24.51,-10.65,0.07,18.98,6,9,1,0,50.227
19.45,28.28,2.57,54.37,6,7,1,0,39.666
19.08,-74.93,0.0,43.72,0,10,0,0,68.22
37.55,-20.22,2.28,13.92,3,8,0,0,77.862
16.04,-66.02,0.33,22.34,6,2,1,0,50.875
14.92,-23.87,0.86,13.2,4,8,0,0,54.189
17.99,57.74,0.0,12.09,0,5,0,0,62.892
17.96,25.51,0.33,25.17,3,2,0,0,59.277
39.99,57.91,0.91,73.21,6,4,1,1,81.285
25.55,24.45,0.0,11.26,2,11,0,0,60.284
45.67,5.14,1.16,35.88,3,8,0,1,94.114
16.67,25.59,1.97,58.01,2,1,0,0,45.37
34.22,12.27,0.42,73.21,1,5,0,0,73.031
27.26,-15.03,0.0,67.62,6,9,1,0,48.129
25.36,-39.04,0.0,94.02,1,7,0,0,64.669
41.75,-7.18,0.36,33.43,4,10,0,1,89.585
45.17,-43.81,2.09,10.01,2,8,0,1,106.814
41.68,-11.87,2.31,13.25,4,1,0,1,93.74
18.54,-59.54,6.63,18.29,5,11,1,0,53.561
19.51,-0.84,3.17,92.9,3,7,0,0,43.606
34.31,-45.66,0.27,58.45,1,12,0,0,76.798
21.83,-38.89,4.14,77.95,2,3,0,0,62.914
36.98,-10.14,0.13,93.73,1,9,0,0,64.674
31.26,-57.25,2.26,81.76,4,1,0,0,74.032
30.73,54.73,1.22,44.65,4,2,0,0,61.865
40.17,-17.43,0.36,84.45,1,11,0,1,82.369
36.16,-30.68,5.44,46.87,4,11,0,0,72.081
12.9,-75.91,0.25,19.69,3,12,0,0,65.555
13.68,38.06,0.41,56.59,2,3,0,0,50.234
32.45,7.62,1.84,87.84,6,11,1,0,39.67
28.53,-21.7,5.35,76.69,0,1,0,0,61.158
20.85,-45.63,2.09,44.16,5,5,1,0,58.842
26.23,24.32,0.0,82.66,3,6,0,0,63.2
37.77,52.37,0.0,49.46,1,10,0,0,68.054
40.1,-26.69,5.96,68.19,1,9,0,1,80.582
31.08,-61.12,0.61,38.32,1,5,0,0,86.494
25.1,-64.71,0.0,26.55,4,2,0,0,78.549
21.2,-79.11,0.04,36.64,4,5,0,0,73.565
29.75,24.15,0.12,84.39,1,4,0,0,68.715
22.7,57.4,1.08,94.13,2,9,0,0,43.67
31.18,58.99,0.48,32.43,6,1,1,0,57.646
35.01,29.79,5.3,24.06,4,5,0,0,74.356
14.25,-57.29,8.79,16.04,4,8,0,0,52.347
12.04,56.88,1.2,74.07,0,8,0,0,41.796
19.22,-34.11,0.28,54.88,3,9,0,0,46.987
42.41,-33.29,0.0,57.27,2,4,0,1,107.829
33.97,16.23,0.0,13.84,5,7,1,0,66.073
17.85,-73.13,1.44,16.89,1,2,0,0,69.022
42.27,35.61,2.08,87.74,6,6,1,1,80.904
27.98,59.62,0.0,59.02,6,12,1,0,46.084
28.19,28.51,3.18,28.63,5,11,1,0,44.914
43.81,29.43,1.0,27.63,3,8,0,1,91.093
14.02,-25.36,7.45,30.48,4,6,0,0,46.269
19.32,-70.77,1.55,15.42,6,11,1,0,49.626
31.92,30.97,4.59,14.23,6,6,1,0,57.181
18.65,3.6,0.9,71.2,5,10,1,0,38.422
35.1,47.31,2.65,32.42,1,7,0,0,67.313
19.28,-63.77,0.16,42.68,2,1,0,0,64.707
15.37,-37.28,6.18,55.68,5,9,1,0,40.783
19.04,-29.51,0.0,37.21,0,11,0,0,57.864
26.37,15.66,0.61,50.7,4,10,0,0,53.365
17.99,30.28,0.0,83.53,2,8,0,0,43.134
16.58,54.54,2.94,30.75,3,1,0,0,50.734
41.25,-38.64,0.25,77.26,6,1,1,1,92.643
22.89,-10.89,0.0,32.44,6,11,1,0,47.421
24.27,-75.95,1.24,25.89,2,6,0,0,79.327
13.88,-44.58,1.38,16.18,4,6,0,0,67.941
24.15,-27.64,1.29,68.16,0,8,0,0,59.35
21.0,3.13,0.0,44.99,5,11,1,0,45.332
32.76,-14.08,2.3,75.49,0,6,0,0,72.011
18.98,-28.97,1.93,21.28,6,7,1,0,51.812
42.2,7.37,4.64,61.28,2,7,0,1,85.948
43.61,36.01,3.91,11.1,4,6,0,1,96.453
15.39,-46.16,7.48,29.88,4,8,0,0,50.074
15.65,-32.0,3.26,61.82,1,3,0,0,58.967
15.92,18.69,0.49,14.76,5,5,1,0,52.236
33.07,28.91,0.94,42.06,1,6,0,0,76.129
16.15,35.56,0.0,57.74,6,7,1,0,38.504
40.98,-50.69,6.62,71.84,3,6,0,1,99.111
37.65,-4.5,0.51,69.98,3,6,0,0,76.557
39.87,46.0,5.21,22.6,1,11,0,1,85.138
29.89,-25.13,4.59,16.39,0,10,0,0,64.974
45.89,-19.82,1.15,41.99,4,11,0,1,91.117
13.5,57.88,1.59,30.47,5,8,1,0,35.608
25.64,-64.17,0.88,35.98,5,6,1,0,67.004
23.01,18.78,0.0,39.11,6,6,1,0,55.303
44.25,39.03,3.94,43.76,2,11,0,1,92.622
31.61,-58.89,1.61,54.08,3,8,0,0,73.444
39.41,20.02,0.89,10.79,6,11,1,1,85.847
17.79,-14.24,0.11,35.33,3,11,0,0,50.535
45.27,39.4,0.33,32.47,5,12,1,1,90.392
28.95,47.04,0.0,30.08,4,7,0,0,65.767
28.78,42.15,4.12,77.03,6,5,1,0,50.04
45.01,-70.99,0.0,31.36,2,11,0,1,104.619
24.94,25.96,0.0,22.83,1,3,0,0,72.26
25.52,49.01,0.0,82.41,6,4,1,0,51.509
31.88,6.99,1.28,42.55,3,12,0,0,62.761
16.35,4.12,1.27,25.64,1,9,0,0,46.222
22.92,-73.7,1.34,73.85,4,8,0,0,62.176
18.57,39.84,0.0,65.86,5,7,1,0,45.371
15.51,-73.5,0.73,90.35,5,6,1,0,56.957
41.45,-36.11,7.15,84.61,2,11,0,1,85.304
32.04,49.62,0.46,69.02,6,5,1,0,62.135
24.19,52.96,1.51,23.68,0,6,0,0,67.863
25.89,58.87,1.09,51.07,6,2,1,0,53.299
26.67,-13.3,4.46,20.1,1,2,0,0,64.792
33.53,-55.16,2.47,56.7,1,3,0,0,80.61
43.51,-11.69,0.21,87.93,2,4,0,1,99.192
43.71,-65.68,0.89,10.32,2,4,0,1,118.028
25.31,42.16,0.0,84.46,0,9,0,0,45.641
23.19,-1.52,0.41,55.84,5,7,1,0,46.725
27.34,-23.37,5.05,22.86,0,1,0,0,65.362
31.31,-68.87,3.85,82.75,0,7,0,0,76.777
27.7,-23.27,0.13,55.64,0,1,0,0,64.665
34.4,41.27,0.0,48.09,6,7,1,0,59.21
30.85,18.48,0.84,52.48,0,1,0,0,64.732
22.9,-68.46,0.0,22.53,5,1,1,0,66.591
23.75,-57.61,3.54,19.58,4,10,0,0,66.891
24.87,-25.08,0.15,66.23,5,1,1,0,54.767
15.22,-65.81,0.96,84.84,3,12,0,0,55.58
17.65,50.77,0.12,69.03,6,6,1,0,45.797
36.59,11.32,1.47,81.47,3,10,0,0,56.099
25.23,-66.72,3.51,81.81,1,3,0,0,72.765
19.29,30.33,0.48,12.72,6,6,1,0,49.113
31.13,-28.42,0.08,75.53,2,11,0,0,58.99
37.69,-45.72,0.0,75.63,0,1,0,0,79.072
20.75,-0.2,0.12,39.75,4,6,0,0,60.802
40.11,-78.13,6.24,44.84,2,2,0,1,109.432
43.54,-14.84,0.0,73.37,5,5,1,1,86.925
32.31,38.13,0.62,93.86,1,12,0,0,60.933
34.74,49.93,0.0,93.97,5,7,1,0,63.07
13.79,-32.04,2.8,50.28,5,5,1,0,53.205
44.15,9.94,0.0,77.11,0,8,0,1,79.063
25.34,-48.24,3.37,49.62,4,4,0,0,79.397
43.41,-1.57,1.4,83.61,4,1,0,1,92.879
31.69,-44.44,2.16,65.23,6,7,1,0,54.939
12.16,-0.01,3.07,89.61,2,9,0,0,30.297
13.31,-55.96,2.24,94.77,3,3,0,0,58.395
35.13,51.77,4.57,38.07,2,2,0,0,73.875
31.13,44.17,0.25,93.24,2,8,0,0,56.036
12.9,-32.83,5.78,68.86,6,5,1,0,41.613
37.28,28.73,3.17,30.24,4,12,0,0,72.644
40.97,-66.63,0.3,10.26,1,5,0,1,111.459
28.88,23.65,2.39,68.13,6,5,1,0,55.409
27.84,-40.46,3.14,28.9,0,7,0,0,74.566
12.19,-61.01,1.26,29.67,6,12,1,0,42.402
38.75,14.95,1.15,56.93,2,9,0,1,77.956
23.24,-14.23,0.37,12.63,4,8,0,0,58.932
41.88,-5.78,0.0,45.39,6,10,1,1,75.809
24.68,-7.13,2.21,77.95,6,10,1,0,38.062
31.21,-71.68,0.0,12.32,1,7,0,0,78.191
21.19,-72.81,6.63,63.04,2,4,0,0,69.42
17.46,4.16,7.08,23.46,0,2,0,0,56.745
38.35,7.34,2.01,83.34,4,7,0,1,80.796
28.88,-73.4,2.51,43.21,2,9,0,0,68.982
30.24,-27.02,1.01,79.03,6,5,1,0,61.099
44.82,5.8,0.0,71.52,4,6,0,1,93.449
44.76,11.94,5.41,84.62,3,6,0,1,94.892
41.09,35.96,0.03,53.93,1,8,0,1,85.325
18.38,-21.1,0.0,51.32,2,10,0,0,47.492
32.21,-3.24,6.01,13.18,5,6,1,0,61.393
41.86,1.0,4.64,55.37,1,7,0,1,92.562
24.73,-36.31,0.0,54.37,5,5,1,0,61.011
15.44,-72.46,3.54,61.54,4,4,0,0,70.244
39.57,-79.41,2.43,21.14,3,9,0,1,102.264
28.38,37.06,3.5,55.9,3,8,0,0,61.113
31.19,-51.97,0.31,48.59,0,7,0,0,75.78
45.39,8.24,1.47,60.66,1,4,0,1,97.499
32.65,0.79,3.06,66.15,3,11,0,0,59.021
26.45,-24.05,0.23,40.72,3,10,0,0,57.96
24.58,36.69,1.65,52.84,1,9,0,0,45.825
26.2,17.78,1.69,43.58,5,10,1,0,49.315
16.03,-76.82,3.44,75.07,3,6,0,0,60.863
39.02,28.74,0.18,77.7,2,8,0,1,80.609
40.48,-9.02,6.73,34.9,5,3,1,1,88.791
21.67,-31.42,0.0,32.06,1,10,0,0,57.278
22.33,21.76,0.0,67.66,0,1,0,0,59.671
41.73,16.05,0.48,75.79,2,7,0,1,90.413
12.81,-36.52,0.59,10.92,0,3,0,0,61.97
29.7,57.63,0.05,46.33,2,8,0,0,64.182
27.76,10.82,7.07,36.16,0,4,0,0,67.19
35.46,4.81,0.0,75.15,4,12,0,0,65.754
17.56,-70.22,3.54,22.2,0,2,0,0,72.74
34.72,-40.9,2.12,76.15,1,10,0,0,63.647
24.81,-17.42,0.0,66.22,1,9,0,0,52.162
33.04,8.29,0.44,81.65,4,12,0,0,60.012
13.36,-8.21,0.0,94.17,2,4,0,0,47.072
27.7,26.82,0.06,50.51,5,9,1,0,52.362
29.76,-43.24,3.5,69.45,5,1,1,0,55.318
19.29,18.3,2.74,70.35,2,9,0,0,43.341
16.75,34.32,0.0,81.79,0,6,0,0,48.282
18.41,27.11,2.48,54.04,6,9,1,0,40.467
23.7,27.92,0.0,19.15,2,10,0,0,58.186
15.29,44.39,0.0,93.25,3,6,0,0,46.56
44.21,-68.22,0.0,14.83,6,5,1,1,110.536
25.77,17.61,1.03,91.8,4,9,0,0,45.033
39.5,55.61,0.0,31.71,4,11,0,1,93.318
45.13,0.31,0.0,51.86,2,5,0,1,98.579
14.74,-49.58,1.33,90.81,5,11,1,0,41.179
34.16,59.83,2.75,67.52,1,6,0,0,70.83
41.63,-55.55,1.74,59.77,3,11,0,1,95.789
33.56,-33.02,0.0,37.7,2,8,0,0,77.307
26.59,-55.91,16.35,34.85,0,9,0,0,63.054
26.66,-14.97,0.0,12.79,1,9,0,0,63.362
13.22,-21.36,0.7,59.84,1,10,0,0,40.532
30.18,-11.23,0.05,46.56,0,11,0,0,63.905
45.78,49.92,0.18,29.07,5,5,1,1,96.028
44.6,-13.03,1.25,42.66,4,9,0,1,94.161
13.37,-7.95,6.15,89.98,6,9,1,0,27.603
36.0,44.14,6.17,82.11,0,8,0,0,64.248
22.26,34.49,0.94,46.58,3,3,0,0,61.681
42.7,-46.44,0.2,93.3,4,6,0,1,97.465
13.53,-78.19,0.47,49.28,3,3,0,0,66.102
43.82,8.13,1.84,39.68,0,2,0,1,93.795
40.47,38.28,0.0,42.97,3,12,0,1,86.236
16.0,-2.6,4.69,84.34,0,9,0,0,40.504
14.03,-50.44,0.0,32.76,0,7,0,0,61.719
40.38,23.79,2.12,28.88,5,6,1,1,86.838
17.3,13.74,14.42,91.65,0,1,0,0,39.203
30.19,-0.9,0.39,72.41,2,5,0,0,68.753
43.14,40.87,3.15,74.92,6,3,1,1,87.159
31.29,29.79,3.04,72.92,6,7,1,0,51.82
25.51,13.51,0.99,68.05,0,6,0,0,58.076
27.13,13.07,0.0,17.76,2,12,0,0,63.708
14.15,12.71,0.95,74.06,2,11,0,0,44.327
44.94,-6.48,0.8,31.16,4,8,0,1,93.116
22.56,-15.05,1.05,21.25,4,11,0,0,56.324
18.44,19.34,5.51,93.56,0,4,0,0,49.313
21.73,5.47,0.0,12.37,2,2,0,0,70.622
44.79,-11.4,2.54,12.69,1,7,0,1,97.965
15.21,-62.27,1.4,36.34,6,1,1,0,49.952
41.49,18.27,0.96,81.76,2,12,0,1,83.603
36.07,10.44,8.39,93.13,0,2,0,0,62.276
40.22,-32.09,3.55,20.07,4,11,0,1,88.684
45.18,-30.11,6.78,43.61,6,9,1,1,85.94
40.63,-45.46,4.9,72.42,5,3,1,1,93.088
44.07,54.67,1.99,64.87,0,7,0,1,91.619
16.32,40.43,1.32,29.84,5,7,1,0,47.066
39.06,-1.45,6.53,37.98,1,9,0,1,75.031
30.55,-23.77,0.94,60.52,1,6,0,0,67.009
30.48,23.16,2.88,13.01,3,8,0,0,62.668
42.56,-6.12,2.66,74.45,5,5,1,1,86.922
45.04,56.62,0.07,33.41,6,2,1,1,90.205
35.96,-72.28,0.0,80.41,4,9,0,0,75.281
28.42,-75.2,0.41,68.11,2,4,0,0,81.774
27.52,-0.39,3.51,64.86,4,4,0,0,69.063
25.14,-51.54,5.59,75.23,2,4,0,0,71.052
24.29,4.6,0.0,16.39,0,7,0,0,63.752
25.31,29.4,1.81,32.1,2,9,0,0,55.21
15.05,-60.66,1.83,54.35,1,10,0,0,54.627
14.63,-18.31,5.01,76.06,0,8,0,0,48.872
38.52,16.41,1.3,82.17,5,5,1,1,83.056
27.17,36.74,10.32,42.48,5,12,1,0,44.002
43.64,-10.51,1.4,77.46,5,6,1,1,87.949
32.82,-51.14,10.18,28.72,6,2,1,0,69.656
13.2,2.01,0.0,17.01,3,10,0,0,41.758
17.36,-16.37,1.11,30.96,4,12,0,0,54.751
19.0,28.07,0.88,86.77,1,4,0,0,54.195
45.18,-2.22,1.56,56.24,3,3,0,1,104.064
19.44,-40.88,2.41,50.91,0,5,0,0,61.943
29.54,25.62,0.04,73.18,4,5,0,0,61.186
43.83,-7.52,0.0,10.86,3,3,0,1,104.794
45.22,-55.14,0.0,20.06,3,1,0,1,110.003
20.04,-1.17,1.16,18.47,5,3,1,0,47.934
13.67,52.76,0.16,20.34,0,4,0,0,54.846
17.22,18.77,4.17,48.54,3,3,0,0,57.392
14.15,-38.17,0.4,33.86,2,3,0,0,62.165
18.63,19.52,2.26,76.79,5,12,1,0,36.514
31.33,-40.44,3.56,81.32,4,3,0,0,69.809
43.02,-4.02,0.93,88.62,5,10,1,1,79.156
30.27,-6.28,0.65,26.67,5,7,1,0,59.144
33.28,-45.37,0.0,52.74,2,6,0,0,79.817
18.86,-31.3,4.15,14.14,2,10,0,0,55.052
39.22,51.91,0.69,30.39,2,1,0,1,92.026
33.0,-44.92,1.2,62.28,5,9,1,0,65.584
41.38,32.14,0.06,45.9,3,5,0,1,99.484
44.26,13.43,2.54,68.71,5,10,1,1,78.442
23.83,-5.43,0.39,81.33,1,12,0,0,51.53
15.08,-60.75,2.55,15.06,6,9,1,0,48.154
19.68,-51.36,0.0,89.78,3,2,0,0,59.833
26.89,-54.94,1.55,13.6,6,12,1,0,62.83
44.15,2.15,5.15,93.44,3,10,0,1,80.04
24.86,56.27,1.01,64.2,0,1,0,0,56.333
38.21,42.81,3.08,13.68,1,3,0,1,93.264
30.38,-76.46,1.87,43.46,3,12,0,0,74.986
18.22,-41.68,0.78,31.95,0,11,0,0,55.516
22.9,-57.98,1.77,77.88,5,5,1,0,65.61
34.21,56.59,2.28,29.16,2,12,0,0,71.162
34.88,-47.01,4.62,80.23,5,6,1,0,67.072
26.78,-51.82,0.83,36.55,6,11,1,0,55.632
19.77,6.92,1.87,94.08,0,7,0,0,49.988
36.54,-2.13,0.0,32.98,1,8,0,0,78.068
17.74,-48.38,1.62,68.22,4,1,0,0,58.985
43.85,13.85,9.85,78.02,6,12,1,1,68.038
18.39,-66.42,1.85,28.4,6,3,1,0,63.536
15.65,-77.29,0.0,16.44,1,3,0,0,74.86
28.92,-68.46,0.12,56.86,1,6,0,0,85.127
29.66,-28.92,2.29,67.55,1,10,0,0,59.561
29.28,56.5,0.41,79.47,2,10,0,0,54.752
26.85,-3.39,0.14,33.18,4,8,0,0,62.262
45.82,25.66,2.48,84.14,2,11,0,1,83.993
28.53,-34.99,2.5,87.84,5,9,1,0,47.363
28.25,20.71,13.43,76.23,2,2,0,0,56.633
26.34,55.27,0.0,10.65,4,10,0,0,54.476
14.27,-29.91,1.35,17.41,3,4,0,0,57.151
32.16,59.87,0.04,94.81,1,7,0,0,64.596
19.75,9.38,1.96,72.39,0,8,0,0,49.144
33.68,24.8,1.08,63.28,1,5,0,0,76.136
13.73,-44.7,0.61,86.62,5,5,1,0,47.884
45.37,10.03,2.66,13.37,5,4,1,1,97.237
27.95,-8.46,3.03,74.38,0,4,0,0,70.794
42.49,53.9,0.19,65.65,2,12,0,1,86.928
28.17,46.65,0.23,82.1,5,5,1,0,54.644
14.05,-24.47,0.07,76.12,5,6,1,0,42.283
39.96,52.56,0.64,51.22,0,9,0,1,87.293
34.04,43.87,3.24,16.03,5,3,1,0,68.523
38.58,2.65,0.0,87.3,5,3,1,1,76.435
26.56,-68.5,0.0,74.9,0,3,0,0,75.827
33.69,-57.49,8.38,40.29,2,1,0,0,75.947
41.11,-69.24,0.77,93.63,0,6,0,1,103.05
33.46,-64.88,0.0,36.44,4,1,0,0,80.742
23.82,56.77,4.43,41.5,6,5,1,0,53.689
34.53,-50.3,0.0,92.85,1,7,0,0,68.863
34.84,16.72,3.97,66.79,2,4,0,0,73.602
44.66,9.11,1.59,84.73,3,4,0,1,102.454
24.61,8.36,1.94,85.46,0,8,0,0,49.638
26.45,-51.06,4.31,55.6,2,7,0,0,67.156
39.61,1.11,0.64,32.69,1,10,0,1,84.887
29.2,7.58,0.0,82.03,0,11,0,0,55.399
37.04,-0.14,0.66,52.66,4,3,0,0,74.251
27.63,-53.94,0.25,57.97,5,4,1,0,74.865
19.33,21.23,1.66,56.02,0,7,0,0,53.425
37.34,-69.75,2.92,10.81,0,3,0,0,93.239
16.46,2.77,3.83,13.9,0,9,0,0,45.045
18.75,-18.92,2.28,62.39,6,1,1,0,43.328
33.31,-44.96,0.36,77.53,3,5,0,0,71.561
37.41,33.03,4.45,48.85,3,12,0,0,71.481
42.42,-55.38,5.64,26.18,0,9,0,1,97.267
21.27,50.62,0.0,44.56,0,7,0,0,57.955
15.76,43.84,4.77,75.31,6,1,1,0,34.76
44.51,-29.52,2.03,19.23,6,10,1,1,91.06
17.25,-37.28,1.12,57.62,3,6,0,0,59.993
18.72,-60.75,6.25,69.69,0,11,0,0,55.448
21.91,48.29,0.0,45.35,0,10,0,0,54.61
30.0,7.85,1.75,61.11,5,12,1,0,50.245
42.02,-75.55,1.64,85.1,3,2,0,1,111.091
37.86,-8.46,0.0,28.09,2,11,0,0,74.023
36.08,-67.99,1.24,21.48,0,9,0,0,82.782
17.96,0.33,0.23,15.17,3,4,0,0,58.411
24.16,-8.75,0.24,71.73,6,11,1,0,41.66
28.27,-68.4,2.89,86.55,5,7,1,0,62.229
17.01,34.22,1.42,68.68,5,8,1,0,35.949
21.3,-43.28,1.0,93.0,0,12,0,0,61.018
22.48,-4.19,8.67,70.19,5,7,1,0,40.271
16.33,9.47,0.0,34.52,4,8,0,0,50.208
30.71,54.72,0.0,31.73,5,11,1,0,50.809
35.97,-10.87,6.23,66.67,1,10,0,0,69.283
14.38,48.42,0.06,67.44,6,8,1,0,28.49
28.36,-30.32,2.16,54.52,5,11,1,0,59.881
38.6,40.04,5.06,54.79,5,11,1,1,71.496
37.43,-46.98,0.99,45.41,1,8,0,0,71.761
39.71,19.05,0.53,39.74,5,2,1,1,90.035
27.24,-67.59,0.18,63.89,0,9,0,0,68.396
39.9,58.05,0.0,73.54,1,4,0,1,92.008
20.19,53.55,0.06,79.14,1,8,0,0,49.135
24.27,-18.09,1.54,36.17,1,5,0,0,69.697
18.0,-6.65,1.3,82.91,4,5,0,0,54.154
27.89,3.69,0.62,35.73,6,12,1,0,54.979
25.33,-41.49,0.47,35.91,6,3,1,0,64.935
20.19,14.43,0.0,78.51,0,2,0,0,56.478
37.56,17.8,3.05,92.4,6,8,1,0,52.662
22.67,-6.49,0.0,89.24,0,8,0,0,53.581
21.28,-59.32,6.81,19.44,5,12,1,0,52.508
16.45,48.69,0.0,34.52,1,1,0,0,47.577
26.92,-63.89,2.02,74.59,5,11,1,0,54.641
22.3,8.08,0.04,78.53,2,11,0,0,46.523
24.56,-65.57,0.0,52.86,6,3,1,0,68.762
20.02,-59.55,0.0,11.37,3,10,0,0,58.131
37.95,-77.12,1.98,52.66,3,11,0,0,84.816
43.62,-29.13,4.45,12.65,3,2,0,1,102.849
28.93,9.54,7.89,33.92,1,1,0,0,53.372
33.86,-6.98,5.63,65.83,3,8,0,0,58.736
41.48,14.44,2.41,21.44,4,8,0,1,90.222
45.96,14.5,10.28,70.56,0,11,0,1,86.557
32.86,-60.38,5.11,62.82,0,12,0,0,72.482
42.25,-71.97,4.13,46.52,2,2,0,1,103.219
42.89,7.55,2.55,41.63,5,12,1,1,79.538
38.91,11.45,2.31,87.75,2,11,0,1,74.331
27.67,-2.06,1.95,57.02,2,8,0,0,58.504
14.76,-45.59,3.95,85.56,6,5,1,0,44.546
12.54,33.51,0.0,45.06,1,8,0,0,44.375
28.22,-69.4,0.0,60.54,2,7,0,0,68.421
28.81,8.52,3.98,91.14,5,5,1,0,51.591
25.85,-63.14,2.32,20.55,3,1,0,0,80.243
31.32,11.62,0.45,32.34,0,9,0,0,66.341
30.77,-21.52,2.52,87.92,1,4,0,0,68.777
40.44,20.53,1.0,45.87,6,3,1,1,83.392
15.69,-72.69,0.0,33.12,5,5,1,0,63.999
19.66,-2.29,0.89,94.77,6,1,1,0,42.956
38.96,-59.72,1.36,18.69,3,5,0,1,104.485
40.83,15.53,2.11,61.98,4,11,0,1,80.184
45.82,-63.21,5.0,76.99,0,9,0,1,99.384
41.68,-69.7,0.0,76.87,4,1,0,1,102.843
42.26,19.84,1.83,47.56,3,4,0,1,99.824
22.69,-71.11,0.0,13.74,0,8,0,0,77.74
25.66,-48.57,0.35,81.49,5,12,1,0,50.267
21.11,35.46,0.46,78.23,3,6,0,0,54.167
32.61,33.36,9.91,30.18,6,12,1,0,54.642
43.92,39.58,1.24,38.94,6,1,1,1,88.326
23.72,-34.35,0.37,53.57,2,11,0,0,55.954
30.94,-6.07,0.22,19.7,0,2,0,0,72.839
22.07,28.27,0.0,79.75,1,9,0,0,45.55
17.77,-60.82,0.56,88.38,2,2,0,0,65.326
18.64,21.41,0.46,36.2,2,12,0,0,47.106
13.97,-66.35,0.7,88.54,2,3,0,0,57.558
44.28,47.86,0.91,78.07,6,5,1,1,89.623
25.7,9.22,0.91,71.87,4,8,0,0,50.346
40.36,-10.94,0.08,92.38,1,1,0,1,88.48
35.17,-12.14,0.0,37.6,4,7,0,0,68.435
18.53,-54.61,0.31,87.83,0,4,0,0,64.641
17.97,-31.57,7.39,18.36,0,6,0,0,60.842
39.61,21.8,3.57,50.63,4,4,0,1,94.434
21.0,-4.27,0.44,56.92,1,11,0,0,46.266
43.05,-5.9,3.02,20.44,3,6,0,1,100.588
16.76,-52.67,0.0,72.68,5,10,1,0,42.01
35.04,16.65,0.51,50.39,2,1,0,0,74.527
39.69,-25.12,4.27,48.72,1,9,0,1,89.215
20.0,-54.41,0.23,59.42,6,5,1,0,52.996
21.39,52.13,3.1,21.45,2,8,0,0,51.056
44.79,-9.05,1.65,27.0,4,11,0,1,92.226
21.0,-6.07,0.9,25.36,1,9,0,0,53.48
26.62,57.39,2.05,90.91,1,5,0,0,59.628
26.71,-28.7,7.13,75.72,5,3,1,0,55.612
20.6,52.02,1.76,54.98,6,11,1,0,46.849
38.38,17.29,1.82,66.05,0,4,0,1,91.164
38.24,8.63,2.96,65.25,6,1,1,1,79.874
24.86,-47.18,0.59,32.3,2,4,0,0,74.812
40.39,-72.75,1.48,17.36,6,1,1,1,90.583
19.24,-18.71,0.33,57.17,3,9,0,0,50.271
12.15,-78.58,0.79,32.36,5,11,1,0,50.278
31.42,-70.06,2.63,84.25,0,6,0,0,79.817
45.8,3.35,0.86,30.06,1,8,0,1,96.806
13.31,21.43,0.0,58.69,6,12,1,0,32.244
19.07,-56.49,0.0,45.71,1,12,0,0,58.433
29.64,22.55,6.83,73.15,6,1,1,0,51.323
39.54,52.96,1.21,90.81,0,1,0,1,84.119
15.03,24.04,2.08,44.98,4,5,0,0,50.286
25.44,29.86,3.97,13.77,2,4,0,0,69.13
37.4,18.1,1.19,66.22,3,2,0,0,72.85
24.63,-48.54,0.0,20.98,4,2,0,0,78.045
18.42,-29.48,2.97,18.88,1,10,0,0,54.487
18.65,52.9,2.04,66.23,2,3,0,0,51.482
25.94,12.57,3.77,18.74,3,6,0,0,61.246
28.3,30.46,7.07,20.95,2,1,0,0,60.708
41.3,55.62,0.0,47.32,1,8,0,1,96.7
33.84,-47.6,0.0,48.45,0,9,0,0,73.31
35.47,-34.96,9.64,87.67,4,8,0,0,67.091
45.42,10.27,3.31,33.47,0,4,0,1,99.818
26.0,-76.59,6.38,44.08,1,1,0,0,67.825
25.71,-0.03,0.0,70.14,1,5,0,0,62.153
43.39,33.22,3.2,80.3,5,10,1,1,80.049
20.36,5.46,6.48,39.68,0,2,0,0,51.556
36.81,-38.64,10.57,63.64,2,10,0,0,64.226
37.66,21.37,4.1,63.06,0,11,0,0,68.77
15.32,-59.56,4.73,35.77,3,8,0,0,59.945
27.92,45.27,2.68,20.08,1,11,0,0,60.83
18.82,-65.87,0.0,68.01,1,4,0,0,69.9
18.3,40.89,2.23,32.79,2,8,0,0,46.416
27.77,-10.31,1.03,37.05,1,9,0,0,55.747
21.84,-19.99,0.67,58.65,0,9,0,0,50.045
39.07,-9.91,0.87,23.67,3,9,0,1,85.801
42.86,-51.97,0.0,30.53,3,3,0,1,111.297
39.29,-15.92,3.02,47.92,3,11,0,1,81.942
21.05,38.96,0.0,84.67,3,9,0,0,46.046
21.32,32.13,4.28,75.64,6,2,1,0,41.976
20.66,-57.17,0.0,37.0,1,8,0,0,61.212
16.59,14.28,0.66,35.68,2,11,0,0,48.471
44.09,39.96,1.05,93.92,3,1,0,1,86.183
25.67,34.77,3.64,65.54,0,11,0,0,56.654
19.64,-20.41,2.89,68.27,6,4,1,0,52.039
40.79,-73.27,7.64,14.69,3,4,0,1,107.36
25.57,50.36,0.21,18.92,4,6,0,0,70.268
13.19,-24.58,0.37,35.03,2,9,0,0,42.847
17.51,-29.46,0.07,81.57,4,2,0,0,59.149
33.73,26.33,0.25,87.41,6,4,1,0,62.132
38.62,-43.04,3.73,26.24,4,10,0,1,86.308
19.17,36.86,1.09,70.71,1,3,0,0,50.417
43.19,-69.35,3.09,84.3,4,5,0,1,104.64
40.93,23.7,0.32,84.71,5,8,1,1,78.609
40.84,55.21,0.0,49.0,4,4,0,1,96.946
19.74,59.41,1.41,32.0,4,1,0,0,53.86
13.72,49.33,0.0,91.28,3,7,0,0,41.35
41.49,41.91,1.79,33.51,1,2,0,1,89.725
22.4,-40.96,0.6,31.48,5,5,1,0,64.954
33.04,55.33,0.7,27.48,2,8,0,0,72.004
37.84,49.91,3.55,55.27,1,9,0,0,68.657
16.36,-5.19,1.31,19.11,3,12,0,0,48.78
38.55,-23.71,0.0,58.51,0,11,0,1,85.149
43.91,-64.7,0.57,90.21,3,1,0,1,97.938
36.76,2.69,0.88,52.92,3,6,0,0,71.217
27.0,18.08,1.67,92.05,2,1,0,0,62.731
41.81,-23.44,9.59,86.98,4,10,0,1,80.73
29.93,-23.16,0.0,77.35,4,1,0,0,68.605
37.32,0.26,2.19,61.68,2,10,0,0,67.434
39.9,-76.11,4.23,84.86,5,1,1,1,89.629
37.48,54.1,0.0,57.17,0,2,0,0,73.858
21.79,-39.41,4.81,27.61,3,12,0,0,61.252
16.01,-60.28,0.44,88.64,0,3,0,0,57.71
20.1,-79.23,0.0,52.69,4,6,0,0,72.386
29.1,39.96,4.62,87.16,0,7,0,0,54.746
29.18,40.85,2.94,43.42,6,9,1,0,47.035
31.81,-66.66,0.14,38.54,0,12,0,0,77.08
25.43,-58.69,1.05,75.11,3,5,0,0,76.297
38.75,-17.29,0.19,63.93,4,8,0,1,79.518
43.05,-54.0,2.12,47.38,2,12,0,1,107.231
20.39,23.01,1.47,84.68,1,2,0,0,49.298
37.04,-71.87,0.02,53.91,1,6,0,0,88.062
35.05,-3.04,1.09,11.09,5,4,1,0,74.35
29.79,-26.41,3.74,68.92,0,12,0,0,64.329
18.41,-14.91,0.04,15.37,4,8,0,0,58.089
39.04,-20.53,0.84,50.89,2,8,0,1,91.375
44.66,-58.56,0.61,26.33,0,3,0,1,121.722
36.54,-49.16,5.72,30.57,2,12,0,0,79.798
43.21,-70.93,0.0,93.28,0,1,0,1,102.485
45.46,-63.86,3.56,19.65,5,6,1,1,102.792
23.97,56.91,0.1,74.41,5,9,1,0,39.633
33.7,-40.83,0.0,64.18,1,11,0,0,73.744
28.11,-37.02,0.6,26.58,5,4,1,0,75.192
45.55,-62.21,1.01,89.5,4,5,0,1,111.088
15.19,25.72,5.55,27.12,4,1,0,0,37.435
26.02,49.38,0.0,53.82,0,8,0,0,50.874
41.77,30.57,9.06,77.19,0,3,0,1,90.561
21.66,5.77,2.61,74.9,1,8,0,0,47.35
38.78,33.85,0.0,37.18,5,2,1,1,85.305
25.01,-23.41,3.96,81.34,2,6,0,0,64.447
45.32,40.33,1.25,91.78,3,6,0,1,97.66
42.04,31.79,7.57,50.29,3,7,0,1,89.106
22.24,-79.76,0.0,65.45,6,4,1,0,60.108
38.19,-11.71,5.57,40.98,1,3,0,1,89.706
23.45,-42.95,0.0,40.1,5,10,1,0,52.207
32.62,-67.93,0.45,49.93,0,11,0,0,77.233
34.39,38.47,0.0,26.76,6,4,1,0,65.34
40.21,-78.89,6.6,68.6,3,6,0,1,104.091
12.83,22.22,1.62,24.07,1,2,0,0,44.767
19.49,58.35,1.3,10.44,2,2,0,0,51.319
36.21,-12.52,0.18,47.36,5,5,1,0,68.603
31.16,-28.03,0.0,16.5,2,9,0,0,74.497
28.85,4.82,2.56,57.81,0,9,0,0,62.107
13.88,32.66,2.03,54.23,2,9,0,0,34.434
23.84,-46.36,17.49,21.67,6,2,1,0,48.584
41.41,-44.9,0.65,30.91,2,1,0,1,104.477
13.05,5.0,2.45,12.08,3,4,0,0,53.203
25.48,51.58,0.61,60.49,1,4,0,0,68.482
44.14,-38.22,1.56,34.89,0,7,0,1,106.573
13.73,-27.25,2.12,70.6,1,8,0,0,47.388
37.49,59.07,1.65,63.54,6,3,1,0,64.047
20.76,-55.33,2.68,41.75,3,10,0,0,59.167
41.46,-69.22,5.9,11.85,2,9,0,1,107.134
37.37,2.57,0.92,37.21,3,4,0,0,80.853
42.11,-76.6,0.0,37.61,5,8,1,1,96.662
19.34,-54.74,1.44,38.28,6,4,1,0,58.218
30.06,7.11,2.14,91.04,2,1,0,0,53.743
38.5,12.33,0.21,23.99,5,9,1,1,74.663
20.35,-8.54,0.74,32.96,5,2,1,0,48.83
19.85,-26.28,2.6,80.75,0,3,0,0,53.967
12.92,0.67,1.66,88.64,6,4,1,0,31.273
44.59,10.07,2.54,49.8,1,11,0,1,81.276
36.14,32.49,0.0,55.9,5,8,1,0,57.449
33.61,30.99,1.69,14.49,6,10,1,0,59.043
37.3,13.07,1.79,78.68,4,11,0,0,62.656
30.07,45.19,3.0,60.54,2,11,0,0,55.875
28.19,37.32,0.67,50.72,5,8,1,0,53.517
27.28,-61.35,0.46,35.72,3,5,0,0,84.882
33.77,53.94,2.21,47.72,5,5,1,0,72.468
18.85,44.84,2.59,72.5,4,2,0,0,51.419
42.19,-35.07,4.34,16.87,2,8,0,1,96.923
39.6,-77.17,2.32,53.08,3,8,0,1,97.866
23.89,4.56,1.91,12.94,1,12,0,0,60.157
31.67,-18.62,0.16,75.64,0,3,0,0,72.906
16.79,24.94,0.0,27.94,4,10,0,0,45.873
45.06,-6.56,2.54,86.79,1,4,0,1,97.308
42.7,-69.29,3.18,50.47,3,1,0,1,101.156
43.34,-45.74,0.0,48.87,0,5,0,1,101.549
23.29,43.55,0.07,40.63,4,12,0,0,53.134
17.75,-74.72,1.19,53.89,1,6,0,0,70.805
19.2,23.13,1.77,38.73,1,3,0,0,62.567
15.06,-39.13,0.0,40.59,1,4,0,0,64.898
16.08,-16.63,3.9,26.63,6,9,1,0,36.274
14.42,-5.66,3.83,39.34,4,4,0,0,50.648
45.65,-44.99,0.81,79.0,4,3,0,1,111.472
14.52,11.27,4.2,30.88,2,3,0,0,48.811
16.51,17.08,1.48,79.81,6,1,1,0,35.618
40.13,-68.09,0.46,83.21,0,9,0,1,99.976
31.73,-27.65,0.0,66.64,2,4,0,0,76.264
38.33,24.21,0.63,12.61,0,4,0,1,98.884
33.45,21.03,1.07,57.69,4,4,0,0,77.071
41.99,-3.76,1.44,80.82,6,9,1,1,74.415
33.71,28.87,3.35,41.09,5,11,1,0,55.522
29.75,-64.93,0.16,34.04,1,9,0,0,77.78
36.23,-63.45,0.0,37.32,5,7,1,0,68.568
27.21,12.05,0.98,45.96,1,9,0,0,57.593
23.77,17.07,0.74,15.96,2,3,0,0,64.154
27.9,34.03,0.26,30.2,4,11,0,0,58.861
17.77,-54.65,1.52,64.99,3,8,0,0,55.399
39.08,-7.65,0.05,50.16,1,12,0,1,85.514
20.86,12.52,4.13,31.02,3,4,0,0,61.13
17.22,-48.68,2.3,89.12,1,2,0,0,57.239
20.38,-7.63,1.31,35.12,5,9,1,0,43.427
40.63,9.38,0.0,20.99,0,4,0,1,102.162
23.23,-49.98,1.77,26.94,5,3,1,0,64.419
35.33,-27.42,2.9,35.21,6,10,1,0,60.327
41.12,-49.71,2.55,54.42,5,7,1,1,90.656
14.64,46.41,0.35,15.64,4,10,0,0,42.154
38.01,-46.85,0.48,82.67,3,3,0,1,101.623
22.46,-63.08,1.53,84.59,3,1,0,0,62.301
19.37,-75.08,0.74,37.06,3,5,0,0,71.236
35.42,-73.71,2.51,75.9,6,12,1,0,68.683
42.93,-53.18,4.65,60.97,0,8,0,1,97.306
22.03,5.15,1.88,81.86,4,11,0,0,49.661
31.34,-77.53,0.45,33.54,3,11,0,0,79.79
21.85,-39.86,0.01,61.87,1,11,0,0,56.378
30.85,-71.86,0.02,16.18,2,6,0,0,88.858
33.14,-23.49,1.05,10.8,3,3,0,0,82.816
32.75,-73.2,7.96,84.35,0,11,0,0,65.052
33.2,5.06,0.0,35.04,3,7,0,0,73.224
16.59,16.38,1.02,47.86,1,4,0,0,49.095
35.58,22.39,0.21,29.7,2,6,0,0,65.385
34.94,-48.59,2.46,84.53,1,10,0,0,70.065
35.21,41.59,2.95,42.69,5,5,1,0,68.461
14.52,16.64,0.0,25.23,6,10,1,0,35.775
27.19,-72.07,5.34,61.68,0,3,0,0,81.148
25.91,-18.29,1.21,27.46,1,4,0,0,71.443
14.95,27.49,3.93,32.16,1,2,0,0,49.359
19.56,-36.47,0.0,67.19,3,11,0,0,54.751
26.99,-26.58,5.76,91.53,2,11,0,0,50.595
37.26,8.14,1.42,74.16,3,3,0,0,74.004
20.06,-72.23,0.0,20.55,0,7,0,0,72.013
40.21,55.37,1.02,36.57,6,10,1,1,77.26
30.56,-55.57,8.39,77.69,6,8,1,0,54.042
37.85,-76.27,0.73,33.39,6,8,1,0,75.185
28.07,-79.25,0.0,72.91,3,4,0,0,76.61
28.97,-24.06,9.28,50.1,4,1,0,0,60.415
33.07,43.8,6.75,85.17,0,12,0,0,64.521
43.55,34.77,1.61,40.53,4,11,0,1,88.687
28.72,47.69,1.2,89.44,4,12,0,0,55.641
29.97,-5.27,1.84,44.63,5,1,1,0,52.381
32.47,-17.18,0.83,71.73,5,9,1,0,62.473
37.08,-25.98,1.6,26.59,0,4,0,0,84.087
14.44,-73.5,6.06,55.12,2,4,0,0,58.531
29.53,47.33,1.83,36.36,3,5,0,0,69.992
28.37,-10.54,0.22,11.08,3,3,0,0,71.817
43.34,-16.29,0.0,47.17,3,8,0,1,95.678
28.78,-7.88,1.45,24.66,4,8,0,0,59.32
27.92,31.18,2.39,91.48,4,12,0,0,56.857
44.71,-48.57,5.63,78.73,1,10,0,1,95.027
27.32,19.39,0.59,72.86,4,9,0,0,53.175
18.15,19.51,2.05,48.53,4,12,0,0,42.025
19.38,38.94,0.41,32.02,1,6,0,0,55.015
15.24,-78.78,1.42,37.57,4,1,0,0,63.014
12.02,-56.14,3.28,27.37,3,11,0,0,46.168
26.69,-14.05,2.52,56.91,5,5,1,0,54.945
38.15,39.08,1.03,78.96,2,6,0,1,90.594
36.94,55.12,1.89,25.93,6,5,1,0,70.917
13.09,3.28,1.94,10.39,3,11,0,0,44.341
31.38,-50.3,0.29,20.68,6,5,1,0,76.282
17.25,-54.16,0.2,49.18,0,9,0,0,55.45
44.0,9.52,2.85,11.58,0,9,0,1,93.854
17.69,-50.59,4.22,44.28,1,7,0,0,59.673
33.31,-2.57,2.49,19.45,5,7,1,0,65.748
23.09,36.87,10.1,19.16,3,1,0,0,56.698
33.81,-25.43,2.95,70.57,4,11,0,0,69.248
26.02,-27.01,0.16,94.96,0,5,0,0,66.176
37.83,-74.94,6.62,26.53,2,3,0,0,87.451
19.84,-44.43,2.84,29.52,2,3,0,0,70.791
42.8,17.75,0.21,35.2,6,5,1,1,90.19
29.01,-29.55,0.86,76.73,0,8,0,0,61.136
37.71,-57.84,0.43,53.0,6,7,1,0,76.355
40.89,-65.19,0.0,58.51,2,11,0,1,98.129
45.96,-66.69,7.37,56.45,5,10,1,1,86.041
19.61,12.28,0.18,89.68,2,5,0,0,55.441
21.75,5.77,1.2,12.96,0,10,0,0,60.401
20.51,-7.41,0.0,23.42,4,9,0,0,54.354
20.94,-9.95,0.88,42.48,1,11,0,0,50.672
31.8,-58.56,1.52,51.48,1,1,0,0,71.16
45.78,-9.92,2.22,19.68,6,7,1,1,98.31
45.67,-71.61,3.97,85.92,1,8,0,1,98.66
29.91,49.62,0.0,67.62,6,3,1,0,53.873
33.73,-71.88,0.0,89.24,2,8,0,0,74.769
41.24,-20.71,1.4,89.97,1,9,0,1,88.018
43.72,-79.92,0.62,53.57,3,2,0,1,115.249
18.93,30.06,6.73,82.51,1,12,0,0,39.415
29.97,-56.74,2.3,72.62,6,12,1,0,58.281
40.32,49.49,0.08,40.64,4,4,0,1,97.847
22.31,-73.84,0.02,65.87,5,3,1,0,67.453
26.95,34.91,4.73,90.98,0,3,0,0,62.171
45.51,11.93,0.0,74.94,1,1,0,1,94.611
45.49,-45.04,2.83,70.3,4,1,0,1,103.755
42.81,-51.66,6.55,28.86,3,4,0,1,103.503
39.15,-29.93,0.55,80.65,6,8,1,1,79.67
21.15,35.98,3.23,43.12,5,9,1,0,40.987
22.91,40.67,5.43,63.05,2,7,0,0,52.036
30.61,-55.46,3.3,67.61,3,8,0,0,67.857
31.07,-30.52,1.32,53.8,5,2,1,0,65.566
29.19,-46.75,1.8,24.07,2,12,0,0,69.679
33.65,-62.83,3.59,69.28,3,3,0,0,90.04
25.88,10.5,3.85,31.02,5,5,1,0,61.572
37.47,-31.58,1.54,32.56,2,8,0,0,80.918
23.34,-48.45,0.0,20.78,0,2,0,0,71.974
23.24,41.24,9.57,62.7,2,6,0,0,50.281
16.33,24.76,0.17,19.98,1,12,0,0,49.008
18.42,28.33,0.0,39.34,3,3,0,0,58.419
40.92,-74.51,1.62,85.61,5,8,1,1,83.77
27.17,48.12,0.0,48.51,5,8,1,0,52.064
19.75,0.46,1.16,86.03,5,1,1,0,43.31
37.82,-9.47,2.91,51.88,3,1,0,0,66.616
30.84,-78.52,1.87,25.2,6,2,1,0,72.559
12.72,45.67,7.89,74.51,6,1,1,0,32.175
22.76,-3.86,4.89,40.04,5,7,1,0,48.668
18.02,35.52,4.05,92.14,0,4,0,0,48.264
34.3,11.77,3.82,32.28,2,8,0,0,69.224
21.35,31.54,2.18,79.88,6,4,1,0,44.765
14.21,17.01,0.25,51.98,0,5,0,0,52.008
13.87,48.93,0.0,81.58,3,2,0,0,41.914
31.78,-48.43,10.49,25.56,4,10,0,0,66.882
12.74,-51.71,1.77,63.86,2,2,0,0,57.975
40.86,19.76,2.56,19.62,4,11,0,1,86.903
17.28,-9.8,4.87,78.47,0,3,0,0,54.409
32.62,3.88,3.23,30.03,1,12,0,0,65.375
27.12,19.2,2.62,46.34,2,9,0,0,58.839
27.06,-3.36,0.0,65.76,1,10,0,0,52.748
14.44,30.28,0.9,50.65,3,10,0,0,45.411
39.29,-35.36,1.09,76.21,3,6,0,1,97.388
42.36,40.26,3.96,68.49,6,3,1,1,85.199
12.37,-64.93,0.0,21.08,3,9,0,0,55.489
18.07,8.76,0.48,75.74,5,8,1,0,35.044
42.73,44.62,1.97,46.0,0,10,0,1,86.448
30.68,-44.62,1.88,60.81,0,3,0,0,78.623
17.1,-34.24,0.0,28.41,2,10,0,0,48.985
18.89,-37.24,0.0,45.96,2,11,0,0,52.195
34.44,-1.0,0.84,79.46,6,9,1,0,48.492
36.64,-22.2,2.46,88.73,3,4,0,0,78.363
32.38,-64.89,4.72,89.79,3,3,0,0,79.022
44.41,44.78,0.0,69.51,5,2,1,1,91.884
28.8,-51.35,0.0,16.71,6,10,1,0,60.184
22.21,-5.23,4.75,47.62,5,6,1,0,46.672
28.23,3.27,0.76,26.41,3,4,0,0,66.572
24.23,-74.29,11.76,69.3,1,2,0,0,66.72
19.63,-66.6,3.19,23.72,0,6,0,0,75.032
13.56,56.04,4.17,93.09,0,3,0,0,44.687
23.98,13.03,1.38,26.54,5,11,1,0,46.617
36.19,-75.3,0.0,14.48,0,5,0,0,96.209
12.63,31.19,0.0,81.7,2,6,0,0,44.93
26.93,-8.8,1.89,27.19,3,8,0,0,64.846
33.9,-69.47,2.2,12.04,3,9,0,0,86.176
32.75,15.31,0.0,56.59,0,2,0,0,73.071
38.41,-10.09,0.0,92.38,3,1,0,1,87.103
39.56,-51.31,0.0,32.74,1,4,0,1,106.433
36.2,42.88,0.08,44.74,2,9,0,0,67.074
15.5,-39.21,12.51,30.16,5,11,1,0,36.891
28.15,-40.16,2.02,57.43,3,12,0,0,63.827
32.52,-41.81,3.17,37.44,2,4,0,0,81.492
20.35,27.44,3.36,60.27,0,10,0,0,47.922
13.45,18.86,4.83,50.63,6,3,1,0,39.033
19.6,46.44,1.28,88.96,4,3,0,0,51.864
27.47,-47.89,0.49,66.95,5,7,1,0,60.409
26.07,30.09,3.21,68.02,3,2,0,0,56.385
18.01,0.23,6.9,51.35,1,1,0,0,49.721
40.03,-36.78,3.44,35.77,1,12,0,1,92.548
43.47,-75.04,0.15,36.69,0,10,0,1,100.918
18.85,34.65,0.33,52.84,6,9,1,0,38.334
43.61,-46.25,0.3,26.31,3,3,0,1,112.383
12.61,8.44,2.7,21.26,2,1,0,0,44.112
43.45,-3.16,1.51,41.65,4,2,0,1,100.103
44.37,-79.38,6.79,21.09,0,6,0,1,115.671
12.41,59.21,0.24,29.61,3,10,0,0,47.307
37.94,34.01,8.22,55.48,3,8,0,0,65.106
44.99,-11.89,0.01,77.16,6,11,1,1,80.139
42.8,15.25,0.0,29.11,5,11,1,1,80.69
45.0,-13.28,3.61,77.29,5,9,1,1,81.369
30.71,24.24,4.38,11.32,1,2,0,0,70.936
14.66,-61.19,1.42,94.75,3,3,0,0,60.475
40.89,-17.51,0.32,53.94,6,5,1,1,88.237
32.87,-33.02,0.0,50.45,0,7,0,0,76.801
32.9,-15.65,3.06,65.3,4,10,0,0,60.773
26.19,-16.93,0.13,50.39,2,12,0,0,54.55
31.44,-59.97,0.69,44.68,5,12,1,0,68.319
17.22,56.71,2.56,41.53,3,6,0,0,47.218
37.15,-77.83,0.02,93.12,4,12,0,0,78.437
14.55,-78.59,0.0,83.23,1,12,0,0,53.832
36.81,-27.72,0.0,52.7,6,2,1,0,70.872
40.87,6.85,3.41,81.1,5,9,1,1,72.44
28.06,-54.85,0.7,22.67,4,6,0,0,78.561
29.33,-5.35,4.23,55.0,2,11,0,0,58.137
22.62,21.19,0.0,48.26,1,11,0,0,51.072
44.96,-66.83,1.53,37.61,1,3,0,1,122.345
36.93,57.82,0.0,88.07,2,8,0,0,64.201
24.55,-32.86,0.35,80.76,5,12,1,0,45.448
17.94,9.94,0.1,87.1,6,9,1,0,27.322
19.47,-64.5,3.03,63.99,4,11,0,0,57.959
27.77,19.33,5.36,41.98,6,9,1,0,40.562
44.05,37.66,0.38,74.33,1,10,0,1,82.054
36.96,-65.26,8.15,19.23,5,11,1,0,66.035
19.32,-62.38,0.0,82.51,3,12,0,0,58.406
41.23,-40.65,9.03,12.45,0,3,0,1,109.318
24.86,-78.33,4.78,79.55,4,10,0,0,57.893
40.96,58.05,1.67,69.83,6,5,1,1,85.251
20.22,3.77,4.9,17.52,3,7,0,0,46.415
33.03,5.06,0.87,22.49,1,8,0,0,65.831
43.51,54.25,1.37,48.45,2,8,0,1,92.791
20.77,36.48,5.53,35.49,4,3,0,0,57.179
35.56,33.99,0.0,83.72,4,10,0,0,64.428
45.57,-32.47,5.0,26.39,1,9,0,1,90.388
17.12,-33.12,0.49,45.45,4,9,0,0,48.776
15.01,-39.16,1.38,32.14,5,8,1,0,46.24
34.92,-31.46,0.37,20.81,0,8,0,0,79.133
23.55,-28.27,4.12,32.08,2,4,0,0,70.113
14.42,-60.4,2.32,83.1,1,8,0,0,50.271
28.16,-30.17,1.08,70.82,5,4,1,0,59.16
37.63,-17.46,6.2,87.71,4,11,0,0,61.191
21.69,-36.69,2.05,44.45,3,1,0,0,68.904
23.39,-56.85,2.62,30.44,1,1,0,0,64.409
40.75,-27.72,6.22,12.24,3,9,0,1,87.639
29.68,-12.67,3.43,52.09,6,9,1,0,52.157
40.65,20.9,6.11,13.38,6,7,1,1,79.298
27.18,19.57,0.0,10.36,1,7,0,0,72.145
44.4,-51.62,1.24,61.4,3,1,0,1,111.456
34.13,-74.87,2.34,24.01,5,11,1,0,70.686
15.94,-37.47,2.49,57.58,2,11,0,0,48.991
42.09,-58.0,0.86,58.75,6,3,1,1,91.582
28.64,-24.59,5.52,71.53,3,1,0,0,65.437
16.82,57.11,1.75,42.57,2,7,0,0,42.501
17.19,-54.65,1.48,69.94,6,4,1,0,49.012
35.38,-35.36,3.56,41.11,4,2,0,0,79.934
13.61,21.52,0.0,18.31,0,2,0,0,55.807
21.74,-8.71,0.17,36.35,0,8,0,0,51.972
16.75,-73.85,0.88,10.64,6,5,1,0,61.155
27.0,-57.36,1.32,49.31,4,10,0,0,59.814
26.09,50.93,2.5,72.93,6,4,1,0,51.759
29.74,-65.56,2.34,76.7,6,8,1,0,56.852
21.51,8.91,1.24,29.73,5,4,1,0,52.552
13.09,30.93,0.89,18.98,6,7,1,0,41.271
32.89,-42.84,0.09,25.76,6,9,1,0,64.995
24.71,21.51,1.26,93.62,2,5,0,0,59.876
34.15,-56.21,0.46,36.53,4,11,0,0,75.538
15.69,-40.13,0.0,46.49,5,8,1,0,47.088
12.47,-36.34,0.0,16.43,6,3,1,0,50.893
20.44,59.5,1.7,77.09,5,11,1,0,34.654
27.52,-49.96,4.35,48.12,5,6,1,0,65.402
25.4,-61.91,3.65,17.43,2,9,0,0,66.101
39.55,49.6,3.08,50.2,3,5,0,1,92.305
24.85,-57.33,1.56,70.63,5,1,1,0,61.077
30.04,43.1,4.64,50.21,0,7,0,0,66.681
32.18,11.06,0.0,92.33,1,7,0,0,61.376
12.74,0.76,0.0,84.09,5,9,1,0,30.26
29.51,25.19,0.0,53.76,6,9,1,0,45.104
23.72,21.64,0.95,89.94,2,9,0,0,46.236
26.32,-64.53,0.0,78.97,6,7,1,0,56.905
15.41,59.93,1.31,41.3,2,1,0,0,48.437
38.62,51.86,1.06,75.57,3,8,0,1,84.51
44.04,45.52,2.02,53.0,6,12,1,1,82.858
12.76,7.12,1.62,55.82,2,11,0,0,39.626
32.45,-6.81,2.05,54.25,6,1,1,0,58.241
37.97,-4.92,0.2,78.31,6,11,1,0,56.241
21.68,-77.91,0.55,88.08,5,2,1,0,63.034
38.78,-10.07,3.22,37.16,0,1,0,1,86.825
33.5,7.33,1.74,64.56,6,1,1,0,54.588
43.59,12.22,1.04,63.41,3,7,0,1,93.664
45.35,-33.5,6.09,85.44,2,3,0,1,105.073
13.44,-14.02,0.0,48.01,3,8,0,0,44.511
27.13,9.08,6.15,26.16,3,6,0,0,63.238
30.6,-20.04,0.0,27.26,2,11,0,0,62.599
16.99,54.7,0.36,14.36,4,3,0,0,57.48
23.43,18.76,0.0,18.56,0,4,0,0,70.588
45.58,-79.82,4.17,35.6,4,7,0,1,115.671
12.55,-76.74,0.0,18.72,1,2,0,0,64.463
27.39,16.64,0.0,84.04,5,6,1,0,49.951
40.65,-22.23,6.32,40.77,6,8,1,1,80.504
23.01,37.53,3.94,41.32,3,8,0,0,47.572
28.31,-55.78,2.71,74.39,5,6,1,0,67.239
45.25,-78.06,1.88,35.61,2,2,0,1,110.247
28.15,-25.67,2.34,70.79,5,4,1,0,62.31
16.45,23.05,2.65,79.91,3,1,0,0,45.227
13.76,56.04,0.86,40.62,3,12,0,0,45.884
44.14,43.71,8.11,50.61,0,7,0,1,92.652
21.04,-12.23,2.51,37.39,4,4,0,0,62.937
29.14,33.79,0.69,45.97,5,4,1,0,63.086
15.08,-70.15,2.48,59.36,3,1,0,0,60.559
26.4,0.12,8.0,39.72,1,6,0,0,66.347
43.62,49.4,0.17,49.45,4,1,0,1,91.012
29.08,-24.51,0.0,52.18,4,9,0,0,56.913
45.02,54.41,1.89,12.08,6,3,1,1,90.43
20.8,-49.1,0.11,23.91,6,2,1,0,53.925
29.15,-65.21,3.24,56.02,1,2,0,0,72.325
41.22,-6.53,3.45,10.23,2,1,0,1,91.615
27.24,47.01,3.1,69.86,6,5,1,0,52.003
21.5,-36.42,0.21,86.96,0,1,0,0,61.071
41.09,32.02,4.46,74.14,6,1,1,1,78.804
25.26,-56.31,4.91,36.7,1,3,0,0,71.68
30.04,24.38,6.37,48.24,2,7,0,0,59.947
45.2,-2.02,2.88,65.31,0,3,0,1,106.156
18.34,-55.5,3.39,67.84,6,5,1,0,55.077
22.25,20.53,0.0,93.09,3,6,0,0,54.367
13.06,19.93,7.7,51.9,6,8,1,0,28.843
25.32,-7.84,0.87,31.21,0,1,0,0,62.982
18.81,-48.43,2.52,40.79,0,12,0,0,65.072
35.12,-61.48,1.13,88.41,3,2,0,0,79.019
18.16,54.02,0.59,63.78,0,12,0,0,47.987
34.94,11.81,7.4,83.46,3,4,0,0,63.225
20.96,33.29,0.71,71.55,4,6,0,0,52.488
24.08,17.58,0.31,92.06,3,1,0,0,51.106
23.86,36.13,1.33,52.6,5,5,1,0,55.246
36.37,-57.25,0.0,90.74,0,11,0,0,71.164
27.86,-10.43,0.0,85.3,1,9,0,0,55.04
24.28,13.4,1.34,81.66,1,8,0,0,48.851
40.99,-65.53,1.84,89.82,3,5,0,1,99.215
31.45,-59.01,4.21,54.67,2,12,0,0,67.656
19.27,8.76,1.07,73.14,3,10,0,0,42.643
42.6,41.62,1.59,57.2,1,4,0,1,97.982
23.65,12.46,4.99,75.98,3,8,0,0,48.116
13.33,-74.93,5.23,74.92,5,5,1,0,47.574
28.82,55.86,0.12,74.46,0,3,0,0,66.495
16.21,-60.47,1.65,46.42,5,8,1,0,47.121
20.11,-47.44,1.24,77.68,1,5,0,0,59.922
37.4,56.5,1.07,84.5,6,2,1,0,62.448
16.45,27.94,0.86,64.08,5,11,1,0,39.444
39.44,51.12,0.0,48.65,3,8,0,1,86.435
43.85,32.93,5.04,82.53,0,7,0,1,84.684
32.62,11.24,0.02,76.17,2,12,0,0,66.462
36.15,-40.16,0.3,49.92,4,9,0,0,77.874
36.26,-34.24,0.0,59.29,2,12,0,0,78.733
45.76,52.62,1.1,68.3,4,9,0,1,88.887
23.61,40.49,3.67,68.51,5,3,1,0,47.704
17.54,-29.67,0.0,36.44,6,6,1,0,48.178
29.65,-27.74,0.0,34.88,2,7,0,0,74.96
30.13,-38.32,1.89,85.42,6,4,1,0,68.294
18.05,-34.34,0.0,89.65,1,4,0,0,55.635
32.85,40.49,0.36,44.18,6,8,1,0,48.111
12.48,-78.53,0.92,87.64,0,5,0,0,60.205
43.54,-18.95,0.53,50.01,3,2,0,1,97.699
21.0,52.0,0.0,24.21,4,7,0,0,55.376
13.35,-4.03,0.0,72.29,0,8,0,0,41.235
15.68,-16.94,3.18,13.9,3,10,0,0,49.376
20.17,-36.27,2.61,19.68,1,2,0,0,62.826
21.31,-69.65,2.2,89.99,5,6,1,0,56.573
13.12,-48.57,0.0,54.0,3,11,0,0,48.146
21.5,-67.34,0.0,32.64,0,4,0,0,69.149
18.56,-62.26,0.0,50.83,0,9,0,0,60.599
24.87,-57.11,7.8,59.15,0,5,0,0,68.847
25.1,-37.72,0.0,64.31,0,3,0,0,66.684
23.53,-78.46,2.57,39.6,3,9,0,0,63.892
23.15,53.02,1.63,42.93,2,10,0,0,51.621
15.05,-62.67,6.55,56.73,1,11,0,0,49.529
12.86,-26.36,5.35,63.27,2,9,0,0,42.26
18.87,43.13,0.28,88.32,3,4,0,0,54.747
37.73,-65.08,0.54,43.34,4,9,0,0,77.057
45.69,-12.3,1.44,84.35,3,1,0,1,84.786
43.57,38.27,10.38,94.42,6,5,1,1,79.548
29.14,-2.03,13.03,38.82,2,3,0,0,65.668
30.08,-50.55,0.12,12.32,2,7,0,0,77.901
22.7,22.97,0.23,61.37,2,9,0,0,51.928
38.31,15.39,7.53,86.81,0,8,0,1,74.896
38.0,-29.29,1.77,14.54,5,3,1,1,92.445
40.71,-73.52,0.0,26.76,3,5,0,1,109.484
42.45,-78.9,0.96,67.47,2,2,0,1,110.022
26.77,35.56,0.0,78.82,2,7,0,0,54.811
38.07,-34.98,3.49,17.36,3,9,0,1,97.872
39.42,-60.71,0.0,40.92,6,3,1,1,95.838
22.49,-7.4,3.77,30.29,2,7,0,0,60.436
43.59,48.92,5.57,92.01,3,11,0,1,79.666
15.21,-78.81,3.12,68.01,0,2,0,0,66.676
45.81,-72.14,2.71,50.43,2,12,0,1,109.676
38.18,-21.61,0.53,83.3,5,4,1,1,84.576
15.17,14.64,2.47,55.7,5,4,1,0,44.382
34.31,-13.35,1.85,87.46,5,9,1,0,57.328
13.16,45.66,3.23,30.3,3,5,0,0,52.294
38.19,-73.83,0.0,12.32,6,5,1,1,98.874
39.17,-32.38,1.61,46.44,3,3,0,1,100.242
32.48,-30.81,0.0,27.36,0,2,0,0,77.822
41.13,-32.38,1.37,81.04,1,11,0,1,88.34
15.33,-11.72,0.58,55.3,3,2,0,0,49.664
21.38,30.68,0.56,34.54,2,2,0,0,60.728
26.08,-35.5,2.06,75.75,0,10,0,0,52.035
13.44,24.23,0.61,54.79,0,10,0,0,36.56
27.24,-59.49,2.77,52.74,4,3,0,0,73.238
21.02,-1.5,2.02,25.37,5,10,1,0,41.872
25.35,-27.49,0.0,94.59,1,9,0,0,49.118
26.45,-4.51,1.67,66.02,1,4,0,0,61.964
41.9,-64.92,0.0,82.66,3,1,0,1,102.84
21.19,53.48,1.59,74.58,0,10,0,0,49.017
42.39,46.87,1.93,52.75,5,9,1,1,70.15
26.48,35.7,4.12,10.83,4,6,0,0,64.412
23.15,44.99,0.59,66.67,2,4,0,0,64.773
29.09,-59.46,0.59,18.56,4,5,0,0,84.433
26.2,-9.48,2.92,91.72,1,4,0,0,62.93
20.75,-35.49,2.16,31.19,2,11,0,0,58.331
29.09,44.23,4.63,41.22,3,3,0,0,64.49
17.16,-53.48,1.25,56.88,6,6,1,0,52.431
23.97,-49.21,0.21,52.72,5,8,1,0,56.587
31.24,16.14,0.15,65.69,4,1,0,0,64.7
26.06,-67.55,0.39,76.59,2,7,0,0,67.856
40.01,22.53,4.62,74.4,6,8,1,1,72.294
20.73,-42.46,2.87,87.19,0,7,0,0,53.393
44.97,12.53,0.58,49.94,2,8,0,1,94.773
38.68,42.23,4.09,55.4,3,6,0,1,84.389
44.9,5.35,0.0,84.3,3,8,0,1,86.305
40.5,-50.22,6.08,34.0,4,12,0,1,97.769
16.83,-73.12,0.0,30.9,2,5,0,0,71.334
29.9,-73.75,4.92,10.78,6,5,1,0,74.206
17.78,-67.57,0.22,72.77,2,9,0,0,49.478
39.82,1.17,2.92,68.44,4,2,0,1,89.227
31.86,-31.25,0.0,33.52,0,4,0,0,79.827
20.96,-45.97,0.47,21.04,1,2,0,0,70.526
43.61,-49.3,0.0,13.62,1,6,0,1,109.134
15.92,52.8,5.35,51.47,0,2,0,0,44.185
31.17,-63.37,0.05,26.45,6,3,1,0,71.721
36.52,-37.33,0.7,77.44,4,6,0,0,77.07
14.0,-13.99,0.0,90.75,5,8,1,0,33.177
32.33,-79.94,1.38,76.03,2,6,0,0,77.356
39.74,48.93,11.69,82.39,0,10,0,1,72.557
14.3,-66.13,0.44,94.22,2,10,0,0,49.729
29.42,15.55,10.93,72.97,0,2,0,0,63.211
20.79,8.04,1.85,58.22,2,9,0,0,47.995
34.54,33.27,0.53,78.85,0,1,0,0,66.654
16.04,11.19,2.71,57.93,1,3,0,0,49.604
43.86,27.71,0.0,46.76,4,10,0,1,90.953
42.42,-21.03,3.14,12.76,6,7,1,1,89.198
18.32,-11.58,1.5,64.65,1,4,0,0,59.919
22.99,18.23,0.89,86.29,6,2,1,0,48.608
31.98,-0.42,2.61,68.92,5,4,1,0,62.556
36.41,-8.38,0.51,44.35,0,10,0,0,67.792
27.05,-51.22,2.53,62.44,0,7,0,0,67.698
17.31,-43.86,4.59,79.1,0,2,0,0,51.13
15.54,-29.81,0.0,74.96,5,6,1,0,45.174
45.99,-78.7,0.69,51.75,4,3,0,1,115.796
27.48,-21.57,3.18,40.74,6,2,1,0,54.341
41.67,-79.61,0.0,43.73,3,2,0,1,117.964
28.4,-0.9,0.15,87.17,0,10,0,0,55.658
43.36,18.56,0.72,24.44,6,2,1,1,87.746
14.98,-1.3,0.23,83.35,6,3,1,0,46.006
15.88,17.09,1.01,26.6,5,11,1,0,35.827
43.61,-80.0,2.95,93.38,6,10,1,1,89.275
44.21,-71.68,3.4,48.11,1,7,0,1,106.784
22.7,17.78,7.6,72.34,3,10,0,0,42.165
24.08,32.41,0.57,72.0,3,1,0,0,54.056
27.38,20.48,0.17,75.67,1,3,0,0,68.513
26.15,12.82,0.01,77.1,6,5,1,0,55.714
18.46,19.03,0.72,13.32,3,10,0,0,49.245
42.54,23.54,0.89,33.23,6,2,1,1,81.788
20.61,21.41,4.62,29.53,2,8,0,0,51.994
35.98,23.32,0.8,69.38,3,1,0,0,65.021
14.28,-69.64,0.0,68.08,6,12,1,0,46.414
13.32,-71.14,0.27,35.25,1,3,0,0,63.055
34.23,-29.44,0.0,77.45,3,9,0,0,64.62
23.53,-6.14,2.94,36.49,5,8,1,0,45.22
34.29,26.77,0.14,39.15,5,5,1,0,71.214
15.2,-33.14,0.0,43.9,5,10,1,0,34.621
44.29,-41.48,0.1,73.29,4,8,0,1,99.316
37.45,29.4,1.48,11.0,0,6,0,0,82.63
41.79,-45.09,0.62,87.05,2,8,0,1,92.561
16.64,34.92,1.86,68.82,5,4,1,0,42.518
22.89,-55.2,0.91,59.86,3,9,0,0,61.329
24.52,-29.67,0.57,30.17,2,9,0,0,59.405
30.26,-23.85,1.49,76.77,6,6,1,0,57.526
22.09,-38.07,3.33,84.19,2,8,0,0,53.93
14.06,-79.53,0.0,52.63,2,10,0,0,60.074
24.54,-47.03,0.52,34.86,2,8,0,0,60.777
20.65,-32.73,0.0,42.35,2,4,0,0,68.565
25.12,-36.09,4.21,45.38,3,4,0,0,69.566
18.7,29.98,0.54,36.0,6,12,1,0,40.076
20.9,-73.37,1.71,70.54,6,10,1,0,43.855
33.32,-25.55,0.36,39.08,2,4,0,0,74.808
25.2,-74.75,0.0,79.8,2,9,0,0,65.147
23.74,50.29,0.0,49.41,6,1,1,0,44.213
30.15,30.63,1.31,63.46,4,9,0,0,60.793
38.24,57.5,0.22,90.58,1,3,0,1,85.335
24.88,47.42,1.2,47.91,3,4,0,0,66.367
31.98,-35.79,2.27,24.48,5,12,1,0,62.282
44.85,16.82,0.82,56.74,2,2,0,1,95.72
29.75,-37.08,0.26,52.22,4,10,0,0,61.952
42.93,44.35,1.5,76.52,5,5,1,1,88.06
38.98,-22.49,0.2,83.12,0,6,0,1,95.685
14.0,-27.38,3.14,70.57,6,6,1,0,39.721
26.59,47.97,0.12,92.57,0,11,0,0,53.699
35.74,37.14,1.75,32.88,0,7,0,0,73.837
45.55,55.3,2.71,30.33,2,3,0,1,98.575
27.58,-70.69,14.43,34.76,0,1,0,0,71.15
15.15,-45.93,1.0,67.03,4,3,0,0,57.737
31.11,-37.88,4.3,29.77,3,2,0,0,67.692
16.3,-20.59,0.41,17.52,2,2,0,0,58.277
37.55,-13.76,0.0,93.11,6,12,1,0,52.97
29.26,-39.19,0.0,36.74,1,6,0,0,71.755
36.6,30.66,0.99,28.9,6,12,1,0,61.174
41.56,-48.75,1.29,40.49,4,7,0,1,101.156
33.38,17.51,0.84,23.47,4,3,0,0,74.038
32.82,39.25,0.27,13.04,6,2,1,0,67.622
37.66,4.52,1.67,35.96,1,10,0,0,68.106
40.64,-30.42,0.0,38.72,0,2,0,1,100.812
41.55,-53.7,5.11,78.94,5,1,1,1,87.4
13.24,-61.19,0.03,47.03,4,5,0,0,66.031
30.91,24.18,5.29,72.62,1,4,0,0,59.439
19.35,-14.32,2.38,72.54,6,3,1,0,51.075
41.25,-73.52,1.18,77.06,5,7,1,1,90.904
34.05,57.74,0.0,88.07,3,7,0,0,62.491
26.29,13.98,2.22,52.38,0,6,0,0,62.034
18.4,38.19,2.04,18.84,6,7,1,0,41.837
23.53,-18.65,0.0,13.29,3,9,0,0,56.694
35.93,53.76,6.54,25.89,4,2,0,0,76.723
18.95,-52.07,0.81,80.48,0,5,0,0,64.368
15.18,-54.08,0.0,58.82,4,1,0,0,50.399
42.19,44.65,1.43,21.91,5,12,1,1,86.361
37.98,44.84,2.18,21.27,5,8,1,0,66.721
18.79,-10.14,4.16,85.78,2,10,0,0,36.507
21.94,-62.39,3.18,54.2,1,10,0,0,59.185
45.05,-37.27,2.1,24.61,3,1,0,1,106.793
36.08,25.58,0.38,86.22,3,6,0,0,65.202
32.76,38.44,0.0,71.26,1,11,0,0,61.237
22.46,-31.33,0.29,50.61,4,7,0,0,59.473
22.17,-71.43,0.58,49.53,6,8,1,0,57.725
13.34,13.2,0.6,67.18,0,12,0,0,38.565
36.77,23.53,2.35,38.76,1,9,0,0,70.877
13.47,-20.64,9.35,94.99,3,10,0,0,32.282
12.17,1.63,0.15,76.69,1,10,0,0,33.139
36.8,58.23,16.99,64.48,5,5,1,0,56.228
44.26,-45.7,4.88,68.43,0,12,0,1,99.63
37.72,0.22,0.0,94.67,0,11,0,0,62.109
28.04,5.53,4.56,10.92,2,1,0,0,68.219
28.53,-3.12,0.44,11.94,2,7,0,0,68.775
26.83,41.68,2.43,76.73,4,3,0,0,57.473
23.04,4.7,2.0,27.8,1,7,0,0,58.541
29.74,-8.9,5.31,68.24,5,10,1,0,46.942
26.66,-62.78,3.43,52.78,1,9,0,0,60.404
32.34,18.45,1.22,37.09,6,10,1,0,52.996
42.54,-61.5,0.9,29.66,3,6,0,1,111.069
45.83,-76.28,0.37,76.02,5,1,1,1,102.82
14.68,-11.61,1.03,24.53,0,11,0,0,51.332
25.08,0.14,2.06,23.49,5,1,1,0,60.634
18.14,59.87,0.02,47.56,2,3,0,0,56.746
23.97,19.73,0.0,20.14,3,9,0,0,58.127
21.77,38.8,1.36,64.53,0,6,0,0,55.21
17.93,-31.51,5.81,94.32,4,6,0,0,57.213
37.98,-8.75,0.7,73.57,6,1,1,0,60.086
28.87,56.4,1.01,61.27,6,3,1,0,63.279
43.25,-21.57,0.0,43.54,6,9,1,1,89.578
13.11,33.02,0.35,93.98,5,7,1,0,29.192
14.28,-6.36,2.93,84.8,1,4,0,0,51.493
25.71,-48.65,5.55,79.75,2,5,0,0,68.76
14.73,1.26,0.97,29.55,0,6,0,0,52.143
20.93,-49.47,0.0,20.5,1,12,0,0,63.482
45.53,-79.58,0.0,25.12,1,11,0,1,109.716
19.1,-46.97,0.0,31.99,4,6,0,0,67.141
18.74,-52.96,1.41,16.94,0,3,0,0,75.85
31.5,-28.07,7.84,85.52,6,7,1,0,55.439
28.93,44.4,0.69,25.74,5,1,1,0,55.44
31.73,-25.7,1.85,29.26,4,8,0,0,72.372
24.81,38.33,0.0,85.49,4,7,0,0,49.079
40.11,-2.21,0.7,91.44,1,11,0,1,79.132
16.71,-78.93,0.98,28.85,3,6,0,0,67.898
26.57,-53.58,0.65,35.01,4,7,0,0,74.143
35.45,50.38,0.0,78.01,5,1,1,0,65.175
41.52,4.58,2.54,92.47,4,10,0,1,80.354
24.57,50.14,7.52,65.22,5,4,1,0,49.233
31.3,-36.58,1.87,47.62,3,10,0,0,64.006
14.35,20.32,1.28,67.34,2,3,0,0,51.987
17.79,28.08,0.27,76.32,5,5,1,0,43.826
14.35,56.6,3.13,19.58,4,4,0,0,53.22
36.75,-77.46,1.87,47.0,2,11,0,0,83.78
21.79,53.31,3.77,82.87,3,10,0,0,47.189
36.61,-25.18,3.31,69.96,3,9,0,0,64.551
14.26,37.32,3.1,23.07,4,4,0,0,49.532
41.33,-3.74,0.0,74.19,2,9,0,1,84.187
40.41,-0.95,5.05,66.73,1,6,0,1,85.604
15.02,-29.69,0.56,32.5,6,9,1,0,36.031
12.81,35.99,0.2,39.24,2,4,0,0,48.98
13.91,-43.04,4.88,36.72,1,7,0,0,56.405
41.02,-11.09,0.45,94.43,1,12,0,1,87.077
19.98,-1.58,0.58,25.62,6,1,1,0,54.633
30.64,23.95,3.36,80.5,1,10,0,0,52.076
26.49,-13.97,0.0,55.1,4,9,0,0,61.828
39.05,15.24,4.37,84.84,2,6,0,1,87.3
28.62,-12.06,0.01,93.46,4,11,0,0,53.288
29.02,12.3,2.77,91.69,5,9,1,0,43.284
45.63,14.38,1.54,82.61,1,7,0,1,90.316
17.1,19.32,0.0,45.15,2,4,0,0,57.48
40.24,35.26,1.39,33.06,5,9,1,1,81.611
13.76,-4.3,1.62,37.16,6,1,1,0,36.97
28.24,-52.94,2.83,65.52,5,4,1,0,69.404
42.14,15.15,7.33,39.06,2,6,0,1,97.204
34.62,-69.2,2.48,46.97,1,3,0,0,91.645
35.3,-49.35,0.0,16.78,6,7,1,0,70.607
20.95,30.9,1.21,75.54,4,11,0,0,45.413
26.23,-19.09,0.33,19.47,1,5,0,0,74.951
24.46,-10.27,4.72,38.65,4,5,0,0,60.867
29.73,58.24,0.26,60.19,2,5,0,0,64.231
27.72,-47.08,4.08,55.15,1,9,0,0,62.604
23.11,-77.26,0.41,85.92,1,9,0,0,59.835
22.39,-64.41,0.26,65.99,2,3,0,0,70.323
20.53,-45.77,2.71,77.07,1,11,0,0,50.803
24.41,21.63,3.44,35.79,5,8,1,0,53.896
17.1,28.62,0.49,21.24,1,11,0,0,46.571
41.65,-0.83,1.58,73.18,1,11,0,1,85.476
32.47,-44.29,0.15,23.05,4,7,0,0,80.524
16.55,-6.96,3.66,80.9,3,9,0,0,34.362
35.59,-77.91,1.97,90.16,1,8,0,0,81.144
40.82,15.45,0.61,34.05,0,8,0,1,93.126
20.08,6.0,3.46,74.69,0,7,0,0,50.323
17.12,-76.95,3.83,47.17,2,3,0,0,70.751
12.29,34.38,0.0,35.41,1,5,0,0,51.33
13.61,26.88,1.7,46.65,4,9,0,0,43.142
37.92,-36.85,1.62,64.98,4,9,0,0,66.751
45.56,8.95,0.13,93.99,1,6,0,1,97.063
13.53,4.21,2.11,35.5,3,2,0,0,50.119
37.43,-59.95,0.49,70.01,3,2,0,0,85.206
14.44,-52.94,3.89,38.46,1,11,0,0,47.891
32.13,15.65,2.49,31.37,3,2,0,0,70.52
37.71,50.7,4.61,63.71,0,4,0,0,75.988
24.21,0.68,1.87,74.71,2,1,0,0,50.604
12.37,-0.51,3.79,70.98,5,3,1,0,38.158
32.24,10.54,0.0,90.12,1,11,0,0,62.496
45.7,-18.32,0.23,19.13,4,4,0,1,105.284
20.76,-72.42,0.89,55.96,0,11,0,0,63.679
18.44,-24.49,0.0,34.72,3,10,0,0,50.505
16.21,46.04,8.26,79.44,6,9,1,0,24.56
30.88,32.69,1.71,15.27,3,4,0,0,75.378
32.28,49.84,4.49,24.94,5,12,1,0,57.043
38.94,-58.6,0.0,75.62,1,8,0,1,94.243
37.6,-9.17,0.75,40.14,1,10,0,0,66.449
42.35,1.86,4.82,67.95,3,5,0,1,96.975
39.4,-50.61,0.47,94.87,1,8,0,1,90.432
20.41,-51.86,0.0,49.09,5,8,1,0,53.913
30.9,29.48,1.87,55.3,2,8,0,0,65.154
22.11,14.06,1.15,92.9,5,8,1,0,32.598
23.21,10.61,0.0,73.44,0,9,0,0,52.303
43.69,-42.62,3.87,26.72,2,12,0,1,99.45
35.18,-9.05,2.32,78.37,1,11,0,0,65.877
45.14,-76.77,9.81,53.85,4,4,0,1,107.705
26.18,-61.81,0.3,76.93,1,11,0,0,66.026
30.27,-7.44,3.29,60.88,3,5,0,0,65.259
28.56,-36.65,4.28,29.32,2,3,0,0,76.452
15.65,55.19,3.72,79.23,5,3,1,0,40.646
20.05,-13.99,1.75,10.17,2,9,0,0,54.095
29.94,-68.3,3.97,85.48,4,6,0,0,70.38
14.29,-77.5,0.94,79.58,0,10,0,0,50.739
43.67,21.54,0.79,92.46,5,11,1,1,78.548
16.21,-55.99,0.32,13.02,4,7,0,0,68.145
18.73,-53.71,2.57,47.2,1,3,0,0,71.981
38.02,-20.67,13.72,24.38,0,2,0,1,93.261
15.3,-43.03,1.66,41.79,2,12,0,0,53.615
42.61,6.32,0.76,40.58,6,4,1,1,92.052
36.67,-12.0,0.0,60.79,1,1,0,0,79.612
14.33,-64.4,0.62,47.18,3,5,0,0,65.336
35.52,29.86,0.31,92.07,3,10,0,0,60.31
33.48,-20.38,3.9,33.61,2,2,0,0,74.507
37.75,5.52,1.7,45.59,3,9,0,0,67.7
40.16,-79.45,0.0,69.56,1,5,0,1,108.969
36.42,7.7,2.01,33.51,4,11,0,0,65.563
31.93,-40.4,1.59,71.52,1,6,0,0,71.931
22.96,-10.79,0.0,70.24,3,7,0,0,56.117
35.71,-38.32,0.0,70.54,2,6,0,0,77.45
44.54,59.48,3.95,67.38,4,9,0,1,88.07
31.98,-47.68,0.0,79.48,3,1,0,0,74.373
34.59,47.8,0.0,94.57,4,1,0,0,65.668
26.86,48.52,1.7,14.7,4,7,0,0,66.161
37.71,-21.06,5.21,52.26,1,5,0,0,79.991
45.92,-37.44,0.26,79.11,4,3,0,1,93.372
17.45,-26.66,1.37,10.0,1,10,0,0,50.513
18.88,58.51,2.37,56.34,2,9,0,0,47.117
30.34,6.63,0.45,66.08,1,2,0,0,63.433
28.37,-3.73,3.17,26.3,3,3,0,0,72.726
31.43,-74.97,3.78,44.07,5,10,1,0,67.295
13.67,38.7,1.6,77.1,4,6,0,0,44.138
25.75,-68.27,7.42,15.67,0,4,0,0,77.645
31.82,-73.42,0.0,21.46,0,7,0,0,84.866
31.9,-41.52,3.25,79.54,2,5,0,0,74.277
34.35,-13.39,0.33,78.78,4,2,0,0,73.683
36.49,45.34,4.56,60.18,1,8,0,0,58.138
33.81,30.61,1.39,45.38,6,9,1,0,52.028
38.87,-52.33,1.97,18.98,4,1,0,1,97.915
33.24,-27.91,0.0,78.97,6,3,1,0,57.813
30.28,29.23,2.17,30.55,6,8,1,0,52.274
32.61,-6.21,0.0,87.62,0,10,0,0,54.906
15.44,-55.57,3.83,75.95,6,11,1,0,37.003
21.29,-24.55,2.0,16.88,0,8,0,0,58.813
29.93,7.63,0.17,64.02,0,2,0,0,68.698
41.68,56.25,1.42,88.25,3,5,0,1,91.357
35.09,12.65,3.57,84.73,3,4,0,0,65.206
15.07,-77.73,1.14,62.13,4,12,0,0,57.753
32.14,18.7,5.19,24.62,0,1,0,0,76.494
19.54,-44.88,1.12,67.82,0,5,0,0,68.029
36.96,40.7,0.0,66.62,5,7,1,0,64.779
40.13,-26.26,2.27,60.04,4,4,0,1,98.197
32.18,-52.05,0.25,32.59,2,9,0,0,71.961
32.11,-14.49,3.26,86.53,1,2,0,0,64.963
23.51,-44.27,0.65,52.72,1,12,0,0,62.492
27.17,-46.98,5.69,35.25,2,5,0,0,70.309
41.38,0.26,0.3,31.69,3,5,0,1,99.921
36.59,27.43,2.88,33.89,5,12,1,0,59.409
29.67,36.89,2.63,49.19,3,2,0,0,60.684
24.52,-24.33,0.3,29.62,3,6,0,0,66.09
13.71,-70.65,2.86,53.98,6,1,1,0,51.339
16.86,-12.24,0.0,26.32,0,7,0,0,56.48
18.56,-19.27,0.58,33.03,0,4,0,0,52.768
24.7,-52.42,4.2,20.17,6,9,1,0,52.656
44.1,45.46,0.0,40.38,6,7,1,1,89.661
29.18,56.38,2.22,44.51,2,8,0,0,59.433
19.98,-72.76,0.0,44.32,1,11,0,0,63.64
15.6,31.4,0.61,71.62,0,12,0,0,42.34
23.5,10.4,2.4,51.09,1,3,0,0,61.765
39.73,-43.4,0.0,68.91,6,7,1,1,86.251
25.03,8.92,2.06,12.82,5,10,1,0,46.149
38.27,-61.99,0.0,47.11,5,2,1,1,96.439
39.29,-70.28,0.0,17.63,3,6,0,1,114.022
15.77,59.09,0.53,49.28,4,7,0,0,49.558
32.69,9.09,0.0,62.29,6,11,1,0,52.16
44.61,-44.55,1.32,77.72,2,2,0,1,99.97
25.67,-17.0,0.68,56.77,3,11,0,0,59.601
13.73,53.01,0.17,42.26,2,3,0,0,50.591
43.39,-18.58,0.45,32.48,3,11,0,1,96.098
42.04,46.06,0.42,91.38,1,8,0,1,86.99
29.75,41.63,0.0,26.85,1,5,0,0,75.749
30.78,-31.82,0.0,13.61,2,2,0,0,82.107
19.2,17.44,0.18,20.7,6,5,1,0,54.699
39.86,12.47,0.82,94.79,1,9,0,1,75.199
28.95,27.97,2.99,87.02,4,3,0,0,60.054
13.15,-28.77,4.03,37.22,4,9,0,0,40.434
35.22,-72.69,0.99,10.33,4,3,0,0,88.797
44.32,-56.05,0.42,75.21,0,1,0,1,108.278
40.19,6.32,0.49,35.55,5,8,1,1,77.63
21.42,28.51,2.05,11.88,5,10,1,0,40.578
13.81,25.85,0.11,48.81,0,12,0,0,44.387
43.97,1.72,4.93,46.05,2,7,0,1,90.345
43.86,-68.13,4.59,40.75,6,8,1,1,100.426
30.1,-77.58,9.34,65.54,1,9,0,0,65.908
33.84,29.5,0.16,71.71,3,5,0,0,73.24
27.73,-3.09,3.68,57.53,5,1,1,0,49.118
26.27,29.58,11.68,11.19,5,3,1,0,50.425
16.06,-57.21,1.18,11.91,2,5,0,0,65.953
15.29,-22.96,1.38,84.95,4,8,0,0,41.867
19.91,48.68,0.0,25.85,6,4,1,0,50.378
40.45,-55.98,7.81,43.84,3,3,0,1,97.51
16.96,-71.39,0.97,18.8,6,11,1,0,51.7
19.71,11.49,17.15,29.49,5,2,1,0,39.713
30.65,3.24,0.0,51.26,4,10,0,0,54.566
19.31,53.28,2.75,30.02,5,2,1,0,48.534
17.55,46.91,0.0,66.02,1,4,0,0,57.098
31.15,24.92,0.72,41.22,0,11,0,0,66.719
24.52,-77.32,1.81,77.02,5,11,1,0,47.033
33.29,-12.75,2.31,61.17,4,5,0,0,71.226
43.01,45.45,0.17,31.59,6,1,1,1,82.097
17.13,-19.29,0.86,78.71,3,12,0,0,44.571
43.06,54.7,1.49,89.23,2,11,0,1,87.637
42.68,11.35,1.39,20.2,5,6,1,1,88.671
40.19,-64.68,0.85,66.92,6,1,1,1,88.739
33.46,-8.7,0.0,63.62,5,9,1,0,52.666
33.08,17.39,3.99,66.93,5,10,1,0,55.125
33.73,-70.85,0.0,12.65,1,10,0,0,73.069
35.48,-31.75,4.89,12.39,6,9,1,0,62.258
12.56,20.39,9.98,35.06,0,11,0,0,34.381
44.58,-58.01,0.0,16.82,5,7,1,1,96.277
31.91,-31.23,1.07,41.12,1,2,0,0,79.726
38.57,16.59,0.0,84.16,0,9,0,1,74.891
24.83,28.58,2.6,40.13,5,3,1,0,54.134
12.42,-7.41,0.88,43.39,2,8,0,0,43.075
29.33,53.96,3.56,32.74,6,2,1,0,55.343
29.24,49.55,0.0,45.84,1,1,0,0,58.981
26.86,-13.72,0.27,77.79,4,6,0,0,62.737
23.55,-57.56,3.09,80.63,4,8,0,0,57.03
20.49,28.21,0.0,45.79,5,2,1,0,51.761
29.94,-45.96,0.51,43.73,6,10,1,0,59.722
24.76,37.99,1.34,26.58,4,8,0,0,64.171
44.98,2.2,0.62,92.93,2,10,0,1,84.985
17.88,-24.83,2.41,36.43,3,5,0,0,62.817
22.87,-2.11,0.77,39.12,4,8,0,0,53.813
21.99,-5.41,0.86,46.54,6,12,1,0,49.584
30.47,49.46,3.23,16.84,1,3,0,0,72.874
28.98,-49.99,7.19,37.93,0,10,0,0,65.088
33.89,49.94,0.0,89.1,3,8,0,0,63.408
44.3,-75.61,3.81,16.33,2,9,0,1,103.639
21.7,27.69,2.69,30.44,6,8,1,0,42.121
35.55,48.75,5.02,28.51,1,9,0,0,67.638
12.85,-24.83,0.01,29.98,1,10,0,0,48.388
20.92,-69.77,2.77,91.14,0,1,0,0,63.666
27.77,32.65,0.77,70.23,6,1,1,0,49.722
13.05,38.0,1.54,88.18,4,2,0,0,43.849
33.0,-32.92,0.0,82.9,6,12,1,0,60.903
35.06,-7.4,0.75,63.1,1,6,0,0,69.568
37.39,33.33,4.27,57.58,0,12,0,0,68.345
29.56,-53.11,3.87,53.27,3,11,0,0,56.922
32.53,8.06,0.84,68.61,1,5,0,0,72.685
25.47,-19.71,3.94,69.66,0,2,0,0,60.406
13.4,-55.58,3.17,60.95,6,11,1,0,35.645
15.4,36.4,1.48,48.16,2,6,0,0,50.127
34.27,-34.54,3.34,67.41,0,4,0,0,81.283
45.85,50.82,4.32,23.32,1,10,0,1,99.603
12.54,-0.35,0.0,56.88,2,6,0,0,42.085
30.96,-7.97,1.02,54.14,6,4,1,0,60.159
37.53,-20.74,0.1,55.45,4,5,0,0,82.518
40.11,-23.91,0.86,53.42,3,12,0,1,88.622
30.54,34.52,1.4,73.77,4,4,0,0,70.57
33.08,14.85,0.47,74.39,5,12,1,0,53.415
35.69,28.32,3.66,38.01,1,8,0,0,70.699
41.2,-21.05,0.0,39.81,3,1,0,1,96.001
16.16,-43.4,3.82,11.4,2,2,0,0,64.068
43.49,-67.84,3.75,19.63,0,8,0,1,103.346
12.88,28.73,0.96,32.3,3,2,0,0,56.016
40.43,-21.86,0.38,75.09,4,2,0,1,89.17
14.61,-8.71,8.2,77.82,4,6,0,0,41.656
18.62,-14.29,0.0,31.08,0,6,0,0,56.305
12.13,-19.64,0.0,83.93,2,12,0,0,43.377
27.14,15.75,0.6,41.93,2,11,0,0,58.778
23.37,5.22,0.76,77.83,1,12,0,0,46.615
17.64,56.09,3.27,49.68,3,1,0,0,52.123
27.34,-60.55,0.39,70.57,3,10,0,0,61.819
25.68,0.29,2.88,40.29,5,12,1,0,49.452
38.1,-71.15,0.0,16.0,5,8,1,1,95.793
42.37,33.11,0.18,31.59,6,12,1,1,81.95
34.19,6.28,0.56,69.25,2,10,0,0,64.008
16.23,-20.03,1.84,88.03,1,9,0,0,41.438
22.04,32.31,1.91,63.4,3,5,0,0,59.369
43.05,-16.3,1.6,75.36,4,5,0,1,97.239
15.02,-48.11,1.15,11.2,2,5,0,0,59.569
25.83,-13.85,6.28,74.61,3,4,0,0,61.796
44.05,-70.08,0.85,81.02,6,7,1,1,91.181
44.32,45.7,0.0,45.08,5,6,1,1,95.117
25.98,22.33,0.29,51.98,4,4,0,0,61.518
34.69,26.44,0.58,14.45,6,3,1,0,73.86
27.53,42.43,0.0,24.84,0,7,0,0,65.705
37.62,30.82,1.9,14.8,3,1,0,0,78.139
13.07,-19.54,2.13,72.17,1,5,0,0,45.9
16.9,-63.39,1.92,77.99,2,1,0,0,55.842
32.88,-27.73,1.45,19.24,5,5,1,0,70.869
19.91,50.77,0.0,88.34,5,8,1,0,44.123
34.65,52.87,1.66,81.36,3,8,0,0,60.361
23.94,27.5,0.14,58.98,3,1,0,0,60.469
42.15,-51.38,6.36,93.15,4,9,0,1,91.978
39.85,-52.78,0.22,85.01,6,4,1,1,95.559
28.76,43.17,0.0,28.92,0,6,0,0,68.299
38.28,-60.13,0.98,91.09,3,9,0,1,94.354
21.22,1.78,0.0,47.65,0,1,0,0,62.722
28.8,-27.04,6.92,23.16,6,3,1,0,64.677
18.71,-37.72,3.09,27.01,1,2,0,0,61.279
41.27,14.83,5.27,68.16,0,4,0,1,91.227
39.98,54.34,4.14,93.94,5,1,1,1,76.044
42.67,28.87,0.0,47.85,5,1,1,1,85.64
41.83,-11.94,1.0,58.72,6,7,1,1,84.148
44.63,-18.3,0.0,35.52,2,2,0,1,99.439
19.76,47.07,1.09,81.86,1,6,0,0,51.811
43.68,0.93,3.5,19.79,4,3,0,1,105.194
31.42,-10.47,4.27,59.49,6,12,1,0,55.039
26.36,15.6,0.09,59.83,6,2,1,0,51.665
31.05,-46.8,1.76,10.1,2,6,0,0,81.005
23.65,-71.08,0.0,89.95,4,6,0,0,63.897
21.81,39.72,0.57,92.82,5,9,1,0,34.406
20.2,5.02,1.07,49.74,5,2,1,0,46.692
14.8,-56.92,3.04,71.68,4,12,0,0,52.42
28.88,-38.27,0.0,82.14,1,4,0,0,70.388
42.18,58.59,1.37,19.92,4,1,0,1,92.451
33.43,8.82,0.0,17.19,1,9,0,0,70.004
29.71,9.06,3.06,68.59,3,7,0,0,59.303
26.57,-69.9,2.89,57.56,4,8,0,0,65.359
27.79,55.66,0.23,67.75,0,11,0,0,58.704
19.12,44.99,1.49,58.62,3,5,0,0,57.191
39.98,-3.31,3.74,71.74,2,11,0,1,80.449
18.75,-36.69,0.5,23.17,0,12,0,0,58.581
36.37,17.73,0.17,28.33,4,7,0,0,75.94
37.84,36.67,0.79,30.15,5,10,1,0,63.287
31.55,30.06,3.87,45.4,6,1,1,0,56.272
41.34,56.79,6.26,74.56,4,8,0,1,82.936
21.9,9.16,10.39,80.67,1,1,0,0,44.244
41.97,-35.03,0.0,44.11,0,6,0,1,102.134
36.8,-10.29,0.0,61.17,5,9,1,0,59.185
39.16,34.28,0.82,35.09,0,1,0,1,88.894
34.6,-42.85,1.62,50.44,2,5,0,0,78.703
40.78,-47.6,0.22,89.98,2,5,0,1,99.851
45.77,21.48,2.23,32.89,1,3,0,1,106.219
26.29,-17.78,0.38,76.98,4,7,0,0,53.752
39.67,34.32,1.46,13.59,5,10,1,1,78.04
37.32,-59.88,0.0,39.35,6,12,1,0,73.743
27.4,-33.0,2.04,66.0,3,11,0,0,63.042
43.52,-42.47,1.83,75.96,3,12,0,1,100.724
25.41,17.7,1.64,60.34,1,3,0,0,61.85
31.23,26.31,2.93,83.88,0,2,0,0,71.143
15.6,-16.16,0.43,79.77,5,3,1,0,45.797
19.68,-13.08,1.22,62.49,5,12,1,0,44.519
40.58,-61.52,1.63,39.59,6,3,1,1,94.781
25.48,18.26,6.79,40.92,0,10,0,0,53.71
25.4,58.92,2.24,62.28,2,5,0,0,64.98
20.36,28.91,2.89,65.81,4,9,0,0,42.93
28.71,-48.76,0.6,43.54,6,10,1,0,48.808
39.4,7.24,1.74,43.79,2,11,0,1,84.776
42.44,-38.71,1.47,25.03,0,2,0,1,105.868
14.38,-75.78,4.29,10.02,6,4,1,0,63.822
31.54,-54.82,0.28,49.23,0,2,0,0,78.958
27.89,-65.64,0.56,80.62,4,5,0,0,73.244
32.89,-52.57,0.0,75.16,2,5,0,0,76.11
27.21,31.38,0.99,94.48,0,11,0,0,49.794
25.55,-39.0,9.58,66.9,3,9,0,0,62.85
28.04,25.99,3.0,29.88,2,2,0,0,61.336
31.79,52.84,0.87,67.57,3,6,0,0,63.096
29.03,0.4,0.0,80.42,1,9,0,0,54.768
28.05,-12.04,0.19,64.48,4,9,0,0,64.11
39.81,25.02,0.29,50.95,1,10,0,1,86.276
37.35,-66.41,5.45,62.57,1,3,0,0,90.967
23.61,-20.05,0.0,12.19,2,11,0,0,59.265
39.22,-10.16,1.21,32.53,1,11,0,1,83.115
41.02,36.35,0.0,23.41,3,3,0,1,98.527
17.22,33.99,0.06,45.14,3,8,0,0,47.352
31.81,38.76,13.65,85.91,5,9,1,0,41.707
21.7,17.7,0.13,25.98,6,11,1,0,42.786
37.13,-5.72,3.9,16.03,0,2,0,0,82.151
20.12,35.9,5.6,76.04,0,3,0,0,51.448
34.83,42.26,1.49,83.77,3,11,0,0,57.415
20.67,-12.73,14.65,55.17,0,1,0,0,45.136
29.38,57.99,0.91,42.01,5,6,1,0,59.999
44.25,42.47,0.51,46.6,5,4,1,1,93.46
24.96,-8.53,0.2,66.01,3,8,0,0,59.104
41.78,-70.3,0.68,80.66,6,6,1,1,99.494
45.56,-48.57,1.93,26.1,3,11,0,1,98.281
41.74,28.7,2.33,86.69,3,1,0,1,86.796
17.64,-64.44,0.85,65.88,5,7,1,0,50.956
39.87,-14.23,5.1,72.75,3,7,0,1,82.355
13.09,4.68,0.0,17.39,4,7,0,0,47.68
25.37,42.97,2.39,88.06,1,1,0,0,58.71
41.6,38.6,2.85,54.9,3,6,0,1,91.064
35.42,27.0,4.28,40.78,5,11,1,0,53.832
30.11,-22.92,2.52,43.91,6,8,1,0,55.834
25.19,-60.09,3.93,34.91,1,2,0,0,75.746
39.62,13.75,0.21,23.85,0,9,0,1,88.014
36.12,-54.62,0.87,12.95,4,12,0,0,83.15
27.93,-1.42,1.63,32.47,0,10,0,0,51.863
42.34,57.29,1.17,52.21,4,2,0,1,97.019
19.82,-2.96,0.03,66.67,2,1,0,0,52.412
17.79,10.38,1.73,72.33,5,3,1,0,46.957
33.86,14.86,9.38,60.63,1,5,0,0,62.121
45.05,36.25,1.51,19.87,0,12,0,1,96.224
20.41,-19.1,0.04,46.68,1,6,0,0,63.769
20.49,-10.35,0.67,66.73,0,12,0,0,49.864
16.74,-55.36,1.15,73.17,1,2,0,0,59.369
41.26,6.06,0.0,37.58,5,10,1,1,77.727
19.7,-38.59,0.11,88.92,4,10,0,0,48.036
29.11,-8.93,4.03,77.61,4,12,0,0,60.69
45.69,27.32,0.29,82.4,2,7,0,1,88.339
12.41,-77.54,9.94,66.66,1,8,0,0,48.006
30.92,-1.05,1.87,45.17,5,1,1,0,58.203
29.42,-55.72,4.17,89.4,6,11,1,0,55.546
39.45,-40.89,1.17,86.62,1,8,0,1,88.704
24.08,-75.14,11.33,80.42,6,9,1,0,50.137
25.95,-56.28,0.14,85.75,4,5,0,0,71.031
17.71,58.13,0.25,87.91,2,1,0,0,46.463
37.19,59.79,1.03,73.44,1,9,0,0,64.853
38.68,20.78,0.0,27.03,4,9,0,1,88.539
16.65,5.66,0.53,55.78,0,3,0,0,56.686
25.38,28.78,0.28,62.36,2,10,0,0,48.386
42.36,45.52,1.3,75.74,4,1,0,1,90.004
12.09,-7.3,0.0,52.09,3,8,0,0,44.099
22.16,-75.06,1.48,53.59,1,2,0,0,75.822
30.87,19.32,0.39,94.62,1,10,0,0,51.106
23.36,57.84,0.0,48.44,4,6,0,0,62.174
21.25,-43.87,1.25,21.05,5,4,1,0,62.105
27.64,-15.11,2.72,70.32,4,9,0,0,56.393
18.17,-29.42,3.27,40.82,1,10,0,0,46.461
30.01,-25.33,0.56,31.13,4,8,0,0,68.385
36.03,21.0,2.33,63.42,1,9,0,0,64.766
31.56,-27.02,0.0,91.12,4,1,0,0,63.518
15.17,51.75,0.55,36.59,4,10,0,0,47.783
40.71,30.55,0.91,41.64,6,8,1,1,74.277
17.95,-76.13,1.98,49.57,5,2,1,0,60.126
38.0,34.6,4.96,68.48,0,6,0,1,79.589
24.26,28.2,3.53,43.66,0,8,0,0,54.502
38.61,-7.69,2.63,46.13,6,10,1,1,75.242
19.01,-10.45,3.04,69.58,2,7,0,0,52.404
18.35,36.97,3.16,93.74,0,4,0,0,51.375
28.9,-20.53,0.01,36.9,1,4,0,0,74.125
13.12,-57.68,3.5,59.75,3,9,0,0,49.392
19.66,-36.19,0.54,77.52,6,11,1,0,44.271
36.62,-42.87,0.0,28.03,6,8,1,0,74.777
40.47,15.35,2.3,79.56,4,10,0,1,76.001
14.75,-54.96,1.99,40.17,1,8,0,0,53.694
41.99,10.27,4.91,19.44,4,6,0,1,89.636
39.12,-14.76,1.03,12.12,5,5,1,1,88.539
41.57,37.55,0.38,12.81,2,6,0,1,97.204
35.75,-12.1,4.45,77.8,4,1,0,0,70.673
34.92,50.17,0.0,67.37,3,7,0,0,66.936
29.85,46.07,0.0,77.45,6,3,1,0,56.209
34.19,-54.06,1.51,74.0,4,11,0,0,71.509
43.25,16.06,0.0,42.38,0,11,0,1,88.909
15.42,-49.95,1.06,89.31,6,6,1,0,38.94
22.74,35.26,2.31,84.63,3,8,0,0,45.733
14.46,9.0,0.54,39.61,3,1,0,0,47.596
44.12,-38.82,3.84,75.7,1,7,0,1,98.433
27.14,-45.12,0.0,79.67,4,11,0,0,60.315
34.96,-19.86,0.42,51.52,0,7,0,0,76.415
40.6,32.1,1.1,20.24,1,11,0,1,91.818
45.69,31.46,2.47,38.39,4,1,0,1,100.568
17.5,-75.33,0.0,94.05,1,12,0,0,56.35
39.18,-37.68,4.71,70.85,5,5,1,1,84.407
42.17,-20.8,0.79,75.85,1,1,0,1,89.123
13.66,1.98,6.45,87.51,5,8,1,0,23.077
37.64,-59.07,1.03,27.23,4,8,0,0,80.044
24.06,-33.06,1.96,92.31,5,2,1,0,52.885
34.05,43.98,3.36,54.04,5,5,1,0,70.161
29.48,-13.28,0.28,73.3,5,12,1,0,53.119
20.83,24.18,2.14,37.05,2,3,0,0,59.663
16.6,-12.13,1.55,38.0,3,1,0,0,55.336
15.98,-14.9,0.0,40.57,0,10,0,0,45.136
15.51,7.07,3.7,39.59,2,9,0,0,45.593
33.68,-43.69,0.0,15.31,3,6,0,0,87.261
23.95,-45.03,3.86,36.31,5,4,1,0,63.452
19.37,58.51,0.18,65.03,6,11,1,0,42.773
35.52,41.66,2.97,86.67,4,11,0,0,63.593
35.35,23.29,2.21,13.54,0,1,0,0,75.558
30.33,-60.8,6.37,11.41,1,10,0,0,70.892
43.79,-75.77,1.51,60.35,3,6,0,1,107.942
25.1,-55.44,3.5,69.47,3,4,0,0,70.569
40.42,51.28,2.68,61.7,6,5,1,1,83.374
14.55,34.28,0.0,92.71,1,6,0,0,43.991
37.15,-6.77,1.93,29.45,3,7,0,0,75.065
45.61,55.63,0.83,50.91,5,12,1,1,81.165
40.78,-59.48,1.3,87.85,3,1,0,1,94.934
31.71,-1.72,0.17,62.49,1,8,0,0,57.469
33.31,-54.35,0.0,59.06,0,1,0,0,79.929
24.01,-37.1,0.4,89.29,4,1,0,0,60.014
35.1,51.62,2.41,38.81,4,4,0,0,76.395
38.19,41.56,0.0,23.36,5,10,1,1,80.055
45.94,-65.75,0.11,20.98,5,5,1,1,106.619
28.74,-45.06,5.92,79.86,6,5,1,0,58.147
14.08,3.23,11.7,82.84,1,11,0,0,26.285
32.26,-71.41,0.59,29.88,3,4,0,0,91.718
16.05,-2.99,0.06,48.85,2,10,0,0,45.434
20.32,1.83,0.24,59.71,6,10,1,0,41.228
23.18,-39.26,2.96,21.82,0,8,0,0,69.138
36.86,-38.96,0.0,82.15,4,12,0,0,71.581
18.25,-47.93,2.51,45.6,2,12,0,0,53.883
17.64,50.99,1.85,83.4,0,1,0,0,41.108
13.53,-25.56,0.0,74.61,4,3,0,0,49.288
41.69,1.94,6.12,35.07,2,5,0,1,94.927
35.58,-37.78,1.01,70.91,4,8,0,0,65.456
13.36,18.37,0.46,72.96,2,4,0,0,45.309
12.96,-65.8,0.39,36.46,1,8,0,0,55.298
30.99,-69.97,1.91,31.57,0,11,0,0,78.663
21.61,24.2,7.53,79.99,1,1,0,0,45.21
32.29,21.73,2.52,67.62,3,11,0,0,59.245
26.78,-42.9,0.75,72.86,1,6,0,0,74.724
43.39,-30.29,1.83,36.61,0,11,0,1,90.579
21.79,54.02,0.12,71.39,2,9,0,0,51.097
35.09,-65.39,5.54,70.72,5,1,1,0,69.911
13.84,-54.36,11.06,38.33,5,11,1,0,41.975
44.5,-19.79,1.56,32.99,2,1,0,1,103.412
45.35,-40.51,0.32,46.67,3,4,0,1,107.938
37.13,10.86,0.0,72.82,1,7,0,0,70.365
27.82,16.68,12.25,26.45,2,11,0,0,48.61
19.48,-6.31,5.17,84.31,4,3,0,0,50.497
39.63,5.57,6.04,31.7,0,7,0,1,90.138
37.04,-19.32,0.0,81.37,6,2,1,0,67.176
19.55,26.45,1.47,23.24,6,5,1,0,53.503
27.34,-74.11,2.36,72.85,6,4,1,0,72.708
27.74,-36.2,5.4,57.72,1,6,0,0,66.521
40.1,15.82,3.98,66.22,6,9,1,1,75.345
35.25,-33.85,0.07,92.8,0,9,0,0,68.716
33.87,-69.01,3.24,14.47,6,9,1,0,65.37
34.09,-31.7,1.18,22.68,0,1,0,0,78.663
21.2,19.61,5.84,16.72,2,10,0,0,49.925
24.64,-62.92,0.13,54.17,6,8,1,0,54.308
13.55,21.45,4.07,78.24,3,1,0,0,37.028
38.76,28.56,0.0,14.66,1,12,0,1,86.773
26.72,8.94,2.35,76.25,2,10,0,0,48.95
26.9,-45.81,11.51,46.81,2,9,0,0,55.669
20.34,32.74,5.75,90.02,6,6,1,0,43.265
19.12,-49.98,0.0,42.53,2,10,0,0,48.438
31.99,46.81,7.8,93.69,0,4,0,0,65.206
19.91,18.93,1.94,57.3,1,9,0,0,47.845
14.18,-72.34,0.0,94.15,3,8,0,0,48.353
38.1,31.9,0.15,63.71,0,8,0,1,83.939
24.8,-9.1,1.59,39.44,1,10,0,0,53.854
24.93,-16.63,0.19,78.29,4,3,0,0,63.509
26.66,-21.13,5.48,51.39,5,2,1,0,58.51
39.71,4.93,2.72,36.25,0,7,0,1,93.255
22.91,21.44,6.5,50.66,2,10,0,0,45.169
37.77,45.44,2.02,84.11,2,4,0,0,69.823
43.94,-41.79,3.11,72.25,6,7,1,1,89.107
34.47,8.31,0.36,24.77,5,12,1,0,59.466
26.68,16.09,0.4,81.28,6,8,1,0,42.914
37.42,14.47,0.44,46.67,4,1,0,0,74.313
27.57,-10.98,0.0,17.04,1,11,0,0,61.447
26.09,-25.26,0.0,22.51,6,12,1,0,56.731
29.86,26.73,2.73,15.62,5,9,1,0,61.909
22.8,-38.0,0.0,67.51,4,8,0,0,60.556
15.54,-50.87,0.32,31.89,2,8,0,0,60.732
26.1,-3.58,2.31,18.19,5,8,1,0,53.948
16.21,-42.53,0.0,41.08,2,5,0,0,63.212
25.96,-75.35,0.81,83.69,2,8,0,0,68.004
30.94,-72.78,0.0,63.44,1,7,0,0,78.991
43.64,17.3,1.78,51.33,4,10,0,1,90.215
13.23,56.24,0.0,72.32,4,11,0,0,37.932
33.13,-16.34,0.0,16.45,1,9,0,0,66.084
27.56,-59.41,1.72,85.04,2,12,0,0,59.941
12.69,34.53,3.74,25.11,1,6,0,0,50.397
20.48,-43.4,0.0,11.82,5,10,1,0,48.447
16.03,59.39,3.11,40.8,2,5,0,0,55.619
19.37,-1.14,2.62,14.97,5,10,1,0,45.627
21.34,-47.43,0.18,24.2,1,4,0,0,71.764
25.64,-10.56,0.52,72.81,2,9,0,0,57.45
29.99,-33.05,3.89,44.4,0,1,0,0,71.396
12.03,29.13,9.96,10.59,0,10,0,0,38.773
17.5,-65.19,3.09,64.72,0,4,0,0,66.229
15.18,39.98,1.95,70.1,0,3,0,0,48.11
30.69,27.43,4.4,86.67,6,5,1,0,51.5
23.19,40.59,1.81,23.14,1,6,0,0,57.032
30.65,45.3,0.46,82.86,3,2,0,0,62.099
19.54,-47.83,2.41,70.24,6,7,1,0,55.077
12.82,-7.06,3.79,57.91,3,2,0,0,41.607
44.01,38.99,0.0,32.25,2,7,0,1,93.372
15.68,-27.17,3.27,48.92,5,5,1,0,45.973
16.31,-71.54,4.33,26.85,5,8,1,0,48.704
16.98,-39.17,2.16,71.0,0,2,0,0,58.335
45.36,-46.13,5.05,69.81,6,12,1,1,85.259
33.0,41.81,4.29,26.28,0,1,0,0,69.402
32.75,-15.06,2.66,31.47,2,11,0,0,63.618
45.55,15.7,0.69,86.59,6,5,1,1,86.186
15.01,54.7,0.0,50.09,3,10,0,0,41.456
45.13,-38.11,3.42,56.84,3,8,0,1,97.028
18.94,26.57,0.15,91.48,5,10,1,0,39.154
33.18,-76.81,2.59,27.6,3,7,0,0,83.565
26.28,-65.42,4.52,63.31,4,10,0,0,61.646
25.05,-57.34,0.78,75.79,3,8,0,0,55.019
43.66,-36.26,0.0,37.15,0,9,0,1,99.452
17.07,-23.58,0.46,36.25,2,7,0,0,49.357
45.9,-13.22,2.65,86.23,5,4,1,1,93.227
24.89,-45.65,0.36,18.45,2,11,0,0,66.09
34.06,-70.73,0.0,23.38,6,11,1,0,73.351
44.91,14.85,0.18,44.93,6,9,1,1,79.829
13.96,-76.69,3.53,77.86,5,4,1,0,52.756
43.38,33.33,0.48,48.67,0,5,0,1,102.739
31.31,50.08,1.02,33.0,5,9,1,0,51.412
35.95,19.45,0.39,45.73,6,3,1,0,69.691
17.07,3.43,2.6,47.86,5,2,1,0,45.362
30.14,11.98,2.45,71.8,4,5,0,0,65.855
34.9,11.31,0.0,83.84,4,7,0,0,71.524
27.51,50.44,0.3,37.31,3,11,0,0,59.853
17.27,55.0,0.0,70.23,1,4,0,0,48.476
20.3,-20.26,1.92,69.62,3,3,0,0,62.342
41.05,6.39,4.38,75.19,6,9,1,1,69.37
13.17,32.39,3.69,58.9,0,11,0,0,41.008
36.1,-79.85,1.92,11.25,0,11,0,0,86.836
45.98,-6.22,1.74,65.75,6,8,1,1,74.592
12.25,11.4,9.72,62.05,5,1,1,0,31.336
17.48,20.41,0.0,61.98,3,8,0,0,45.35
34.92,-28.37,0.26,33.91,2,2,0,0,78.983
14.04,-38.61,3.46,18.32,0,10,0,0,49.24
32.05,-54.5,3.04,26.09,4,12,0,0,77.79
35.26,-1.91,1.46,28.38,3,8,0,0,67.131
32.0,48.7,0.56,24.76,5,3,1,0,70.376
24.42,45.44,2.18,30.79,2,4,0,0,60.723
35.71,-29.6,2.59,15.84,5,9,1,0,66.92
32.21,-43.9,0.54,32.89,6,10,1,0,64.066
19.06,30.43,2.44,94.82,1,10,0,0,41.993
31.15,21.5,1.53,53.47,5,2,1,0,60.25
41.98,-9.25,1.83,39.28,4,9,0,1,88.771
34.67,-25.54,0.74,71.24,2,12,0,0,67.152
28.04,-62.67,3.0,49.9,1,1,0,0,68.377
22.93,29.92,1.65,12.51,1,6,0,0,61.17
14.92,6.45,0.02,56.53,0,9,0,0,39.689
20.32,-27.24,1.06,35.85,1,7,0,0,56.18
12.38,48.63,0.57,58.55,3,12,0,0,46.072
45.55,12.35,0.0,24.72,3,9,0,1,89.112
19.56,50.09,3.14,51.02,6,5,1,0,50.349
39.71,-13.58,0.25,26.46,5,8,1,1,79.935
17.73,-16.35,0.49,35.4,6,9,1,0,37.251
21.64,51.21,0.0,68.41,5,10,1,0,35.457
26.22,54.37,0.61,29.35,4,4,0,0,65.144
23.03,54.51,1.18,45.46,5,11,1,0,46.235
39.14,34.65,1.78,16.22,5,12,1,1,83.076
44.56,-15.26,1.79,68.41,5,3,1,1,91.354
41.76,-50.56,2.13,55.81,1,3,0,1,113.518
17.22,-26.32,0.01,79.17,5,5,1,0,48.28
38.41,51.36,2.19,55.48,1,4,0,1,92.895
17.03,-29.1,3.06,94.51,2,3,0,0,51.203
43.05,25.94,0.48,30.5,4,3,0,1,98.608
29.61,49.22,0.81,73.08,3,9,0,0,54.332
23.44,55.85,4.17,46.75,5,12,1,0,46.874
17.34,52.67,2.85,41.96,5,2,1,0,46.267
12.4,-2.29,9.78,72.18,5,7,1,0,32.862
20.43,-11.14,3.21,91.22,1,4,0,0,52.892
43.08,58.27,0.0,74.22,0,3,0,1,99.314
39.11,-49.45,0.0,38.06,1,7,0,1,100.685
44.97,-53.75,2.9,53.34,2,2,0,1,108.189
15.43,54.85,0.0,28.46,5,1,1,0,39.661
32.13,16.49,0.0,62.72,0,11,0,0,58.508
20.74,-4.92,0.52,44.22,3,6,0,0,60.274
30.46,-61.51,2.33,29.39,5,1,1,0,72.187
22.9,-8.15,2.74,11.79,2,11,0,0,54.099
21.64,52.19,0.59,88.65,2,8,0,0,49.267
31.51,4.4,0.57,16.7,1,9,0,0,68.962
18.23,-23.35,0.0,37.99,3,8,0,0,52.854
27.95,-2.85,3.37,26.19,4,6,0,0,62.453
34.13,44.06,0.0,52.0,4,10,0,0,59.203
16.36,47.8,1.75,26.57,5,5,1,0,45.791
43.64,-23.99,0.47,72.58,0,9,0,1,90.515
29.19,5.13,4.19,29.11,2,11,0,0,58.865
39.86,-40.91,0.08,25.76,2,11,0,1,95.223
34.23,-16.85,3.67,28.44,2,7,0,0,72.496
36.14,-49.22,0.31,35.29,5,1,1,0,76.285
36.35,-5.59,4.09,64.56,0,1,0,0,67.976
41.75,0.95,0.9,27.82,2,6,0,1,101.629
32.86,-32.7,0.52,69.23,0,8,0,0,72.69
21.46,-41.9,0.0,46.56,3,1,0,0,65.807
15.38,-58.86,0.29,26.75,6,5,1,0,54.9
32.61,-60.46,0.0,30.4,6,5,1,0,76.463
14.26,19.6,2.25,54.82,0,6,0,0,51.494
20.2,-48.97,1.96,42.18,0,7,0,0,62.869
14.06,-63.48,0.97,53.67,3,4,0,0,60.792
30.66,59.84,0.13,79.07,1,8,0,0,56.739
17.45,-43.61,0.03,13.9,1,6,0,0,63.425
32.75,45.45,10.21,43.46,4,12,0,0,56.52
38.89,5.29,3.74,45.31,2,4,0,1,102.813
39.94,20.11,2.73,31.33,4,12,0,1,81.83
22.52,-1.47,0.38,47.56,0,12,0,0,51.715
30.66,-54.69,0.28,58.16,6,4,1,0,72.783
31.14,38.59,0.62,59.72,0,5,0,0,68.92
28.08,35.92,6.4,66.94,0,9,0,0,52.014
34.27,-31.04,1.51,16.53,2,6,0,0,82.852
19.14,26.94,0.44,49.1,6,9,1,0,40.886
45.29,-3.97,0.0,74.4,4,4,0,1,99.401
15.33,47.27,3.53,48.68,3,12,0,0,46.205
40.19,32.4,2.38,65.8,1,9,0,1,76.792
32.2,-74.26,2.07,60.19,1,2,0,0,79.495
20.33,43.1,0.68,49.5,4,3,0,0,60.241
37.35,55.6,0.76,16.71,3,8,0,0,80.249
14.87,23.9,1.03,63.82,4,4,0,0,48.187
38.33,-63.21,4.02,55.43,2,5,0,1,98.537
32.06,33.03,0.0,10.48,2,8,0,0,70.103
15.77,10.65,0.0,27.58,1,5,0,0,56.587
14.7,-32.56,4.51,15.22,2,11,0,0,47.371
37.53,43.76,0.44,58.47,1,8,0,0,65.404
21.96,-0.82,0.2,11.29,3,6,0,0,61.69
42.24,39.41,1.17,81.61,2,4,0,1,96.202
37.91,13.82,0.0,90.53,5,4,1,0,65.767
35.74,-39.61,1.09,92.92,3,1,0,0,76.628
21.47,56.5,1.47,29.26,2,2,0,0,59.336
36.1,-0.06,1.28,52.09,0,10,0,0,68.101
44.24,-7.65,0.21,85.75,0,10,0,1,88.335
15.11,-23.51,1.59,68.42,0,2,0,0,51.833
23.09,-60.91,3.84,35.39,2,7,0,0,70.221
19.98,16.07,6.12,80.89,2,4,0,0,48.411
25.37,-19.69,0.0,58.78,0,9,0,0,56.298
37.24,50.85,1.94,72.05,4,8,0,0,65.189
28.12,55.11,3.62,92.4,3,10,0,0,50.886
31.4,27.47,0.0,94.79,6,8,1,0,50.66
22.68,-46.05,2.59,52.91,6,3,1,0,56.086
16.8,20.24,4.85,23.31,0,8,0,0,45.399
21.08,-77.14,0.18,62.66,4,11,0,0,61.961
41.23,35.7,2.76,64.73,6,12,1,1,71.109
32.48,-10.89,8.08,58.63,5,9,1,0,53.962
24.85,51.14,0.43,45.87,4,5,0,0,63.717
38.86,-27.11,0.0,59.43,0,7,0,1,90.291
14.19,-43.16,1.16,55.39,6,2,1,0,42.898
20.63,59.31,3.47,90.3,5,8,1,0,37.084
19.82,-5.71,0.0,81.2,3,2,0,0,54.396
45.5,40.85,3.32,43.46,6,4,1,1,89.728
36.01,47.55,7.61,58.52,3,7,0,0,66.233
33.0,-7.41,10.31,58.11,3,6,0,0,62.43
12.17,-16.2,5.07,53.41,5,5,1,0,40.183
18.27,-2.6,3.94,14.94,5,8,1,0,47.338
33.61,38.68,0.0,70.57,3,11,0,0,68.203
24.91,55.05,2.33,72.16,5,12,1,0,43.127
43.43,-34.03,0.03,51.16,6,7,1,1,92.19
38.0,23.41,1.97,86.63,4,7,0,1,83.877
27.21,-40.05,0.29,93.63,6,6,1,0,51.497
37.48,5.53,0.06,79.1,2,11,0,0,61.104
45.16,32.67,8.54,88.87,3,11,0,1,74.369
27.67,44.11,1.72,51.44,4,1,0,0,62.545
33.85,-17.18,1.52,87.71,4,10,0,0,67.278
43.23,-28.23,2.14,89.48,1,1,0,1,96.7
20.45,-44.52,3.11,63.0,3,9,0,0,53.609
42.14,-61.32,0.23,22.81,0,5,0,1,113.128
15.32,-28.91,2.62,22.95,4,7,0,0,53.894
34.05,42.08,4.38,50.15,5,10,1,0,56.216
38.62,-21.37,0.14,72.52,4,3,0,1,95.762
32.9,-35.58,2.7,52.62,6,2,1,0,66.534
28.85,23.48,0.97,77.99,4,7,0,0,56.153
32.99,-49.82,1.31,75.43,2,11,0,0,70.26
17.16,-44.12,0.43,27.31,0,2,0,0,64.277
19.33,51.03,0.55,21.28,0,5,0,0,63.438
21.18,-68.58,0.14,70.0,6,7,1,0,58.316
32.32,-21.95,0.0,37.23,5,3,1,0,64.721
27.02,0.75,2.52,89.17,2,11,0,0,49.248
20.31,-47.76,1.19,83.82,6,8,1,0,43.734
42.02,-40.66,0.0,48.36,1,7,0,1,98.542
24.71,-48.94,0.61,59.34,5,2,1,0,57.297
27.17,-31.67,1.8,82.0,1,1,0,0,60.183
25.93,45.79,0.51,84.07,4,2,0,0,55.334
18.19,-19.58,6.71,57.34,0,1,0,0,54.108
36.88,-21.5,3.61,92.61,4,7,0,0,70.785
27.25,-25.88,5.07,54.28,3,11,0,0,58.881
12.55,54.98,2.96,13.49,4,10,0,0,35.422
44.78,-63.58,1.23,57.83,0,3,0,1,118.352
39.74,42.06,2.0,76.05,2,3,0,1,89.762
36.6,-34.2,2.14,93.72,1,7,0,0,77.809
41.55,53.91,0.78,18.96,4,10,0,1,91.876
42.83,-35.87,0.44,47.45,0,10,0,1,94.637
23.47,-68.4,0.15,59.87,6,7,1,0,65.478
32.77,-7.19,4.07,84.92,1,4,0,0,70.769
32.7,-48.1,0.63,70.85,3,6,0,0,76.084
21.09,25.42,0.48,29.66,6,9,1,0,40.883
19.55,12.02,2.09,83.05,2,11,0,0,45.87
15.87,16.11,0.0,66.46,3,1,0,0,44.962
34.42,-52.91,0.56,86.09,6,10,1,0,58.15
38.55,19.21,1.9,80.92,0,9,0,1,78.072
37.87,-36.41,4.47,20.99,3,3,0,0,84.31
22.75,59.81,0.0,91.64,3,1,0,0,49.347
18.98,22.45,3.07,48.62,5,4,1,0,54.074
27.42,2.66,0.27,93.52,4,4,0,0,65.791
30.59,41.4,4.49,25.9,3,2,0,0,69.755
43.25,2.5,0.12,77.43,3,4,0,1,95.029
41.74,-2.62,2.25,35.92,1,3,0,1,96.762
43.15,-46.78,2.43,13.81,2,11,0,1,99.075
40.91,14.94,2.34,94.49,6,2,1,1,84.045
44.8,-27.55,2.16,35.8,4,7,0,1,102.32
27.83,-73.97,3.07,16.84,4,4,0,0,86.395
13.61,34.25,3.42,83.14,0,11,0,0,36.84
14.84,-72.74,2.45,46.72,2,6,0,0,59.77
25.27,14.12,1.48,59.0,1,7,0,0,57.893
20.76,-58.06,0.65,93.71,6,5,1,0,51.378
17.78,-19.44,0.91,50.86,6,10,1,0,42.064
44.41,40.27,0.0,15.7,2,9,0,1,91.994
18.64,-66.78,0.47,68.75,2,7,0,0,59.522
44.62,13.4,1.71,70.4,4,5,0,1,100.122
37.87,5.77,2.09,26.51,1,6,0,0,76.386
33.79,41.45,3.88,56.36,3,4,0,0,71.662
34.98,-55.82,0.0,41.38,1,8,0,0,70.273
23.27,31.97,4.71,14.24,3,4,0,0,63.83
33.98,-16.98,0.77,36.49,5,4,1,0,73.335
18.35,-19.99,0.46,87.31,5,6,1,0,43.062
43.88,-29.35,1.68,35.52,0,12,0,1,100.952
22.26,-26.02,7.08,28.96,2,6,0,0,62.26
20.68,-7.21,0.68,89.98,2,11,0,0,48.587
36.18,-65.05,2.03,42.5,5,7,1,0,72.846
34.32,-20.49,5.53,89.95,2,1,0,0,64.949
27.34,11.28,0.0,84.82,3,8,0,0,49.965
33.5,-10.25,1.0,49.99,1,12,0,0,66.929
17.42,-56.78,0.8,42.72,2,11,0,0,54.546
34.89,-29.17,2.56,21.71,3,3,0,0,86.035
21.2,-17.99,4.48,26.2,1,4,0,0,62.413
21.28,13.64,1.79,29.76,0,9,0,0,50.962
17.51,46.11,8.6,49.98,0,6,0,0,47.851
23.3,-2.95,6.25,41.63,3,10,0,0,49.382
23.26,14.69,1.91,78.03,1,7,0,0,59.1
27.44,-69.19,1.15,35.22,0,3,0,0,70.76
18.47,53.63,0.26,46.08,5,4,1,0,49.521
18.56,-35.87,0.0,20.43,6,2,1,0,59.01
30.42,-30.4,1.58,33.05,3,4,0,0,76.371
16.38,-48.8,4.2,76.56,4,10,0,0,48.215
35.42,-68.15,0.0,70.1,1,3,0,0,89.954
44.09,30.61,1.02,44.19,0,6,0,1,98.559
26.51,-46.33,0.0,59.09,0,3,0,0,72.445
42.64,-40.42,4.07,48.96,1,6,0,1,104.589
15.34,-54.55,2.95,86.09,0,12,0,0,51.696
13.46,56.48,0.0,43.55,5,10,1,0,32.154
36.53,29.34,0.0,71.38,5,10,1,0,57.496
37.87,50.19,0.07,28.57,5,4,1,0,77.261
40.66,40.64,5.01,46.9,2,4,0,1,94.613
13.93,46.88,6.72,54.99,2,2,0,0,46.106
38.41,-12.94,0.52,18.89,2,12,0,1,93.022
24.8,-56.12,2.52,59.93,1,12,0,0,61.969
22.31,-34.24,2.94,58.85,3,5,0,0,68.541
17.88,-39.06,1.37,23.49,3,9,0,0,51.926
45.86,20.4,0.31,94.89,1,3,0,1,96.366
14.16,-76.41,0.0,17.86,1,8,0,0,63.755
40.12,-60.11,1.42,86.1,3,2,0,1,95.865
33.74,15.6,1.11,51.78,0,4,0,0,78.368
36.99,-62.72,0.0,28.93,4,5,0,0,92.564
36.2,-73.24,4.86,19.59,2,12,0,0,87.43
41.19,-64.71,0.0,69.45,4,6,0,1,106.039
18.25,16.69,0.0,74.13,5,3,1,0,44.866
12.03,-60.49,0.0,67.24,2,1,0,0,53.793
32.35,-59.52,3.23,45.69,2,3,0,0,83.107
24.03,-47.76,0.0,24.67,3,3,0,0,81.343
16.21,25.13,0.0,77.11,0,4,0,0,53.258
18.33,-51.95,0.0,84.05,1,2,0,0,59.301
23.28,-75.05,0.0,43.31,0,9,0,0,66.861
14.39,46.82,0.89,81.5,1,5,0,0,48.475
13.94,42.68,0.26,64.03,4,3,0,0,46.167
43.14,-54.13,4.78,54.79,1,7,0,1,99.329
22.61,-42.85,0.24,61.9,3,4,0,0,65.32
45.4,-53.6,0.95,19.16,4,9,0,1,101.415
44.79,20.73,4.95,20.66,4,7,0,1,99.277
16.85,-45.0,1.34,71.77,3,12,0,0,51.608
36.31,50.4,2.26,92.45,4,8,0,0,60.443
32.43,35.87,6.73,53.16,3,5,0,0,68.325
35.48,2.38,1.87,14.59,3,2,0,0,76.639
15.27,-78.75,0.17,15.79,5,2,1,0,61.018
18.41,43.71,0.0,49.73,3,8,0,0,43.783
14.61,21.89,0.0,65.9,2,1,0,0,41.796
32.54,30.31,0.0,23.16,6,5,1,0,62.125
45.54,-69.94,2.21,12.81,6,1,1,1,100.233
34.85,19.2,0.88,72.0,6,5,1,0,60.735
36.17,32.64,0.0,22.42,5,11,1,0,58.494
45.48,53.93,0.37,47.25,2,1,0,1,99.268
35.05,1.27,1.03,72.4,6,12,1,0,60.843
13.37,-8.87,0.72,20.65,4,12,0,0,50.137
41.48,-20.44,1.31,47.63,6,11,1,1,78.84
24.4,18.18,0.0,19.47,0,9,0,0,58.799
12.15,48.91,7.46,39.54,0,3,0,0,47.707
29.25,3.97,3.87,87.56,0,2,0,0,59.648
43.86,-48.18,1.95,68.32,6,12,1,1,91.975
20.75,-77.54,3.18,11.96,2,5,0,0,82.651
28.71,6.68,9.48,21.43,0,6,0,0,61.126
17.91,41.04,0.78,34.97,5,1,1,0,48.678
13.96,-70.76,0.0,86.12,5,1,1,0,44.667
14.74,-24.34,0.94,73.5,6,7,1,0,38.053
36.72,51.61,1.16,62.49,4,5,0,0,76.591
41.38,-9.77,3.02,22.97,4,9,0,1,95.083
16.87,-49.11,0.0,88.95,4,11,0,0,49.672
21.8,-30.49,5.65,78.69,4,1,0,0,55.729
18.63,-22.86,2.6,30.35,3,12,0,0,56.598
12.91,-63.58,3.18,44.37,0,12,0,0,57.058
30.82,12.51,1.44,46.41,1,7,0,0,67.111
35.8,2.9,0.0,59.94,6,5,1,0,69.326
34.03,10.68,0.52,41.86,0,2,0,0,72.508
25.19,5.51,0.0,27.85,0,3,0,0,62.876
30.87,-77.67,2.47,66.69,5,9,1,0,68.863
15.2,-55.58,1.49,67.59,6,2,1,0,45.133
17.25,-56.82,1.87,47.6,3,12,0,0,55.014
43.68,-66.29,1.29,51.37,0,2,0,1,108.832
37.89,22.97,5.79,14.31,4,10,0,0,67.46
43.37,-63.18,2.23,48.77,0,11,0,1,98.253
43.17,13.55,7.19,78.03,2,4,0,1,94.205
34.08,-55.03,0.0,60.28,3,6,0,0,82.78
43.56,-63.44,2.08,88.26,6,7,1,1,92.66
26.17,-57.25,0.0,70.9,0,10,0,0,65.272
12.12,-8.82,0.31,76.1,4,1,0,0,41.296
14.13,10.37,2.76,48.97,0,3,0,0,50.312
15.72,33.67,6.62,24.74,3,2,0,0,54.451
15.24,-62.0,3.36,87.54,4,4,0,0,57.069
23.96,6.27,12.2,66.03,0,9,0,0,43.589
35.84,28.34,2.87,87.31,5,5,1,0,65.437
38.88,-36.26,5.01,62.49,6,6,1,1,84.827
32.07,-68.84,2.6,48.63,2,6,0,0,79.789
16.98,-58.17,9.46,21.45,5,1,1,0,48.733
37.43,-67.18,5.83,43.8,3,2,0,0,89.672
24.06,44.21,2.39,60.79,6,3,1,0,53.036
12.44,-27.26,2.21,89.11,4,1,0,0,44.462
21.54,-6.73,0.41,80.49,5,10,1,0,34.468
23.24,27.62,1.23,53.62,1,12,0,0,53.787
21.32,-27.99,0.46,48.08,1,6,0,0,62.256
39.6,10.87,0.17,12.83,3,8,0,1,88.39
37.84,-69.26,1.98,39.85,6,1,1,0,75.086
35.65,-12.67,0.0,93.41,4,1,0,0,70.696
16.73,-66.49,3.29,72.99,1,8,0,0,58.009
39.47,-45.24,3.54,54.6,6,10,1,1,76.547
35.02,-38.93,1.42,83.3,4,12,0,0,66.932
18.62,20.46,0.0,11.96,2,5,0,0,63.8
34.04,14.37,4.99,91.4,2,6,0,0,63.517
28.44,24.59,0.0,69.47,4,10,0,0,56.537
26.94,-71.35,1.62,11.13,6,2,1,0,70.14
15.81,59.15,0.0,69.97,3,12,0,0,45.034
29.62,-72.38,0.0,17.07,5,4,1,0,74.75
15.4,35.6,1.34,64.37,4,1,0,0,47.406
17.58,23.64,0.0,35.58,0,10,0,0,40.836
16.51,2.85,5.69,28.03,5,12,1,0,40.548
44.44,-18.56,7.11,63.39,3,6,0,1,96.218
21.69,26.0,4.42,46.89,3,2,0,0,57.693
24.08,23.58,2.5,15.48,4,2,0,0,64.613
22.95,-60.8,0.0,79.9,0,4,0,0,65.89
42.54,30.97,7.23,32.62,6,7,1,1,86.305
31.14,-69.0,0.13,62.55,6,8,1,0,65.627
43.25,-9.92,0.33,61.8,6,9,1,1,82.052
22.2,10.31,1.82,14.77,4,9,0,0,51.399
15.9,35.04,0.94,94.77,1,3,0,0,48.767
30.91,-15.16,3.4,48.05,4,3,0,0,68.044
23.75,-46.84,2.87,27.46,1,12,0,0,64.744
39.26,-11.31,2.54,47.12,3,2,0,1,90.531
41.9,-44.97,7.15,61.26,5,7,1,1,103.118
28.07,-5.98,3.89,10.26,1,4,0,0,74.321
45.03,-15.25,0.19,35.51,3,9,0,1,99.621
30.8,29.27,5.01,55.59,3,4,0,0,67.598
21.21,-46.39,3.5,69.03,6,2,1,0,53.71
28.63,-52.0,0.0,36.63,3,4,0,0,83.181
13.27,-13.61,6.0,44.33,2,2,0,0,45.056
39.34,-72.93,1.39,28.8,2,3,0,1,107.585
15.45,-47.89,2.18,34.91,2,6,0,0,63.511
22.5,-30.48,0.0,68.43,1,12,0,0,55.85
31.22,-11.73,8.38,38.67,4,3,0,0,67.969
13.46,-42.28,0.54,33.77,5,10,1,0,38.822
14.7,-1.51,1.45,35.38,1,7,0,0,44.616
35.67,42.98,1.82,62.07,3,12,0,0,59.701
14.44,-3.88,1.71,57.67,5,7,1,0,32.114
28.22,-39.84,0.24,44.59,4,2,0,0,73.687
23.52,-71.32,0.0,63.75,0,5,0,0,77.177
19.75,-60.87,2.59,64.64,0,1,0,0,70.152
18.42,-1.43,0.0,11.11,0,3,0,0,62.769
37.96,15.72,0.68,38.82,3,7,0,0,70.923
44.35,-73.05,3.68,30.76,6,11,1,1,94.052
16.77,-54.02,1.29,80.48,0,8,0,0,55.486
44.63,-35.33,0.12,33.41,4,5,0,1,112.498
32.22,-35.23,0.26,36.97,5,8,1,0,66.904
33.82,54.18,1.43,55.71,6,3,1,0,65.348
36.14,-51.47,2.49,56.53,4,2,0,0,82.375
35.94,-71.25,0.68,78.93,6,9,1,0,68.369
39.87,-30.58,10.37,42.97,3,11,0,1,81.91
28.44,-61.18,1.96,33.9,1,8,0,0,65.544
30.13,-62.28,2.81,61.7,6,6,1,0,73.512
23.01,-22.96,3.41,71.9,3,6,0,0,59.342
15.58,-37.11,2.89,94.37,2,5,0,0,54.986
34.6,-67.16,0.03,62.56,4,12,0,0,68.787
13.14,4.6,2.4,51.71,2,7,0,0,48.932
21.37,-9.76,5.66,21.31,5,11,1,0,47.265
15.2,-69.21,4.46,93.89,5,1,1,0,39.314
18.48,40.78,0.0,68.22,0,5,0,0,54.851
33.72,-40.14,0.12,24.03,3,3,0,0,85.497
33.37,54.59,0.0,49.07,5,2,1,0,59.541
26.32,50.42,4.3,57.63,4,12,0,0,55.949
15.07,-19.23,0.36,28.43,5,1,1,0,48.623
26.73,-48.0,0.92,72.26,6,7,1,0,58.146
23.99,36.88,4.96,65.28,2,3,0,0,53.617
36.5,-29.42,0.85,29.87,4,1,0,0,76.296
31.69,-57.1,1.23,94.13,0,12,0,0,68.95
28.71,-2.77,0.34,90.64,1,4,0,0,64.056
28.56,-11.48,3.64,32.57,4,5,0,0,69.86
44.85,39.0,3.57,47.55,1,3,0,1,98.663
37.71,22.1,1.81,86.06,5,9,1,0,49.179
28.9,42.66,0.0,44.54,6,12,1,0,54.366
28.29,22.86,0.24,91.16,6,5,1,0,55.568
12.9,9.9,0.0,27.03,0,10,0,0,44.863
44.05,-9.98,4.43,71.54,2,5,0,1,98.398
22.85,58.26,2.26,60.96,3,7,0,0,53.212
20.7,54.28,2.49,39.43,0,10,0,0,47.364
45.98,38.84,10.04,71.01,6,12,1,1,73.478
36.44,28.54,2.13,12.06,6,8,1,0,68.122
13.61,0.86,0.0,29.62,5,5,1,0,45.328
14.1,-43.63,1.54,32.21,1,6,0,0,53.446
12.87,42.56,1.91,19.98,0,11,0,0,43.661
32.39,-78.49,3.65,12.89,5,5,1,0,74.444
14.43,-48.16,2.74,40.0,5,6,1,0,50.851
43.74,-23.48,0.16,28.55,6,10,1,1,86.364
43.85,2.06,0.68,21.29,2,11,0,1,90.972
30.57,-1.48,0.0,23.37,1,6,0,0,69.006
32.97,-55.39,0.0,80.23,6,11,1,0,61.756
21.92,-65.33,1.38,18.07,0,11,0,0,66.181
14.18,-48.87,0.83,71.61,4,6,0,0,49.237
37.07,-31.18,0.0,14.59,3,4,0,0,92.749
15.46,-78.03,0.58,13.45,3,3,0,0,68.479
14.91,16.94,1.47,47.59,2,2,0,0,45.806
22.58,-45.32,0.37,42.46,0,3,0,0,75.97
12.42,-30.8,2.18,56.39,4,1,0,0,51.656
26.76,-33.11,5.31,69.72,1,4,0,0,66.499
36.06,-8.34,8.75,36.33,0,12,0,0,64.392
39.25,40.37,0.0,26.52,2,3,0,1,94.635
32.55,-59.09,6.3,79.88,2,5,0,0,75.208
40.79,-32.3,0.21,24.05,5,5,1,1,100.915
25.82,16.88,5.08,77.87,2,7,0,0,58.098
40.86,-73.81,4.29,59.91,3,7,0,1,101.656
29.22,36.2,5.09,34.6,3,7,0,0,65.132
19.58,54.66,7.97,36.71,5,2,1,0,44.16
44.1,5.07,2.12,41.5,0,4,0,1,99.379
21.35,53.91,0.0,60.24,0,11,0,0,44.924
12.89,-22.17,0.0,93.27,6,12,1,0,32.556
20.25,-21.9,2.88,37.05,2,1,0,0,60.481
24.47,-65.13,1.34,90.06,5,8,1,0,51.781
23.95,-75.04,0.0,27.44,4,2,0,0,80.952
29.84,-45.77,0.34,19.6,5,7,1,0,66.882
42.03,-13.06,5.9,55.23,4,1,0,1,91.478
21.94,-8.92,0.0,93.0,1,10,0,0,45.369
29.71,-49.54,4.39,51.21,3,12,0,0,71.878
23.56,5.79,0.93,77.99,2,2,0,0,58.203
39.94,-54.63,1.52,50.17,2,5,0,1,104.318
17.36,-34.33,1.07,82.25,3,3,0,0,57.526
15.52,-52.6,3.1,79.08,0,3,0,0,55.113
29.1,17.53,4.3,68.33,0,10,0,0,47.359
34.84,-7.68,0.0,62.31,4,2,0,0,71.675
39.05,23.05,1.12,54.04,0,2,0,1,91.782
32.05,-71.99,3.75,91.32,6,5,1,0,70.584
38.31,-20.45,1.7,57.38,4,4,0,1,95.798
25.35,55.37,2.3,38.66,5,12,1,0,46.847
13.12,-72.49,1.69,84.99,3,5,0,0,49.17
15.95,-21.43,0.86,66.1,4,7,0,0,51.88
13.32,-74.34,1.77,57.44,1,2,0,0,60.902
23.18,-59.47,0.4,67.98,4,5,0,0,73.189
28.85,-15.25,3.26,39.65,2,3,0,0,71.048
24.11,-57.95,3.53,45.77,5,5,1,0,67.694
31.06,-7.37,0.0,26.63,2,4,0,0,74.49
28.34,49.18,2.06,82.68,5,2,1,0,52.508
35.05,-51.94,0.0,66.58,6,7,1,0,69.338
34.68,-64.99,2.61,80.06,0,7,0,0,80.245
22.81,35.54,0.71,36.98,0,7,0,0,60.339
23.77,-15.56,10.19,94.61,2,6,0,0,54.109
31.9,43.57,1.58,40.36,3,7,0,0,68.227
32.28,-37.14,0.0,40.07,6,9,1,0,60.086
22.7,7.85,1.19,91.65,3,4,0,0,59.738
23.23,49.26,3.36,65.68,5,3,1,0,44.926
35.6,-55.96,0.05,89.34,5,9,1,0,61.154
34.01,32.1,1.08,62.97,4,2,0,0,75.459
16.59,8.41,0.0,30.95,6,5,1,0,45.31
27.0,33.81,2.06,43.21,2,7,0,0,60.877
42.35,-56.1,0.17,83.01,4,8,0,1,100.592
13.23,-19.23,0.0,51.6,5,9,1,0,34.988
41.08,-61.96,3.75,70.26,6,6,1,1,89.126
17.55,54.41,8.07,24.15,1,6,0,0,56.078
29.25,-71.22,15.65,43.98,5,1,1,0,59.74
26.43,-70.83,0.06,81.35,1,10,0,0,63.036
12.34,45.74,3.67,89.99,6,3,1,0,27.14
43.12,-37.89,1.44,37.57,3,11,0,1,95.909
27.47,3.58,0.11,24.67,6,8,1,0,54.653
44.45,-39.75,2.44,11.99,3,11,0,1,99.314
21.75,10.83,3.61,20.83,0,11,0,0,48.829
41.45,-53.05,3.11,81.03,2,5,0,1,99.848
43.36,-15.76,0.02,48.73,4,5,0,1,100.47
30.93,-5.31,4.64,34.79,4,11,0,0,60.194
18.89,-33.29,0.89,75.93,3,11,0,0,47.66
35.3,-44.76,0.0,77.44,4,9,0,0,75.888
30.67,-60.37,0.0,40.78,4,12,0,0,75.605
44.11,18.86,0.0,86.62,1,8,0,1,82.168
26.94,-56.44,0.99,49.36,0,1,0,0,72.498
21.13,-39.1,3.06,32.2,2,7,0,0,62.059
16.7,-32.83,0.0,86.48,0,5,0,0,61.358
35.75,-16.39,6.21,23.0,4,1,0,0,73.794
45.12,18.36,0.0,94.66,6,7,1,1,80.838
12.96,-20.09,2.81,62.13,6,7,1,0,42.386
37.18,41.95,6.6,87.8,3,9,0,0,56.368
43.52,15.17,11.37,25.2,6,10,1,1,78.217
14.54,37.39,1.46,43.07,4,4,0,0,53.357
15.75,20.29,1.12,84.23,0,12,0,0,40.38
35.53,-59.19,3.43,81.15,4,6,0,0,77.212
34.03,56.91,3.07,84.11,3,6,0,0,71.103
14.34,30.12,0.39,33.84,3,3,0,0,55.3
40.37,0.18,1.3,62.5,5,12,1,1,79.238
29.8,-56.87,0.66,43.12,6,5,1,0,73.907
42.84,-55.82,3.06,37.27,1,3,0,1,109.855
41.85,6.01,0.48,54.21,0,11,0,1,84.371
39.63,-21.73,8.92,70.78,4,12,0,1,78.451
29.54,14.62,8.76,54.07,0,3,0,0,70.387
20.56,-27.86,0.0,29.59,2,8,0,0,59.171
29.2,-8.2,0.0,78.64,6,11,1,0,47.581
15.43,-53.69,2.81,93.11,4,8,0,0,53.859
34.4,-58.27,0.0,40.84,6,6,1,0,71.643
16.56,-69.41,4.95,82.19,0,7,0,0,48.474
29.38,34.75,1.49,83.43,4,2,0,0,56.561
13.85,-2.25,0.56,32.14,2,12,0,0,43.865
22.18,52.6,0.0,69.95,0,7,0,0,55.092
19.89,24.93,1.01,89.77,2,1,0,0,52.402
33.08,27.63,1.61,72.89,6,5,1,0,63.203
38.75,-8.73,1.59,12.55,2,5,0,1,91.155
13.95,34.16,3.17,61.38,6,12,1,0,39.794
40.91,51.89,0.0,76.17,0,11,0,1,82.996
41.27,21.04,1.62,62.54,4,4,0,1,99.392
23.64,-65.22,0.0,12.44,3,3,0,0,80.772
34.41,11.14,0.48,20.21,2,1,0,0,73.295
25.69,-63.14,0.39,78.14,3,7,0,0,66.959
17.24,-69.19,0.11,51.48,4,6,0,0,61.885
29.97,17.01,0.0,91.43,0,7,0,0,56.978
14.94,36.87,0.0,45.27,4,4,0,0,53.612
41.87,-57.76,4.21,79.85,2,10,0,1,86.607
43.43,-69.62,1.15,13.02,5,7,1,1,107.65
39.93,44.11,0.0,81.49,1,12,0,1,83.857
31.13,-61.49,0.14,83.02,2,3,0,0,85.118
30.96,-75.09,1.19,40.78,6,4,1,0,75.076
45.48,20.95,0.0,36.3,1,8,0,1,93.452
20.43,38.68,2.44,87.34,0,9,0,0,45.965
14.58,-7.97,0.0,76.1,3,4,0,0,50.643
31.11,-4.41,3.82,60.83,4,7,0,0,66.68
23.18,-32.84,4.86,47.09,3,7,0,0,65.248
22.96,-46.62,6.9,87.53,2,8,0,0,57.412
12.24,25.73,3.96,73.51,0,8,0,0,42.044
32.27,38.9,0.0,45.43,2,3,0,0,75.874
20.98,-35.03,4.15,52.22,0,2,0,0,60.724
18.39,-41.67,1.44,18.37,5,4,1,0,63.399
13.37,-42.51,2.67,78.91,1,2,0,0,53.728
24.39,-72.92,0.0,81.54,4,7,0,0,65.809
41.88,-40.65,0.0,40.23,1,7,0,1,99.486
23.45,-76.41,1.06,36.32,4,1,0,0,71.881
35.09,30.38,1.92,31.44,0,10,0,0,70.679
37.72,-44.17,1.04,24.74,0,9,0,0,80.566
23.16,16.62,0.94,90.56,2,6,0,0,54.628
39.94,-3.95,0.55,74.52,1,2,0,1,90.285
35.52,37.24,0.0,46.84,2,2,0,0,73.501
31.01,54.45,7.08,19.36,1,12,0,0,59.125
12.03,-28.58,0.48,21.85,4,3,0,0,60.24
13.19,-67.63,0.86,70.33,3,11,0,0,46.381
45.69,24.95,0.0,27.26,1,8,0,1,96.888
38.6,-77.02,2.05,39.57,6,8,1,1,88.966
43.88,-48.79,0.0,91.35,4,11,0,1,95.935
42.68,-72.54,1.18,59.4,2,11,0,1,98.469
12.7,45.74,0.0,78.71,3,4,0,0,44.334
38.92,-79.26,4.93,18.83,2,12,0,1,104.62
27.34,-11.02,1.74,38.08,2,2,0,0,64.651
38.84,-20.64,1.26,86.13,0,10,0,1,83.456
12.23,11.38,3.49,78.89,5,5,1,0,40.046
21.8,-39.44,2.05,71.49,2,8,0,0,53.524
37.55,42.32,1.77,59.93,4,11,0,0,65.886
38.96,22.81,5.26,32.86,0,6,0,1,91.192
33.07,-19.48,0.0,59.77,0,1,0,0,72.386
22.24,-29.88,7.53,14.31,2,10,0,0,55.278
22.55,34.22,0.8,27.2,0,2,0,0,65.776
44.87,25.99,4.46,54.05,6,9,1,1,76.379
26.93,-24.14,0.61,10.17,0,6,0,0,78.443
27.2,-32.21,0.79,29.74,3,6,0,0,77.613
30.78,-74.56,0.28,22.94,2,4,0,0,89.133
25.92,-68.56,0.82,39.37,1,7,0,0,70.851
30.79,-72.45,0.86,82.96,0,3,0,0,80.687
26.7,-76.58,0.0,90.53,2,3,0,0,74.822
40.11,-58.6,0.0,24.03,0,6,0,1,114.06
42.91,40.0,0.0,29.64,3,10,0,1,89.857
43.69,31.74,4.26,81.98,1,7,0,1,92.888
31.19,38.38,0.75,24.68,0,11,0,0,65.252
27.03,7.33,0.64,73.01,0,4,0,0,65.722
35.98,7.37,4.92,17.27,6,1,1,0,62.364
40.5,-62.65,1.32,65.11,1,4,0,1,104.884
31.14,17.86,11.09,32.58,4,2,0,0,68.052
35.8,-40.8,3.28,73.71,2,7,0,0,71.926
37.49,-7.3,0.0,54.15,3,12,0,0,74.403
35.0,53.66,0.0,25.21,5,6,1,0,72.933
37.37,41.89,0.0,44.19,5,3,1,0,69.073
19.09,-47.35,4.0,53.72,3,8,0,0,59.102
28.94,23.13,2.25,94.66,1,9,0,0,55.248
32.0,-65.43,0.0,50.83,5,11,1,0,68.164
12.08,-76.26,8.13,22.86,0,6,0,0,58.972
41.1,-76.06,0.72,57.19,3,6,0,1,106.717
32.74,-56.17,0.15,28.72,4,7,0,0,80.248
16.39,17.29,1.77,84.76,6,3,1,0,46.491
39.76,-29.14,3.02,80.9,1,2,0,1,92.962
36.38,-77.77,0.4,20.94,2,10,0,0,82.916
37.78,58.32,1.83,60.01,0,2,0,0,72.17
25.33,-5.33,1.96,69.2,1,9,0,0,48.802
41.04,-24.86,2.07,31.39,6,7,1,1,85.479
26.08,-7.36,0.0,63.24,0,6,0,0,65.481
31.4,-7.2,0.42,49.33,5,5,1,0,59.995
12.02,-14.17,1.69,50.98,6,12,1,0,31.099
33.93,5.81,0.37,56.86,0,10,0,0,57.635
36.42,43.99,0.0,58.46,2,2,0,0,78.751
31.28,-37.76,0.93,70.33,6,12,1,0,58.059
28.88,-11.82,4.78,48.46,5,2,1,0,58.994
39.54,-79.49,0.57,71.42,0,10,0,1,93.004
35.17,40.37,0.46,51.3,6,6,1,0,67.647
21.45,-37.17,0.0,66.34,5,5,1,0,61.509
44.61,-42.02,0.0,32.36,2,7,0,1,105.594
36.05,59.66,0.58,56.04,2,6,0,0,72.276
45.59,1.82,0.27,49.78,2,2,0,1,101.475
45.02,-62.77,1.66,35.69,3,2,0,1,113.633
43.24,-42.83,4.6,15.3,5,9,1,1,92.763
37.68,-30.55,3.8,53.37,4,9,0,0,73.669
32.72,58.05,0.93,10.83,6,5,1,0,70.999
17.85,-19.71,0.02,43.14,0,6,0,0,57.277
30.47,-47.78,2.12,41.51,6,5,1,0,72.513
38.02,-0.24,0.12,63.87,6,11,1,1,70.291
29.71,-23.33,0.0,93.93,2,1,0,0,55.462
41.52,-72.31,1.73,82.93,1,8,0,1,95.781
15.73,40.53,0.14,92.88,1,4,0,0,47.491
24.95,-77.8,0.0,90.83,6,3,1,0,64.667
29.2,45.79,0.95,16.3,0,2,0,0,74.388
26.7,30.86,3.9,33.97,0,5,0,0,67.895
15.69,-69.38,0.52,35.24,0,2,0,0,73.045
17.22,21.31,0.84,16.04,1,9,0,0,46.94
40.48,27.93,0.0,81.97,5,4,1,1,78.454
28.47,4.32,0.0,86.1,0,11,0,0,55.7
13.66,0.87,0.23,61.42,6,2,1,0,36.364
12.56,-73.04,0.11,85.73,2,5,0,0,55.364
28.1,-71.67,0.0,70.72,3,5,0,0,77.371
17.59,21.82,3.98,47.45,4,9,0,0,41.039
35.97,-65.22,0.0,22.74,5,4,1,0,82.29
39.04,-46.14,2.32,91.47,4,3,0,1,101.42
19.76,-10.16,0.13,68.84,0,5,0,0,59.417
32.13,-57.02,3.89,40.11,5,11,1,0,62.319
17.25,30.58,0.74,20.93,0,10,0,0,53.632
22.32,33.03,0.83,77.91,3,7,0,0,51.317
42.22,37.9,5.81,78.17,6,12,1,1,69.939
30.5,-73.06,3.07,56.16,3,10,0,0,65.955
42.12,-20.1,0.0,95.0,2,10,0,1,84.8
19.66,38.57,2.09,42.85,2,5,0,0,52.657
23.22,-29.15,0.0,90.08,5,6,1,0,48.49
28.01,17.41,1.67,63.57,4,12,0,0,55.847
28.32,2.49,0.48,72.6,5,12,1,0,52.316
45.92,-31.39,0.07,87.95,6,9,1,1,87.703
15.89,-41.3,0.19,80.65,4,2,0,0,57.439
40.97,11.38,0.67,34.54,2,2,0,1,95.985
41.37,-61.29,2.77,83.71,4,6,0,1,98.609
30.81,40.42,1.66,55.88,2,7,0,0,65.454
23.7,0.7,1.21,13.81,1,8,0,0,64.031
29.65,-64.39,5.22,67.27,2,4,0,0,77.6
21.94,18.49,1.46,52.47,3,10,0,0,47.057
39.17,-19.64,11.11,55.61,1,11,0,1,80.499
28.94,-51.43,0.0,44.98,2,3,0,0,77.885
43.48,54.55,0.0,15.45,3,10,0,1,94.303
33.17,20.75,2.41,25.32,0,2,0,0,71.939
29.49,3.02,0.26,74.3,0,6,0,0,66.749
36.18,38.84,1.12,29.91,5,11,1,0,62.121
29.13,-3.86,0.0,63.36,5,4,1,0,61.796
42.75,-18.19,0.05,56.06,2,9,0,1,87.415
18.27,-53.48,2.74,28.82,0,11,0,0,57.6
45.09,-58.53,0.0,33.85,3,6,0,1,110.045
39.61,-19.52,1.68,42.6,1,11,0,1,88.003
41.26,-16.16,4.03,84.82,6,8,1,1,73.737
28.42,22.66,2.3,90.01,0,7,0,0,62.192
40.46,-18.11,0.95,42.87,3,2,0,1,98.127
22.43,3.04,0.0,13.92,2,9,0,0,50.15
37.91,36.55,3.47,61.08,3,4,0,0,72.498
16.78,59.07,0.0,45.49,5,4,1,0,51.788
22.44,-34.85,0.46,51.85,1,12,0,0,58.429
27.15,46.27,0.8,47.57,6,5,1,0,55.931
22.96,32.85,1.38,65.64,6,5,1,0,53.476
25.16,-70.48,0.12,35.88,3,12,0,0,70.161
39.88,-33.22,7.9,85.87,2,4,0,1,89.772
20.73,-49.33,1.67,45.81,1,9,0,0,53.894
37.34,13.01,3.17,39.04,5,7,1,0,66.617
14.51,-2.26,7.58,88.45,5,1,1,0,36.899
38.04,-10.72,0.13,40.44,3,7,0,1,93.834
38.93,26.9,1.59,17.06,4,6,0,1,94.022
25.66,-33.34,0.44,23.2,2,9,0,0,62.959
36.56,-26.41,1.89,70.72,4,5,0,0,79.029
43.11,41.19,0.0,57.8,5,3,1,1,83.478
39.22,56.11,0.0,55.44,3,3,0,1,94.126
25.28,28.69,0.99,16.97,4,7,0,0,64.755
28.46,-49.61,0.07,23.95,3,12,0,0,77.822
38.5,-64.23,0.3,43.68,0,6,0,1,108.517
21.95,-50.71,0.0,48.08,0,2,0,0,75.375
39.33,-20.81,2.78,42.01,1,10,0,1,92.183
23.15,-46.86,6.12,52.73,1,4,0,0,72.229
39.4,46.15,1.33,72.35,1,6,0,1,89.385
14.95,13.9,1.94,64.03,6,11,1,0,31.25
13.51,-21.66,0.93,61.96,4,2,0,0,45.543
45.92,-41.67,0.89,57.41,0,2,0,1,107.947
41.56,-26.71,0.99,27.08,6,3,1,1,96.717
42.02,-13.35,0.11,61.39,2,5,0,1,97.986
44.34,19.94,0.8,23.47,6,11,1,1,78.512
26.9,-67.49,0.38,70.6,1,8,0,0,72.873
21.75,38.84,2.98,48.44,0,10,0,0,50.46
16.42,-62.14,1.98,59.42,0,5,0,0,70.15
29.04,-43.26,1.15,83.34,2,5,0,0,74.523
19.48,59.1,0.0,41.71,6,5,1,0,53.873
43.81,-53.37,1.35,18.48,3,2,0,1,114.147
12.14,-65.84,0.0,85.77,0,7,0,0,50.941
16.87,9.38,1.27,41.02,2,4,0,0,54.547
20.38,-24.96,0.18,44.55,3,12,0,0,54.517
18.76,-67.14,0.07,35.16,3,9,0,0,57.517
19.68,-79.48,0.42,45.71,5,11,1,0,59.771
34.31,-68.92,0.07,54.28,0,3,0,0,88.234
23.14,-6.82,0.3,81.68,0,2,0,0,59.936
32.91,-47.67,0.37,71.21,5,6,1,0,64.519
42.27,28.86,2.89,53.63,0,7,0,1,94.804
32.49,40.05,0.01,74.93,4,7,0,0,63.452
35.61,-59.72,1.76,82.06,2,8,0,0,78.324
24.43,-32.82,3.65,14.94,2,10,0,0,58.405
17.43,-59.48,2.32,60.34,1,4,0,0,68.9
22.9,-39.86,6.23,13.68,5,4,1,0,65.555
44.79,-46.51,1.38,36.19,1,4,0,1,109.682
33.14,30.16,11.09,74.81,0,5,0,0,70.368
21.44,-31.63,0.33,77.26,4,8,0,0,57.966
27.33,-10.62,1.04,85.13,1,10,0,0,54.52
40.41,14.35,6.1,52.35,1,5,0,1,89.249
34.73,35.12,0.0,17.15,1,6,0,0,79.838
31.06,-37.83,0.0,20.78,4,11,0,0,71.453
42.1,-50.71,0.0,30.77,5,5,1,1,101.3
34.86,56.98,7.79,41.64,6,2,1,0,60.946
33.85,-35.18,1.76,54.76,6,5,1,0,69.721
18.45,13.95,0.0,64.9,1,1,0,0,47.061
15.62,14.9,0.0,23.81,1,5,0,0,51.849
44.81,-8.04,0.74,26.06,1,11,0,1,89.141
32.36,-48.02,1.78,24.7,1,10,0,0,73.27
26.13,-60.2,0.43,74.17,0,11,0,0,56.4
32.03,-11.82,1.59,35.68,4,4,0,0,78.527
14.1,-8.47,1.69,24.17,0,6,0,0,56.13
39.95,28.27,3.73,46.67,0,11,0,1,83.731
19.37,19.38,1.02,31.04,2,10,0,0,51.671
39.35,47.69,0.0,41.39,5,3,1,1,86.755
30.17,55.92,0.0,80.04,3,11,0,0,57.633
21.4,21.9,0.51,38.38,2,2,0,0,52.864
13.03,-69.29,1.4,24.86,1,4,0,0,58.927
39.74,-23.28,2.08,29.76,4,7,0,1,94.82
18.0,5.23,4.79,12.92,2,8,0,0,51.268
13.76,2.63,3.33,86.6,6,10,1,0,27.546
37.7,-54.6,0.2,69.24,0,9,0,0,76.602
23.9,1.61,5.17,49.39,5,4,1,0,53.606
25.24,-31.04,5.95,57.67,4,5,0,0,68.532
20.4,-32.55,0.0,31.6,2,9,0,0,56.323
41.21,36.76,2.81,44.31,2,12,0,1,89.81
22.11,-20.93,0.0,37.19,6,11,1,0,42.822
19.15,-6.16,5.44,80.09,5,12,1,0,30.327
22.51,-1.2,0.84,73.19,0,9,0,0,47.556
18.91,-1.18,0.6,34.13,3,6,0,0,59.41
22.8,-50.16,0.13,74.79,5,10,1,0,46.029
14.82,3.92,1.33,17.98,2,1,0,0,52.636
17.39,-33.15,0.88,27.22,4,12,0,0,52.331
26.18,11.7,1.08,19.04,4,12,0,0,58.761
41.9,-59.6,3.81,30.25,2,7,0,1,104.364
13.95,59.18,0.0,29.23,0,7,0,0,47.997
19.23,28.09,0.3,86.55,0,7,0,0,47.57
42.88,-21.58,0.98,37.83,4,2,0,1,93.177
42.26,-37.81,1.25,40.19,5,3,1,1,99.875
35.1,-25.71,0.14,18.48,2,9,0,0,73.526
20.18,20.97,0.75,15.61,3,1,0,0,54.29
26.27,11.76,2.88,28.65,3,9,0,0,62.263
19.18,18.29,21.23,21.44,6,4,1,0,38.182
16.37,44.46,0.0,39.29,3,2,0,0,51.863
24.92,-16.12,7.35,25.81,3,8,0,0,54.741
31.58,13.73,0.3,25.14,3,4,0,0,79.062
24.24,-18.19,1.08,65.04,0,6,0,0,67.937
32.77,9.33,2.34,90.08,4,11,0,0,61.061
22.07,-13.52,3.15,11.06,6,9,1,0,50.701
23.76,28.73,14.79,69.97,0,12,0,0,43.48
38.88,-79.26,6.74,66.03,0,5,0,1,109.498
41.86,-49.8,0.0,59.73,3,5,0,1,104.909
22.95,-38.5,0.0,68.85,5,9,1,0,43.027
31.43,52.36,1.8,53.24,0,2,0,0,68.003
21.46,-9.01,0.02,88.79,5,11,1,0,39.58
13.81,-28.99,2.91,23.45,1,5,0,0,56.221
37.09,-23.4,7.39,50.25,1,6,0,0,76.638
17.81,-16.74,0.04,65.51,1,7,0,0,53.733
26.47,41.5,0.0,87.24,3,1,0,0,57.691
28.56,54.73,0.63,51.43,4,4,0,0,70.82
18.27,38.18,2.28,93.04,3,2,0,0,47.42
15.21,37.83,7.77,65.8,4,8,0,0,36.398
23.83,-52.14,0.11,69.43,5,9,1,0,46.599
44.38,-42.39,1.28,79.55,5,1,1,1,90.234
32.91,3.45,4.66,72.38,5,1,1,0,52.983
24.97,11.86,2.26,54.42,3,10,0,0,50.96
13.32,-51.62,3.95,75.67,1,5,0,0,48.329
32.41,24.48,1.79,13.04,5,11,1,0,52.768
15.14,-52.01,0.0,89.29,4,8,0,0,51.086
30.45,-43.18,2.19,79.97,6,10,1,0,47.653
37.57,-37.05,0.01,64.2,4,5,0,0,83.15
26.4,38.44,6.76,15.84,0,4,0,0,65.684
22.18,22.49,1.54,35.07,3,9,0,0,48.795
13.61,-5.7,0.0,31.56,5,8,1,0,38.265
12.84,34.76,3.08,31.85,6,7,1,0,36.247
26.62,33.81,3.11,67.13,2,5,0,0,64.194
42.03,-25.42,3.15,84.47,6,8,1,1,75.419
20.3,29.4,2.22,67.94,1,5,0,0,52.738
31.52,-51.13,3.28,43.04,2,11,0,0,73.279
35.27,-9.55,3.87,92.39,6,9,1,0,50.045
14.07,-63.45,3.34,83.32,1,5,0,0,58.528
17.21,-20.25,3.95,68.26,1,11,0,0,42.68
23.26,-7.15,0.0,43.78,5,1,1,0,52.342
34.78,-68.81,0.0,68.13,6,10,1,0,57.148
26.93,-15.23,5.23,44.68,0,5,0,0,71.952
36.96,11.23,3.03,23.19,5,3,1,0,69.9
41.5,5.97,3.1,62.6,4,10,0,1,78.909
37.78,-72.39,0.96,69.34,6,8,1,0,68.134
45.74,-66.65,0.0,39.69,3,1,0,1,109.388
37.65,-30.81,4.54,88.99,4,4,0,0,77.711
40.97,37.98,2.76,82.61,1,6,0,1,89.541
40.3,41.77,4.41,59.54,4,8,0,1,80.359
36.83,-36.65,5.08,15.12,2,10,0,0,77.531
39.26,20.64,0.8,11.46,2,5,0,1,97.253
43.78,0.83,8.31,64.39,1,10,0,1,80.611
28.16,57.68,0.31,79.17,2,10,0,0,52.385
33.7,-66.75,0.82,52.53,1,5,0,0,87.737
29.51,-3.3,3.23,12.0,5,12,1,0,56.303
40.94,2.96,2.15,22.31,2,12,0,1,88.881
26.67,-36.93,0.0,27.96,2,4,0,0,75.322
39.87,-73.43,0.0,63.36,6,7,1,1,96.266
39.18,-72.71,3.23,51.32,3,11,0,1,98.787
44.7,-16.49,0.95,18.69,4,7,0,1,103.187
20.46,16.95,1.35,52.64,6,9,1,0,38.65
36.13,18.02,0.0,83.91,6,10,1,0,59.781
37.74,-54.66,7.12,47.32,2,7,0,0,81.525
43.83,40.12,0.0,22.73,3,5,0,1,103.855
42.83,-27.2,0.0,59.13,5,7,1,1,88.513
31.5,55.01,0.0,89.0,3,10,0,0,57.087
31.69,-63.46,0.0,19.85,1,4,0,0,78.14
17.69,37.1,0.0,23.29,3,11,0,0,52.038
45.15,47.17,0.08,58.18,0,3,0,1,97.622
20.67,35.17,2.06,38.9,6,6,1,0,45.57
36.64,33.24,0.41,86.12,4,2,0,0,66.499
39.06,-29.42,0.63,70.58,1,11,0,1,84.243
27.0,19.87,0.0,22.5,3,9,0,0,58.466
19.18,1.11,2.08,84.01,0,2,0,0,54.279
18.42,-20.57,5.57,64.59,5,3,1,0,51.497
41.12,59.04,3.05,51.96,3,7,0,1,95.991
29.37,-39.34,0.31,31.81,0,6,0,0,77.79
15.06,-22.16,1.76,65.23,3,2,0,0,51.215
36.38,46.4,2.93,86.37,0,11,0,0,64.759
20.51,-39.54,2.64,13.27,2,6,0,0,64.321
41.8,-58.62,3.63,41.89,6,9,1,1,84.208
22.53,-36.6,0.0,89.53,4,10,0,0,50.973
18.81,26.3,3.61,42.55,3,3,0,0,56.028
14.89,40.38,1.09,13.05,3,5,0,0,49.933
29.39,-63.98,0.11,18.62,3,9,0,0,77.639
27.33,7.04,3.21,68.71,0,10,0,0,53.782
37.54,-0.58,1.88,69.51,1,3,0,0,78.055
27.8,13.63,11.27,19.78,5,4,1,0,52.466
23.69,13.95,1.11,28.63,6,10,1,0,41.97
20.9,54.33,7.88,57.93,1,5,0,0,52.048
21.46,-31.49,0.55,68.36,6,1,1,0,48.088
43.55,-38.03,0.0,23.33,0,6,0,1,108.618
17.61,1.37,4.95,48.79,3,2,0,0,53.859
45.6,-19.88,3.68,57.77,5,8,1,1,86.478
23.12,-13.67,7.15,14.22,1,12,0,0,54.435
15.01,-70.3,1.38,29.02,6,2,1,0,62.569
20.46,-59.25,2.5,88.11,6,4,1,0,54.288
13.99,50.95,0.0,84.8,2,7,0,0,39.406
38.86,-70.44,9.12,37.41,6,2,1,1,85.73
29.43,2.62,0.0,83.78,0,7,0,0,61.677
23.46,25.64,2.46,63.77,3,3,0,0,61.777
34.51,-78.34,0.0,93.44,2,8,0,0,72.327
33.44,-48.82,8.81,92.13,4,5,0,0,74.941
43.96,-27.21,6.61,62.44,1,12,0,1,91.986
44.68,-9.05,0.0,49.77,3,11,0,1,86.571
35.14,-32.18,0.0,22.09,5,12,1,0,70.657
39.81,10.86,0.19,55.08,1,2,0,1,91.615
38.94,-48.3,6.2,43.86,5,12,1,1,80.305
28.7,-76.43,0.19,64.88,4,1,0,0,78.339
35.95,-79.78,1.74,17.61,1,3,0,0,97.232
14.66,-31.63,1.88,80.97,4,11,0,0,39.336
37.77,-29.37,0.0,92.2,2,11,0,0,69.803
44.7,52.8,0.0,27.8,3,4,0,1,105.123
14.89,-73.73,1.56,63.79,4,11,0,0,52.869
40.43,-5.79,0.2,78.16,5,1,1,1,78.496
43.72,0.89,0.12,57.12,2,5,0,1,98.481
19.69,17.9,0.0,89.51,3,1,0,0,51.306
29.84,9.42,0.32,53.51,3,7,0,0,65.433
43.55,-78.86,0.61,33.0,6,11,1,1,89.513
44.65,8.46,0.0,50.09,5,8,1,1,77.575
16.35,-34.87,1.6,51.47,1,7,0,0,48.479
23.87,28.2,0.99,31.57,0,3,0,0,61.564
35.74,-53.63,0.0,76.89,6,8,1,0,63.007
19.53,20.27,2.06,62.51,1,4,0,0,54.781
23.04,7.57,3.3,41.48,1,8,0,0,52.897
12.79,11.32,1.35,45.84,0,2,0,0,48.957
17.22,-55.37,0.01,41.59,1,7,0,0,61.016
31.12,13.68,2.06,48.07,0,6,0,0,73.146
34.21,23.18,2.12,54.89,4,10,0,0,56.618
34.06,-11.48,0.0,38.13,3,11,0,0,68.936
38.46,-32.35,0.0,79.54,0,11,0,1,87.968
26.12,-56.68,0.0,88.91,4,5,0,0,67.127
21.3,-39.41,0.0,54.44,1,8,0,0,60.162
12.53,26.94,0.04,70.47,3,8,0,0,40.523
19.03,-22.68,0.86,89.1,5,11,1,0,37.562
22.62,18.38,7.43,26.31,2,10,0,0,41.433
18.06,23.61,0.12,26.13,2,1,0,0,57.049
12.68,14.38,1.38,16.17,6,10,1,0,33.512
17.35,14.3,3.32,47.58,5,6,1,0,44.81
34.65,5.51,0.0,38.15,5,12,1,0,49.516
33.41,-7.42,4.28,57.65,1,8,0,0,62.179
43.81,-52.31,0.32,48.34,1,5,0,1,104.83
39.14,37.99,1.62,26.17,2,3,0,1,100.715
31.3,55.0,4.75,43.25,1,12,0,0,58.059
16.68,-14.69,0.0,12.46,2,2,0,0,64.462
31.18,50.65,0.54,55.68,1,2,0,0,71.325
14.09,59.72,0.0,33.04,3,2,0,0,52.352
26.65,-11.93,2.12,19.55,4,7,0,0,69.318
25.27,21.41,1.32,15.6,2,4,0,0,65.837
26.55,10.13,1.34,70.73,5,7,1,0,46.955
21.51,-46.78,1.03,31.02,2,10,0,0,62.222
35.32,-73.41,0.0,66.0,3,4,0,0,85.302
40.59,-16.53,0.02,79.32,2,1,0,1,86.285
38.13,30.21,3.61,52.5,0,5,0,1,91.333
33.34,-34.48,1.38,21.31,0,8,0,0,73.013
30.3,29.82,4.07,62.24,1,9,0,0,62.316
13.06,11.67,0.63,16.09,4,1,0,0,51.618
36.58,17.38,5.33,79.46,0,11,0,0,60.16
30.53,-40.0,1.25,74.73,3,8,0,0,62.848
21.21,-14.19,0.68,44.18,0,6,0,0,62.95
23.15,-54.56,0.57,32.87,2,4,0,0,78.382
43.81,-45.48,2.13,70.31,1,12,0,1,97.29
33.23,-67.42,0.0,58.21,1,2,0,0,79.72
28.18,-62.25,2.14,22.33,3,6,0,0,74.559
33.11,-50.53,0.0,74.53,6,6,1,0,66.92
26.07,1.23,2.65,38.39,4,7,0,0,61.323
27.99,-18.23,7.18,85.98,1,3,0,0,61.293
21.87,-42.63,0.44,80.5,5,12,1,0,51.247
26.96,40.56,1.17,33.44,6,5,1,0,60.125
35.31,-6.48,5.76,31.7,5,9,1,0,58.463
13.36,49.24,0.0,43.82,1,8,0,0,45.127
39.03,8.9,9.1,78.38,1,3,0,1,81.628
21.62,-77.79,4.76,21.11,6,12,1,0,56.023
35.21,47.89,0.44,36.86,6,6,1,0,62.393
33.85,40.04,1.39,66.02,2,8,0,0,64.875
34.19,8.94,1.26,12.85,3,8,0,0,67.203
32.68,-5.13,4.15,14.75,3,7,0,0,71.108
44.61,-16.59,0.89,74.78,6,8,1,1,82.196
29.28,-12.5,1.86,54.4,2,7,0,0,66.696
36.9,27.69,0.0,57.4,4,9,0,0,62.921
35.99,-8.16,2.44,31.15,6,6,1,0,69.118
20.03,-55.36,0.3,55.2,2,10,0,0,53.191
21.63,-71.86,1.17,56.33,1,7,0,0,63.724
26.42,-62.33,1.51,45.17,0,12,0,0,69.492
21.44,-44.8,0.0,91.98,5,7,1,0,53.606
24.47,-28.52,0.23,14.19,1,8,0,0,62.153
25.29,44.94,4.99,45.27,0,6,0,0,55.821
32.53,-46.53,0.77,82.89,3,5,0,0,73.987
19.48,-35.26,1.54,27.53,3,10,0,0,53.76
39.35,-48.78,0.0,89.47,0,8,0,1,97.872
26.88,-3.6,10.14,46.17,5,5,1,0,54.979
36.01,6.39,6.81,23.31,3,10,0,0,62.861
14.77,-5.5,1.22,17.91,3,2,0,0,54.104
27.98,53.26,0.0,37.8,2,1,0,0,69.067
12.96,59.35,3.91,88.18,4,8,0,0,34.8
34.98,37.24,0.74,89.82,5,6,1,0,59.409
23.69,32.74,0.23,57.88,5,10,1,0,40.969
44.27,-28.75,1.27,20.05,2,8,0,1,102.612
23.02,1.17,6.89,48.81,3,10,0,0,45.544
31.17,-30.79,0.53,45.51,1,4,0,0,80.828
20.75,29.81,0.02,29.64,1,4,0,0,66.095
33.08,-55.94,4.64,16.46,6,4,1,0,78.452
27.88,-49.67,1.2,42.43,2,8,0,0,67.931
24.6,-74.58,0.63,41.61,1,9,0,0,63.108
18.93,5.25,1.2,69.84,5,12,1,0,37.109
15.79,16.4,0.51,43.51,4,3,0,0,52.115
16.08,-79.53,1.01,11.12,1,2,0,0,67.818
45.97,-8.49,2.94,11.7,1,12,0,1,98.004
26.02,-27.24,0.02,68.44,4,7,0,0,64.531
12.07,30.93,0.51,66.17,6,5,1,0,35.756
44.4,-74.56,3.01,23.63,1,4,0,1,111.99
12.68,-73.2,0.66,83.63,1,11,0,0,45.492
26.23,6.83,2.85,66.32,6,10,1,0,46.952
36.39,2.83,0.0,23.09,5,3,1,0,74.134
43.1,36.35,1.24,34.45,4,4,0,1,98.081
36.24,2.92,0.0,92.76,2,11,0,0,65.871
27.76,52.91,1.36,44.66,3,9,0,0,56.259
45.13,-35.99,0.0,30.13,1,10,0,1,106.453
13.34,-24.29,0.76,54.55,5,2,1,0,44.685
45.55,56.87,2.22,27.47,3,7,0,1,100.078
40.88,-64.95,1.27,77.3,5,1,1,1,93.509
43.58,31.43,2.09,77.52,6,6,1,1,88.324
20.66,-78.38,0.91,78.07,0,2,0,0,67.195
16.84,-11.89,0.0,62.47,6,4,1,0,51.392
34.55,-58.52,6.24,68.99,2,4,0,0,78.961
29.54,3.84,0.0,37.32,2,3,0,0,69.931
29.79,31.74,1.22,84.71,3,11,0,0,54.652
43.44,-75.37,3.57,22.25,2,5,0,1,117.425
33.08,-57.07,0.0,31.63,2,2,0,0,82.866
22.58,-32.03,4.58,94.38,4,12,0,0,56.564
25.6,-44.19,0.26,91.63,2,1,0,0,66.9
16.54,-26.35,0.0,53.15,4,2,0,0,56.912
18.54,53.26,0.0,52.42,2,11,0,0,43.141
16.87,-65.83,0.0,19.93,2,6,0,0,71.467
39.55,-20.74,3.33,66.07,0,5,0,1,89.548
35.97,-16.01,1.01,12.64,6,4,1,0,77.44
30.03,-40.75,1.28,36.72,0,8,0,0,68.726
24.73,-41.01,0.94,45.56,3,5,0,0,75.449
34.73,20.07,1.42,85.99,1,2,0,0,63.804
39.64,6.5,0.0,92.32,6,12,1,1,70.287
41.96,33.8,0.02,92.79,0,11,0,1,84.917
30.6,-23.29,3.65,77.9,2,3,0,0,71.549
39.88,4.94,0.13,34.65,3,7,0,1,90.024
29.38,45.1,0.0,13.85,6,6,1,0,60.967
28.13,39.19,3.41,46.18,1,2,0,0,67.386
41.42,48.8,2.57,35.28,5,5,1,1,92.511
25.14,-42.34,3.34,65.69,0,8,0,0,60.282
25.46,57.96,0.0,41.54,2,2,0,0,61.753
22.37,34.29,0.0,85.71,5,5,1,0,44.352
29.64,31.27,1.68,41.79,2,4,0,0,71.352
30.52,13.46,1.11,42.13,4,5,0,0,73.634
34.46,57.66,0.59,74.53,2,8,0,0,64.24
26.64,-18.18,2.09,60.15,6,5,1,0,54.675
19.41,23.82,4.7,31.7,0,10,0,0,53.245
41.47,17.83,2.1,67.52,6,7,1,1,72.603
23.76,22.49,6.34,57.85,1,9,0,0,50.911
43.38,25.21,0.21,18.85,4,8,0,1,95.606
19.05,-53.29,0.03,49.72,1,10,0,0,57.418
31.04,-31.13,0.0,88.09,5,2,1,0,59.314
30.24,-25.08,3.18,28.0,4,12,0,0,67.1
40.17,24.72,5.1,45.24,1,10,0,1,83.304
16.72,20.27,2.13,33.46,1,3,0,0,55.367
42.94,36.67,0.0,55.64,4,1,0,1,87.362
30.07,30.39,0.11,92.88,3,1,0,0,65.251
31.93,3.44,0.0,36.34,3,9,0,0,65.641
29.35,-60.41,8.27,80.79,2,6,0,0,69.887
13.22,8.96,0.49,81.26,4,3,0,0,47.103
28.9,44.19,0.0,32.05,6,4,1,0,67.678
20.96,10.04,1.92,75.67,0,6,0,0,52.192
23.65,45.39,0.14,93.99,4,1,0,0,49.148
34.07,59.87,6.53,91.09,6,7,1,0,54.279
28.92,-29.71,1.92,61.49,1,1,0,0,68.052
15.17,21.26,2.22,22.9,2,8,0,0,43.647
14.48,-4.41,1.4,20.14,3,1,0,0,54.148
18.31,-16.3,0.0,32.68,5,10,1,0,43.116
18.49,-46.42,0.0,61.11,4,4,0,0,61.812
32.68,-45.57,0.74,42.83,6,7,1,0,68.71
18.05,-54.1,5.69,69.42,3,5,0,0,61.718
41.98,8.41,0.0,76.96,6,11,1,1,74.462
19.13,-60.11,8.9,25.34,3,10,0,0,56.516
15.1,-19.61,1.72,86.95,2,12,0,0,44.917
41.78,-6.73,0.18,15.15,4,9,0,1,95.468
22.04,-18.65,2.35,32.52,2,12,0,0,57.254
26.46,39.69,0.28,79.26,4,3,0,0,61.498
44.61,-17.96,0.0,25.62,4,4,0,1,108.621
44.11,-68.4,0.69,28.71,0,10,0,1,108.623
36.31,58.91,0.17,92.93,3,1,0,0,68.926
14.34,38.3,6.73,87.55,0,3,0,0,44.039
32.17,12.41,0.26,79.08,2,9,0,0,58.751
45.63,25.89,0.3,24.77,4,5,0,1,110.264
44.2,-62.05,0.44,31.69,4,4,0,1,116.749
15.6,27.23,1.91,29.99,0,4,0,0,57.381
25.46,-50.92,1.6,26.08,6,10,1,0,58.985
22.73,-11.54,4.93,92.49,5,6,1,0,43.768
16.41,-55.08,2.52,24.11,2,1,0,0,61.962
35.62,25.53,0.0,73.47,3,7,0,0,74.552
21.31,-45.57,5.85,14.34,0,10,0,0,61.461
23.73,-44.55,0.0,56.22,2,2,0,0,73.143
15.07,-64.71,0.0,16.02,4,1,0,0,63.19
28.93,20.88,0.0,15.25,6,8,1,0,53.817
17.38,-38.58,4.13,29.57,4,11,0,0,56.028
26.69,-7.44,3.64,88.68,1,1,0,0,49.939
16.87,-33.49,3.01,64.3,6,8,1,0,40.535
44.43,28.46,8.75,65.37,3,10,0,1,86.138
16.93,-48.29,0.0,35.3,5,2,1,0,56.825
29.74,51.72,0.0,71.51,4,4,0,0,61.297
18.7,-35.01,0.0,67.93,2,7,0,0,51.745
14.6,-65.46,0.11,49.24,0,8,0,0,56.834
18.88,-46.36,1.98,68.02,4,7,0,0,58.725
13.86,-69.65,2.26,83.71,6,3,1,0,50.931
16.74,-14.38,0.0,91.63,6,11,1,0,32.526
28.78,-44.96,3.32,94.71,6,6,1,0,60.235
34.16,44.05,2.71,51.51,2,7,0,0,69.411
14.97,-7.6,0.2,12.78,6,7,1,0,43.428
26.99,-47.33,5.55,29.48,0,7,0,0,72.292
31.76,-16.82,3.36,26.73,2,4,0,0,74.829
19.96,-52.56,0.3,35.55,4,4,0,0,72.428
24.65,-54.98,0.0,40.64,2,2,0,0,70.057
14.44,-37.91,0.82,66.84,0,9,0,0,48.925
19.48,-64.84,1.43,54.68,1,4,0,0,70.608
27.87,-53.59,0.0,65.23,6,1,1,0,59.812
45.68,51.33,0.73,92.61,2,1,0,1,93.444
45.87,13.35,3.87,14.17,1,12,0,1,101.263
45.31,48.95,1.27,11.22,4,6,0,1,100.196
26.38,-44.04,3.63,66.57,2,8,0,0,64.738
14.74,39.98,0.42,56.43,2,7,0,0,49.831
23.0,-29.28,3.95,51.03,6,11,1,0,44.465
20.08,-59.81,0.41,82.53,3,11,0,0,57.498
12.48,32.66,3.76,23.5,0,10,0,0,40.25
15.24,-71.65,1.62,58.76,6,12,1,0,50.399
27.41,-23.32,0.0,89.21,0,3,0,0,59.043
23.55,34.7,0.57,47.9,4,6,0,0,65.042
18.13,6.41,3.22,59.29,0,4,0,0,52.009
36.35,-7.47,0.11,15.95,1,10,0,0,71.86
24.14,-30.49,3.33,39.68,6,4,1,0,56.953
40.96,-69.49,0.0,13.52,1,10,0,1,107.183
20.19,58.74,0.0,58.65,6,3,1,0,47.547
30.31,-55.53,0.91,60.19,2,9,0,0,66.591
18.26,-44.26,1.95,90.82,2,1,0,0,56.979
28.84,-46.97,3.73,64.26,6,10,1,0,55.101
17.18,47.11,2.67,10.25,5,10,1,0,38.094
17.49,26.92,2.36,80.82,2,7,0,0,42.349
32.82,-15.97,2.13,38.02,5,7,1,0,59.373
20.97,53.76,0.27,70.71,3,6,0,0,58.958
17.86,-72.61,3.7,32.44,0,8,0,0,63.624
43.61,45.11,0.48,74.62,1,7,0,1,91.89
13.46,-71.54,1.04,88.84,1,6,0,0,58.102
31.22,-25.24,3.41,16.74,3,7,0,0,66.723
30.64,-72.44,0.01,56.27,6,2,1,0,70.381
20.52,59.86,0.5,55.93,3,6,0,0,55.058
27.39,48.01,0.33,34.35,1,6,0,0,69.74
14.98,1.87,14.8,39.04,4,11,0,0,30.91
36.52,-49.5,2.57,67.47,3,4,0,0,87.175
19.54,-41.25,0.3,34.87,2,12,0,0,64.684
18.58,-17.06,0.0,12.6,1,11,0,0,48.623
22.71,-34.81,0.14,75.38,4,10,0,0,53.706
42.68,-77.02,3.25,63.14,3,9,0,1,100.383
39.08,11.88,0.6,31.29,3,4,0,1,100.053
44.19,5.88,0.07,91.73,1,2,0,1,86.251
34.17,46.6,3.7,86.37,0,10,0,0,59.575
34.54,-13.24,1.16,91.97,1,9,0,0,60.932
28.32,-31.74,3.04,53.54,4,10,0,0,59.679
42.78,-8.39,3.39,29.99,0,7,0,1,103.462
29.37,-52.74,1.18,24.78,0,11,0,0,71.36
24.07,7.58,4.21,90.62,6,1,1,0,42.834
33.77,27.8,0.23,85.72,1,2,0,0,67.442
30.57,-58.52,0.0,72.98,0,1,0,0,75.301
16.22,-35.43,0.6,53.39,6,4,1,0,52.956
25.35,41.49,0.74,42.67,2,2,0,0,65.884
22.65,-9.23,1.98,69.79,0,1,0,0,53.36
40.79,-5.54,1.32,10.81,2,10,0,1,90.772
24.88,21.14,4.8,54.56,0,2,0,0,60.628
39.93,0.9,5.97,67.69,2,10,0,1,73.642
27.04,-70.26,1.68,74.07,6,8,1,0,54.782
37.62,32.55,4.17,48.34,5,8,1,0,63.117
16.6,49.2,6.51,73.34,2,2,0,0,44.629
43.44,-72.54,1.77,18.15,2,1,0,1,118.618
28.34,-63.03,0.69,29.83,4,2,0,0,82.457
20.83,18.28,3.5,22.29,4,4,0,0,63.203
20.21,4.63,4.26,38.89,5,12,1,0,46.167
21.01,-26.45,4.91,39.26,3,5,0,0,65.583
24.47,-4.51,0.0,41.78,0,3,0,0,67.321
36.4,18.47,1.21,49.6,6,4,1,0,63.615
44.29,-9.37,0.92,47.09,2,5,0,1,104.184
34.75,-60.37,3.09,51.69,5,7,1,0,75.496
30.6,-67.48,1.2,73.97,5,10,1,0,58.007
27.25,-18.56,6.63,22.07,1,1,0,0,58.941
40.16,49.2,4.94,39.81,3,10,0,1,79.667
40.89,-1.91,0.0,10.01,5,1,1,1,93.893
21.96,-29.85,2.16,12.4,2,4,0,0,70.611
44.42,47.22,0.96,61.55,5,8,1,1,86.936
25.43,-25.59,0.31,84.46,3,2,0,0,63.012
39.2,-8.72,3.12,36.0,6,4,1,1,85.93
44.87,-63.69,0.76,44.16,6,8,1,1,102.081
35.92,23.24,0.86,27.84,6,9,1,0,58.013
17.49,18.04,0.98,22.14,1,1,0,0,52.525
31.93,31.19,3.08,85.15,5,10,1,0,48.378
16.04,-34.47,1.09,58.63,5,5,1,0,49.385
38.83,-18.95,0.0,69.91,3,8,0,1,89.567
21.56,-56.43,3.18,84.96,1,3,0,0,66.036
35.64,55.03,2.04,60.01,2,12,0,0,67.614
42.94,-67.95,0.0,25.32,3,10,0,1,101.003
18.15,10.86,0.42,70.63,6,8,1,0,30.753
25.36,18.74,1.21,73.56,6,3,1,0,49.102
34.0,-57.92,3.27,45.19,6,10,1,0,60.825
26.27,-28.85,0.17,62.43,6,5,1,0,60.85
17.94,-73.96,6.64,51.19,0,8,0,0,56.149
12.99,-2.07,0.14,38.3,6,8,1,0,29.847
25.82,59.29,0.04,67.16,3,10,0,0,48.349
34.07,-19.82,6.23,31.03,0,11,0,0,69.246
31.52,58.6,5.2,37.84,0,5,0,0,73.841
17.31,-62.33,0.19,44.48,1,1,0,0,60.466
27.32,-25.06,1.75,62.24,1,6,0,0,65.62
24.56,46.28,3.2,82.44,0,5,0,0,61.355
21.32,42.74,0.0,62.27,2,5,0,0,59.175
36.8,-34.7,1.12,71.72,3,6,0,0,82.536
22.53,15.01,2.82,34.88,2,7,0,0,56.067
30.36,44.06,7.72,59.93,4,8,0,0,54.219
43.39,27.36,2.2,18.83,5,5,1,1,97.202
30.34,7.99,0.0,49.38,2,8,0,0,61.364
32.98,-58.64,0.0,68.64,0,12,0,0,72.32
14.49,-69.78,0.0,25.28,2,8,0,0,62.448
18.06,6.05,3.29,86.68,4,8,0,0,46.589
15.43,-9.96,1.62,45.46,2,4,0,0,56.179
38.0,-46.67,1.27,67.05,4,5,0,1,95.742
40.42,-39.01,4.01,49.94,5,1,1,1,92.317
18.34,-25.11,1.35,72.24,5,7,1,0,45.504
19.46,-10.63,0.0,59.67,4,1,0,0,54.23
22.99,-25.36,1.18,20.42,0,10,0,0,58.208
32.1,-25.78,5.4,88.6,5,12,1,0,56.666
33.14,-63.8,0.0,66.11,2,10,0,0,68.516
35.35,41.18,18.94,50.13,2,2,0,0,59.767
42.78,5.28,4.14,67.51,4,8,0,1,92.276
22.03,-59.55,0.0,32.18,5,6,1,0,60.533
34.4,-20.66,0.0,75.36,4,1,0,0,73.703
31.03,-21.66,3.7,44.95,2,9,0,0,67.768
22.4,4.09,9.57,78.43,3,11,0,0,42.959
42.85,5.24,0.0,33.29,2,6,0,1,95.865
15.25,10.33,1.8,77.17,3,11,0,0,40.501
36.21,17.71,1.12,87.07,5,1,1,0,63.129
36.75,-65.53,0.36,93.37,6,11,1,0,65.452
43.12,-37.31,0.13,76.02,2,9,0,1,89.929
29.63,-77.57,0.0,69.84,2,9,0,0,71.842
22.94,-16.35,0.55,54.2,6,7,1,0,44.98
40.14,-19.88,4.15,18.99,1,1,0,1,92.467
38.21,22.81,0.0,57.59,2,6,0,1,89.601
29.01,-56.6,5.72,57.88,6,12,1,0,57.554
38.11,8.41,2.1,15.5,6,6,1,1,80.862
21.11,-37.06,0.0,68.7,5,1,1,0,51.6
32.04,-26.53,2.82,22.66,6,6,1,0,68.925
41.42,20.7,0.47,60.71,1,2,0,1,92.796
22.81,-69.98,0.69,50.17,0,6,0,0,66.123
28.44,-32.01,1.82,84.38,6,8,1,0,51.575
44.34,-25.21,1.62,29.74,3,1,0,1,107.273
39.14,20.2,8.17,24.55,1,6,0,1,92.436
42.16,-52.11,3.01,56.85,3,7,0,1,99.834
25.1,52.64,1.16,49.12,5,10,1,0,43.236
45.88,59.69,0.79,23.71,3,1,0,1,101.73
17.19,34.65,0.4,62.17,4,8,0,0,46.151
29.64,-38.04,0.0,86.99,3,8,0,0,66.155
28.3,12.94,3.86,72.92,3,1,0,0,54.556
39.15,-68.36,0.46,27.81,6,2,1,1,98.02
42.89,41.98,2.33,30.26,6,8,1,1,80.84
36.86,-7.76,1.15,57.39,2,11,0,0,68.659
33.31,-55.3,2.97,67.59,5,11,1,0,55.197
26.53,-34.16,0.64,93.21,5,10,1,0,45.965
29.35,32.1,4.5,18.91,0,11,0,0,63.147
29.32,41.83,1.0,56.44,5,8,1,0,53.741
12.69,-7.24,0.0,93.93,4,2,0,0,43.931
29.1,-12.76,0.39,19.43,5,7,1,0,54.407
41.1,25.1,1.27,92.67,5,5,1,1,84.798
36.12,35.67,4.6,49.29,6,4,1,0,71.056
39.05,27.08,0.93,70.98,3,2,0,1,86.597
25.28,-26.18,0.0,46.15,0,1,0,0,64.48
29.99,9.87,1.11,81.49,1,10,0,0,57.077
13.14,40.03,1.45,87.22,1,3,0,0,48.109
25.02,-58.75,1.13,24.17,1,8,0,0,72.739
28.13,-25.66,12.76,73.52,4,4,0,0,66.777
20.68,-72.07,0.73,11.76,6,6,1,0,59.936
13.06,-22.76,3.05,33.53,5,5,1,0,45.18
35.47,28.12,2.57,56.95,3,4,0,0,76.951
26.79,-52.42,0.46,61.27,3,6,0,0,71.765
26.13,-4.14,0.0,41.05,3,10,0,0,57.443
20.5,-74.88,2.31,32.99,2,7,0,0,67.808
30.29,45.67,2.78,24.59,4,10,0,0,59.355
26.89,34.8,2.11,30.38,6,11,1,0,47.049
28.12,-6.58,1.53,21.07,0,6,0,0,67.16
31.75,18.81,4.09,32.2,2,10,0,0,58.481
12.22,-65.45,0.74,79.81,0,2,0,0,56.228
42.86,38.33,0.17,34.44,5,7,1,1,87.008
14.42,20.14,0.99,87.15,1,6,0,0,46.794
27.33,-63.2,5.19,30.84,4,1,0,0,71.742
19.05,57.3,1.85,51.82,0,11,0,0,52.438
29.81,-76.85,0.0,24.24,3,9,0,0,80.343
21.53,7.99,0.0,11.45,6,8,1,0,45.675
41.24,-55.95,1.48,63.17,6,9,1,1,85.438
25.48,20.7,0.85,38.71,1,10,0,0,58.467
33.72,-70.14,0.0,39.33,4,10,0,0,75.031
20.46,-68.65,2.23,44.66,1,4,0,0,69.312
12.66,-14.72,4.24,76.11,5,6,1,0,41.002
25.74,59.16,0.24,43.98,3,5,0,0,67.999
30.24,-41.29,1.46,17.34,5,11,1,0,65.662
27.62,5.75,0.0,33.69,6,2,1,0,58.634
44.71,-7.4,0.23,58.97,2,11,0,1,89.929
36.03,37.9,13.25,94.45,0,5,0,0,61.317
45.85,-39.6,2.94,22.17,2,10,0,1,100.416
22.03,-2.31,0.0,37.49,1,3,0,0,66.792
38.83,53.09,3.34,51.28,0,11,0,1,87.048
30.89,-33.44,2.27,90.29,5,7,1,0,60.986
32.8,-18.48,1.27,19.22,6,12,1,0,64.463
45.52,44.43,1.11,77.47,3,5,0,1,105.113
34.24,-33.45,0.77,71.45,3,12,0,0,64.828
42.56,-26.71,0.0,36.05,4,11,0,1,95.368
36.68,-37.42,3.86,75.77,6,1,1,0,61.602
16.33,33.33,1.96,58.86,0,5,0,0,58.401
35.78,50.25,0.27,24.57,3,5,0,0,77.88
28.47,8.35,0.0,34.29,6,3,1,0,63.946
43.24,7.31,0.0,37.91,1,11,0,1,88.942
39.43,-25.4,0.0,37.46,4,2,0,1,100.169
15.54,-78.25,0.82,73.44,0,4,0,0,65.947
16.55,-55.65,2.97,66.13,5,4,1,0,53.539
14.37,-59.36,0.34,79.69,4,6,0,0,57.923
28.77,-63.78,2.59,53.42,6,9,1,0,61.378
14.75,11.57,0.0,39.8,2,1,0,0,48.233
36.61,-60.91,0.5,15.76,5,8,1,0,78.847
30.78,-68.01,6.47,77.52,5,5,1,0,71.393
40.42,-26.44,1.23,16.36,0,8,0,1,95.869
21.51,-45.14,0.9,35.62,5,1,1,0,62.225
29.65,-59.58,4.84,66.86,4,11,0,0,67.726
15.99,-59.54,0.16,74.95,4,7,0,0,55.048
42.08,-44.13,0.0,15.82,3,4,0,1,112.798
17.95,-4.84,1.97,61.65,5,10,1,0,38.453
15.48,26.13,2.7,21.66,0,6,0,0,56.204
18.97,39.39,1.49,74.37,2,5,0,0,54.318
39.41,25.2,0.26,72.04,1,3,0,1,81.087
15.6,7.95,1.66,73.58,5,6,1,0,36.199
32.89,47.07,1.82,15.42,1,3,0,0,78.738
37.37,-7.24,0.87,57.55,0,9,0,0,66.14
37.54,8.67,0.0,30.47,6,5,1,0,73.251
18.46,-22.37,4.68,52.14,2,2,0,0,58.66
14.1,-34.17,6.11,94.1,5,9,1,0,30.249
27.26,-33.56,5.48,17.69,1,11,0,0,57.811
18.88,-59.24,1.66,60.49,4,11,0,0,53.055
35.78,31.52,0.05,24.02,6,6,1,0,70.321
24.13,-72.25,1.41,53.35,5,4,1,0,71.694
27.28,14.46,0.17,54.28,2,3,0,0,59.699
15.86,41.02,2.29,48.78,4,5,0,0,52.982
31.3,-10.36,0.21,64.37,5,2,1,0,56.418
18.31,-70.17,3.18,92.81,5,11,1,0,43.995
35.09,-20.02,0.28,78.44,2,3,0,0,75.481
14.42,-31.95,0.12,91.47,1,10,0,0,49.245
45.18,57.98,0.81,26.1,3,5,0,1,102.254
35.27,16.78,1.51,94.42,1,9,0,0,62.964
18.18,20.99,5.16,35.94,5,11,1,0,39.885
12.48,-7.78,0.22,12.9,4,5,0,0,55.053
23.37,19.32,4.99,47.08,3,12,0,0,52.262
17.2,21.16,2.32,30.93,5,5,1,0,48.085
19.43,-70.71,1.89,74.78,1,4,0,0,65.073
41.67,-48.84,3.42,17.39,5,9,1,1,86.994
32.51,-78.18,0.23,56.58,3,2,0,0,82.631
18.0,-8.63,0.54,34.6,6,2,1,0,44.059
30.93,42.61,0.0,27.57,4,5,0,0,72.252
20.7,5.34,2.77,84.43,5,7,1,0,39.622
45.19,-9.97,0.0,53.82,1,6,0,1,101.224
13.11,49.64,4.23,37.66,1,1,0,0,46.055
36.9,-55.89,1.64,73.42,3,7,0,0,78.554
38.28,-69.56,3.05,82.52,1,8,0,1,89.901
14.28,48.42,0.89,47.58,0,4,0,0,55.191
17.84,46.39,2.05,25.48,3,7,0,0,55.263
25.07,15.62,0.0,94.52,1,5,0,0,57.526
41.52,-45.56,0.0,40.51,4,1,0,1,98.34
30.26,55.77,2.13,27.47,4,9,0,0,60.107
34.28,27.15,1.76,18.78,3,6,0,0,75.019
38.62,14.35,1.21,20.53,5,12,1,1,84.049
40.16,-48.79,5.13,90.16,0,3,0,1,100.339
28.19,-8.17,0.0,90.47,5,1,1,0,51.126
29.3,35.16,2.31,53.17,3,10,0,0,62.523
36.41,40.44,0.98,68.83,4,11,0,0,64.166
20.95,-1.4,2.78,80.77,5,11,1,0,40.556
41.05,-6.81,1.32,57.38,2,12,0,1,92.133
12.71,17.68,2.57,66.69,1,4,0,0,51.28
18.66,-6.05,0.82,92.19,5,9,1,0,34.962
39.21,-21.52,1.32,24.67,4,1,0,1,96.05
23.57,-68.04,2.36,21.8,1,6,0,0,74.854
17.09,-62.35,0.15,74.01,1,11,0,0,55.842
18.35,26.44,1.16,69.78,5,8,1,0,34.663
30.05,-76.55,3.99,25.81,3,11,0,0,73.405
40.77,-72.68,1.43,35.71,6,12,1,1,98.13
14.4,46.65,0.0,68.25,4,10,0,0,40.768
13.04,18.56,0.3,52.02,1,9,0,0,42.84
27.82,-79.41,5.4,85.95,1,5,0,0,70.686
44.51,-36.31,0.36,81.16,6,7,1,1,87.306
21.49,26.86,1.57,51.41,5,1,1,0,46.848
44.61,-21.54,2.46,66.68,4,7,0,1,96.093
42.18,-14.37,2.3,64.69,4,12,0,1,85.543
21.63,-15.77,2.74,17.83,2,2,0,0,65.896
39.78,-51.7,1.93,46.18,2,6,0,1,105.296
35.32,20.99,1.0,47.39,5,11,1,0,56.374
29.4,-65.58,0.0,86.28,6,5,1,0,69.906
26.38,-8.98,1.31,85.25,6,8,1,0,51.398
39.73,-56.21,0.9,14.9,5,10,1,1,94.503
38.96,-73.49,0.73,81.84,6,10,1,1,81.942
37.74,-59.95,2.03,61.99,3,9,0,0,73.304
45.94,41.71,0.13,11.38,2,1,0,1,102.532
28.27,-55.34,0.0,42.44,0,1,0,0,82.488
39.44,-41.03,1.01,85.49,2,10,0,1,90.606
41.32,-60.67,0.41,40.45,3,12,0,1,100.742
19.19,22.98,1.44,67.5,0,4,0,0,61.78
13.43,-17.64,1.35,58.08,2,7,0,0,51.05
25.76,52.11,1.46,60.14,6,1,1,0,42.43
41.13,13.01,1.01,50.87,1,3,0,1,99.633
21.83,-5.61,0.0,51.0,2,6,0,0,59.773
35.8,11.93,3.19,86.72,4,1,0,0,62.635
12.25,-74.34,0.0,45.17,6,8,1,0,46.24
24.08,53.09,4.24,26.27,6,7,1,0,50.437
32.93,53.9,3.57,45.68,5,2,1,0,58.981
16.41,-41.34,3.19,72.3,1,8,0,0,48.9
42.48,7.96,2.7,50.4,0,6,0,1,94.865
17.31,-51.73,4.7,72.23,5,2,1,0,51.616
42.93,-3.35,5.27,30.38,6,3,1,1,88.564
19.36,27.91,0.77,59.53,4,7,0,0,45.651
45.81,51.58,8.53,83.47,6,10,1,1,71.439
32.56,-32.51,0.95,54.99,4,6,0,0,72.546
14.87,17.09,0.0,64.13,2,8,0,0,38.661
14.22,20.3,5.8,67.7,5,6,1,0,39.918
14.55,-49.04,0.06,72.87,5,11,1,0,42.257
32.06,8.06,0.0,39.77,2,12,0,0,62.398
39.53,11.76,6.29,63.28,4,6,0,1,83.739
25.7,26.97,0.0,45.37,4,4,0,0,66.182
27.12,59.99,3.33,43.23,0,7,0,0,57.539
32.04,-74.37,11.2,50.39,1,11,0,0,68.449
30.12,-51.68,2.42,44.66,1,8,0,0,70.878
35.39,-59.69,2.66,12.2,1,5,0,0,91.091
28.04,-58.38,1.77,73.07,3,10,0,0,64.501
36.27,-16.41,0.74,59.67,3,3,0,0,76.197
45.91,43.0,0.19,21.69,6,4,1,1,97.211
23.91,-17.18,10.26,32.21,0,2,0,0,65.778
12.42,13.59,4.56,61.94,5,11,1,0,20.528
16.27,-27.29,1.64,54.03,1,12,0,0,50.679
30.82,-35.25,0.0,71.49,2,12,0,0,62.837
23.7,36.79,0.0,51.58,1,1,0,0,61.963
43.96,11.78,0.32,81.79,0,11,0,1,89.582
33.33,-30.87,0.08,16.58,0,3,0,0,87.163
29.69,47.98,9.29,62.12,1,12,0,0,52.251
39.13,-10.21,2.9,41.58,2,5,0,1,96.694
20.79,-53.64,0.0,36.08,2,4,0,0,72.837
39.87,-12.35,5.6,90.21,0,8,0,1,75.184
12.1,14.46,2.03,83.42,2,10,0,0,33.66
33.07,-28.6,0.8,25.62,1,5,0,0,83.225
43.78,38.13,0.14,14.88,4,10,0,1,88.359
38.79,-5.36,3.98,83.72,4,1,0,1,85.662
41.02,-14.51,2.19,24.39,0,11,0,1,92.38
25.5,40.22,0.0,88.9,4,7,0,0,59.473
40.02,-15.19,4.04,33.57,6,7,1,1,82.09
30.73,-21.98,9.22,44.99,6,11,1,0,51.098
33.03,-65.48,0.0,13.82,0,1,0,0,86.804
14.0,-29.25,1.02,55.69,6,11,1,0,26.847
18.85,-24.41,0.01,26.04,2,3,0,0,63.408
30.73,-54.71,5.23,46.64,6,12,1,0,60.896
14.0,2.3,0.0,88.15,1,9,0,0,29.184
37.21,-59.86,0.0,31.47,4,5,0,0,93.543
40.56,-48.68,5.31,63.97,5,1,1,1,87.185
43.29,-1.45,0.68,27.17,1,2,0,1,100.07
15.46,-42.34,6.09,61.84,5,2,1,0,48.04
43.95,9.55,0.0,34.58,1,1,0,1,95.479
14.3,16.67,2.87,67.93,4,8,0,0,40.254
28.12,-37.82,2.56,75.5,6,11,1,0,53.149
40.57,-67.77,0.19,84.86,2,10,0,1,93.14
14.39,-11.48,0.0,88.08,6,9,1,0,23.849
12.62,-66.99,0.0,30.51,4,12,0,0,56.476
12.85,-7.87,4.01,20.96,3,8,0,0,45.077
29.38,21.67,5.89,14.12,2,2,0,0,71.139
39.59,6.85,1.55,71.23,3,6,0,1,88.434
16.33,-17.24,0.58,25.89,6,10,1,0,36.231
16.24,52.42,0.0,78.01,0,6,0,0,46.792
31.33,-65.76,1.18,92.01,6,4,1,0,73.693
19.97,43.2,6.92,22.58,1,6,0,0,56.769
36.83,32.02,4.42,34.08,6,10,1,0,61.185
44.29,-21.24,1.48,54.55,3,5,0,1,107.906
38.05,-58.6,0.0,46.6,6,5,1,1,92.425
41.82,-58.18,1.81,46.21,1,6,0,1,102.806
29.67,49.05,0.0,28.45,0,6,0,0,70.893
40.3,-47.28,4.86,85.58,3,3,0,1,99.472
18.22,42.38,3.93,67.94,5,4,1,0,40.253
14.32,-9.54,3.86,23.08,5,2,1,0,45.85
34.3,-15.36,0.0,10.38,5,10,1,0,64.36
13.77,6.73,0.03,74.83,5,3,1,0,36.529
42.34,-49.89,3.94,11.35,5,12,1,1,89.76
35.51,-20.03,1.4,84.84,6,12,1,0,58.817
44.37,51.39,1.94,55.0,1,9,0,1,95.203
22.67,-46.64,0.49,89.06,1,12,0,0,55.968
28.53,49.02,3.14,75.61,0,11,0,0,55.467
37.22,59.19,1.56,86.02,3,10,0,0,60.085
20.25,-72.73,2.22,73.22,1,5,0,0,68.732
30.42,-5.61,0.84,59.01,4,11,0,0,57.655
34.42,-55.95,0.27,24.71,3,5,0,0,87.31
45.28,7.04,0.0,71.85,4,2,0,1,104.687
37.32,58.54,0.0,60.35,4,7,0,0,72.419
16.02,45.56,0.0,48.65,6,2,1,0,37.476
28.16,49.48,0.0,57.48,0,2,0,0,68.145
32.02,-50.13,3.31,29.74,1,2,0,0,83.47
16.99,-4.08,2.72,44.38,2,11,0,0,46.813
26.69,-47.12,0.34,20.56,0,1,0,0,73.552
21.66,45.92,1.64,44.83,5,5,1,0,48.981
16.04,-53.24,1.44,49.69,2,9,0,0,49.623
29.41,-58.45,4.92,82.91,1,10,0,0,61.48
17.63,-78.3,0.0,54.81,3,1,0,0,63.019
32.08,-54.53,7.21,87.25,1,11,0,0,61.687
17.77,-53.43,0.0,92.27,2,12,0,0,56.269
36.6,-69.15,2.77,14.16,4,12,0,0,87.662
18.64,41.48,0.0,60.76,2,8,0,0,51.597
42.47,29.2,3.25,35.43,5,7,1,1,82.385
12.89,-44.37,0.06,82.36,1,3,0,0,51.542
29.75,29.66,0.45,52.0,0,2,0,0,68.569
22.88,-20.9,5.42,16.64,2,10,0,0,56.828
19.65,28.57,2.83,28.28,1,11,0,0,49.082
28.03,-34.78,2.0,67.28,4,10,0,0,60.837
40.63,-0.95,2.46,16.77,3,8,0,1,95.999
43.12,-26.57,1.11,42.22,1,7,0,1,98.393
22.31,-53.73,0.13,84.09,2,3,0,0,69.342
17.24,1.99,6.36,12.48,6,2,1,0,46.391
36.48,25.12,5.27,69.18,5,3,1,0,64.358
31.79,25.43,4.03,67.42,4,5,0,0,70.279
18.83,-30.12,1.04,37.26,6,4,1,0,52.482
37.85,-7.38,2.36,19.58,0,7,0,0,75.708
29.64,26.93,0.0,18.7,5,10,1,0,55.331
34.22,-72.37,0.56,92.38,0,9,0,0,68.142
24.22,-69.94,0.26,67.54,4,10,0,0,64.227
26.93,-27.33,1.95,41.96,0,4,0,0,69.77
18.13,-48.71,0.0,80.85,2,12,0,0,58.175
37.72,-27.55,0.7,18.78,0,11,0,0,76.835
17.34,-66.87,0.39,20.79,1,5,0,0,75.514
38.46,2.88,0.11,26.79,4,4,0,1,96.683
39.13,14.04,2.13,74.9,5,11,1,1,70.934
37.38,30.86,0.37,44.76,6,12,1,0,64.09
12.66,11.07,3.94,64.62,6,6,1,0,35.474
21.29,-24.51,0.0,29.76,0,2,0,0,65.706
27.92,50.89,0.0,76.07,6,8,1,0,45.59
32.25,21.69,0.34,78.14,1,10,0,0,56.657
43.25,-6.12,0.0,45.13,6,6,1,1,96.873
24.77,-51.04,0.0,27.79,6,2,1,0,58.878
41.75,10.86,6.03,63.55,6,9,1,1,68.929
17.56,2.84,0.0,31.77,3,10,0,0,50.544
24.62,15.67,0.0,22.6,5,11,1,0,52.034
13.78,29.36,0.7,62.34,2,11,0,0,36.231
37.24,48.11,0.03,53.6,0,6,0,0,71.374
17.12,52.87,5.71,76.59,3,4,0,0,53.831
20.74,8.23,5.38,34.85,1,2,0,0,52.758
38.36,55.23,5.39,29.15,0,2,0,1,90.675
30.18,47.6,3.76,64.44,0,10,0,0,56.811
12.48,-79.63,0.44,69.59,1,12,0,0,50.053
12.08,9.27,0.54,45.14,5,8,1,0,36.235
29.36,-55.01,2.0,47.6,6,12,1,0,60.822
22.37,-38.67,0.0,20.5,5,4,1,0,61.502
18.13,-38.35,0.44,49.9,4,10,0,0,49.385
32.86,-12.36,0.05,91.71,6,5,1,0,65.229
19.77,-78.48,1.67,19.66,2,5,0,0,74.284
32.14,-46.99,2.7,58.28,6,8,1,0,62.799
24.9,-75.92,0.37,11.56,6,2,1,0,70.57
18.35,11.08,0.0,37.66,1,5,0,0,52.565
16.7,44.5,0.61,74.7,2,6,0,0,51.69
20.05,59.69,0.68,58.21,1,6,0,0,58.54
13.01,-17.2,12.92,16.9,0,9,0,0,47.231
22.48,-43.58,0.73,48.41,1,4,0,0,63.799
42.67,39.43,0.0,16.72,6,2,1,1,80.853
40.27,-64.16,0.22,41.75,1,8,0,1,102.171
24.65,56.39,2.49,75.36,4,1,0,0,52.413
31.58,20.08,1.96,31.95,6,12,1,0,50.726
31.29,-9.45,3.56,48.54,5,11,1,0,53.151
40.18,-66.47,0.67,52.53,3,5,0,1,105.654
20.03,-77.45,3.73,82.53,0,9,0,0,53.343
22.08,-3.77,1.08,20.33,2,7,0,0,59.168
22.26,-22.06,4.53,56.79,1,9,0,0,53.284
13.39,37.97,5.84,12.62,6,3,1,0,43.328
22.7,9.92,10.57,17.93,6,12,1,0,42.62
41.85,-19.53,0.18,28.76,1,11,0,1,94.714
43.01,-48.36,0.0,71.18,1,7,0,1,94.61
15.73,-12.74,0.0,13.49,5,11,1,0,41.5
27.57,-57.18,12.46,90.33,6,4,1,0,57.978
24.97,13.38,0.49,46.35,6,10,1,0,42.572
28.64,4.8,0.0,81.29,5,11,1,0,43.429
30.86,33.41,0.51,28.86,3,9,0,0,60.562
12.69,-17.07,0.9,38.71,2,12,0,0,44.987
40.64,-40.99,15.27,71.8,0,3,0,1,96.817
45.1,37.1,1.09,42.23,6,1,1,1,91.992
34.22,16.74,0.96,53.14,6,7,1,0,63.578
34.46,18.94,1.71,78.79,6,4,1,0,57.133
29.95,-6.07,0.06,65.34,4,8,0,0,58.059
23.37,42.64,0.51,81.05,6,5,1,0,51.062
17.07,-48.11,6.55,17.35,0,11,0,0,59.169
31.86,-23.76,2.38,61.69,2,2,0,0,68.511
13.53,31.47,0.61,61.1,0,12,0,0,43.076
40.03,-61.39,2.99,61.6,4,3,0,1,100.026
26.31,33.14,0.0,60.05,0,4,0,0,67.537
26.1,-30.64,3.71,71.53,2,1,0,0,59.248
23.12,-62.43,1.87,81.74,2,9,0,0,58.78
44.96,-68.92,6.04,29.52,0,9,0,1,99.77
17.95,38.02,0.0,18.89,0,12,0,0,47.744
17.14,29.01,1.02,16.29,6,2,1,0,57.018
17.63,-39.67,1.03,23.47,1,6,0,0,63.652
34.39,-63.71,10.04,65.76,6,11,1,0,66.137
45.72,-45.39,5.84,45.4,2,1,0,1,107.319
20.01,-50.18,2.55,39.71,0,8,0,0,55.237
42.79,22.63,1.05,87.35,0,3,0,1,96.102
21.47,-49.82,0.95,86.51,4,5,0,0,60.211
34.03,-49.75,2.04,55.81,0,10,0,0,70.923
13.38,-75.48,0.32,48.97,6,10,1,0,37.788
28.85,3.56,1.42,32.99,1,1,0,0,59.805
34.26,16.46,2.73,49.09,4,8,0,0,62.668
30.23,11.49,1.57,44.93,3,5,0,0,68.364
20.09,-0.4,1.53,10.59,0,10,0,0,52.783
40.17,55.25,0.67,74.48,4,11,0,1,78.779
44.98,-13.82,0.32,47.28,0,11,0,1,95.251
27.61,40.42,0.35,28.94,5,2,1,0,62.824
33.62,10.44,2.66,66.63,3,10,0,0,60.485
38.87,-68.22,2.02,48.05,2,12,0,1,97.29
20.21,33.41,0.19,36.67,6,10,1,0,40.732
41.39,1.81,2.23,29.62,1,5,0,1,93.822
21.53,11.49,1.67,15.03,1,9,0,0,56.287
38.38,-54.77,0.0,52.76,4,1,0,1,94.23
15.81,-18.75,0.46,41.91,2,5,0,0,62.838
21.81,43.28,0.93,13.43,3,10,0,0,55.818
30.14,-49.84,0.61,79.05,5,8,1,0,60.693
29.85,-79.98,7.44,78.7,6,4,1,0,70.003
40.91,-43.95,0.54,51.65,5,7,1,1,90.561
45.87,-11.74,1.72,81.31,0,1,0,1,93.245
15.65,34.98,2.56,50.89,6,12,1,0,31.364
21.23,10.06,4.76,24.36,2,7,0,0,60.873
24.16,48.67,1.08,54.0,5,7,1,0,49.14
28.28,-16.22,0.0,36.57,2,5,0,0,69.086
28.79,-25.29,1.06,48.45,4,3,0,0,74.513
41.11,-47.6,3.98,92.51,6,4,1,1,90.554
38.2,-49.47,0.0,40.22,6,6,1,1,90.853
12.64,23.06,3.06,28.35,4,6,0,0,45.979
27.47,-68.75,1.2,20.93,4,5,0,0,84.746
33.01,-46.02,1.67,85.13,0,7,0,0,75.741
27.65,44.03,0.0,11.27,4,6,0,0,70.881
16.44,0.77,0.35,87.13,2,4,0,0,50.89
25.51,-73.48,0.05,15.25,0,7,0,0,75.808
26.0,18.6,0.09,73.98,6,3,1,0,54.599
18.38,-9.06,4.35,34.96,3,12,0,0,47.555
37.71,39.63,0.62,31.24,5,9,1,0,58.115
22.93,15.54,3.34,25.29,0,4,0,0,68.696
32.03,-79.38,7.04,21.43,1,9,0,0,72.584
29.53,-51.2,0.42,15.63,6,12,1,0,58.905
41.83,-43.89,1.15,23.18,6,10,1,1,91.681
16.15,18.31,6.09,60.02,0,10,0,0,34.038
15.88,-8.7,4.61,58.42,6,3,1,0,41.137
22.21,24.64,0.87,33.89,2,3,0,0,59.089
26.66,-8.2,1.39,67.79,1,7,0,0,57.319
22.15,-34.17,4.64,75.42,6,4,1,0,60.039
37.95,-65.49,2.44,93.31,3,2,0,0,81.962
20.34,-51.63,0.0,47.38,5,11,1,0,51.054
14.88,-23.89,9.4,41.84,0,5,0,0,56.548
26.07,-2.8,0.77,92.72,5,10,1,0,38.965
38.29,51.41,0.13,90.08,2,9,0,1,81.801
40.92,-46.44,3.96,88.79,4,2,0,1,97.185
36.93,13.25,2.24,61.75,4,3,0,0,77.842
30.97,-58.64,2.42,62.51,0,8,0,0,69.618
36.62,19.93,2.14,88.88,6,8,1,0,55.592
35.17,-78.41,0.0,50.78,2,4,0,0,90.834
19.97,11.83,0.11,28.15,2,2,0,0,62.543
30.73,-57.15,5.22,93.75,5,8,1,0,54.873
38.2,-54.75,8.16,81.58,6,3,1,1,92.106
22.78,-1.75,0.0,14.76,6,3,1,0,57.923
34.24,-27.44,2.5,19.56,3,5,0,0,81.781
28.37,-14.02,1.69,84.98,2,5,0,0,64.845
29.11,-36.76,0.0,35.59,5,5,1,0,69.093
15.06,53.49,2.5,69.19,1,5,0,0,47.228
34.65,-39.31,1.59,20.01,4,7,0,0,82.184
41.43,-4.11,0.61,24.5,1,7,0,1,95.476
16.81,39.61,3.45,73.53,1,1,0,0,51.231
24.45,12.99,6.58,93.24,3,3,0,0,53.519
13.65,-34.81,4.76,52.69,6,7,1,0,39.543
13.01,-2.66,9.84,13.65,2,9,0,0,38.203
45.65,-68.38,0.2,29.92,5,1,1,1,109.182
28.78,-3.6,2.1,28.08,0,10,0,0,56.194
24.09,-19.61,1.17,89.5,4,2,0,0,59.547
21.35,26.11,1.41,45.63,2,8,0,0,52.701
45.32,38.71,0.0,90.55,0,3,0,1,94.439
20.58,-52.05,0.86,83.06,3,11,0,0,62.254
36.67,-68.58,1.19,48.32,1,9,0,0,76.292
21.65,-25.32,1.05,12.11,4,10,0,0,57.929
14.4,-5.22,0.84,92.7,0,10,0,0,42.896
35.23,-27.25,0.66,10.86,2,1,0,0,78.953
12.06,8.0,0.53,82.77,1,11,0,0,35.305
34.98,-9.21,0.45,45.12,2,2,0,0,74.515
20.51,51.13,5.39,35.61,0,7,0,0,53.784
37.37,-22.69,3.64,44.71,1,8,0,0,76.552
38.17,-68.45,1.56,40.34,0,11,0,1,95.575
36.62,-37.73,0.93,68.58,4,9,0,0,62.871
12.83,4.83,2.24,58.68,3,9,0,0,37.581
35.93,-44.16,3.19,31.84,1,12,0,0,77.292
45.66,-42.34,0.0,54.84,4,1,0,1,104.581
20.25,-32.46,0.27,44.42,6,1,1,0,49.964
21.32,24.46,3.89,88.25,3,3,0,0,50.628
39.66,51.62,1.79,85.85,1,3,0,1,89.136
17.45,-30.95,0.59,62.47,2,6,0,0,62.871
34.46,-52.63,4.72,92.06,5,10,1,0,57.423
37.67,-21.11,0.44,41.89,0,5,0,0,86.739
13.26,-30.74,0.0,17.48,2,11,0,0,46.585
30.83,58.6,0.21,14.05,3,8,0,0,66.119
31.58,-15.06,5.04,80.84,4,6,0,0,62.754
22.32,15.1,0.42,42.6,4,10,0,0,54.863
41.8,47.93,1.34,83.12,4,6,0,1,85.777
17.53,8.07,0.52,48.99,6,1,1,0,42.092
24.38,-45.09,2.47,10.95,1,11,0,0,65.777
40.85,5.04,1.84,54.94,3,2,0,1,93.664
18.48,-23.74,0.0,60.54,2,6,0,0,50.159
39.93,-20.87,0.0,48.38,0,2,0,1,91.994
14.69,57.11,1.71,81.23,0,10,0,0,38.178
28.63,-41.0,0.0,64.74,4,8,0,0,62.986
14.56,-14.35,5.2,41.0,3,12,0,0,42.89
35.05,-57.62,1.98,71.12,2,11,0,0,70.897
38.88,-55.0,12.85,37.17,6,4,1,1,86.618
40.9,4.49,4.92,81.28,2,4,0,1,87.05
45.36,25.14,2.31,33.81,4,4,0,1,103.24
34.85,9.1,1.75,66.66,6,2,1,0,54.914
38.15,-33.9,7.25,45.28,4,12,0,1,86.334
29.2,-71.65,1.48,18.6,5,1,1,0,69.388
43.03,-14.16,3.62,63.52,1,6,0,1,95.75
33.89,-9.4,0.97,42.56,6,4,1,0,75.563
42.04,27.89,1.92,63.91,3,1,0,1,86.88
20.01,9.64,3.14,55.89,2,10,0,0,46.275
28.89,41.98,3.02,13.54,5,7,1,0,58.745
36.81,29.62,2.9,27.42,3,11,0,0,70.445
18.89,-28.78,0.81,69.54,0,8,0,0,52.036
19.19,8.51,1.74,49.75,0,6,0,0,60.35
45.25,24.62,1.64,49.65,0,3,0,1,104.17
26.78,53.96,0.2,10.2,1,8,0,0,65.105
18.18,-20.87,7.54,35.74,1,9,0,0,42.907
23.27,10.76,0.0,66.9,2,1,0,0,55.44
25.51,-25.03,1.47,85.39,1,3,0,0,62.751
33.18,23.3,3.84,58.79,6,5,1,0,58.336
43.38,47.68,0.0,55.95,6,2,1,1,85.071
45.54,48.69,0.0,49.98,6,2,1,1,90.1
34.16,-58.01,3.89,67.67,1,3,0,0,82.519
35.8,-51.43,1.22,77.84,3,5,0,0,85.148
22.94,25.69,1.6,28.76,0,7,0,0,62.642
41.14,8.34,2.37,70.69,4,10,0,1,82.867
19.41,46.72,0.0,30.73,0,11,0,0,51.21
15.62,-36.07,3.62,12.7,2,5,0,0,61.492
45.09,38.72,0.14,16.35,1,7,0,1,99.423
41.38,15.73,2.59,13.96,3,1,0,1,92.39
22.32,-52.64,3.03,33.81,2,11,0,0,59.255
34.96,-62.29,5.51,20.81,3,3,0,0,88.614
27.88,18.38,0.0,17.24,1,1,0,0,71.32
22.99,-57.82,0.0,22.54,3,8,0,0,67.057
21.75,31.21,3.38,13.25,0,5,0,0,61.778
16.62,-2.01,1.56,39.2,0,5,0,0,59.817
30.68,-13.24,0.0,79.94,0,6,0,0,62.261
27.18,-41.43,0.54,57.07,1,8,0,0,68.309
29.41,57.74,6.76,15.52,5,10,1,0,45.76
19.32,21.1,1.4,41.87,2,7,0,0,54.932
43.91,28.93,5.39,46.54,3,8,0,1,87.825
33.71,27.62,2.84,24.65,4,10,0,0,65.673
42.59,1.76,3.79,41.71,5,10,1,1,84.65
15.72,51.56,0.3,38.62,4,3,0,0,52.19
33.18,1.74,1.43,51.97,1,5,0,0,69.524
40.88,-7.19,1.52,69.27,4,6,0,1,92.813
23.25,-41.68,3.07,50.7,2,12,0,0,64.748
18.63,-40.56,1.39,16.29,4,8,0,0,59.983
21.01,23.16,2.58,14.69,6,10,1,0,42.022
21.28,-33.13,4.97,85.48,0,10,0,0,49.585
27.2,22.02,0.63,69.05,0,11,0,0,51.842
23.08,53.38,0.59,65.86,1,7,0,0,55.291
21.22,-18.5,0.43,87.62,3,4,0,0,58.129
34.05,-66.37,0.4,56.03,3,5,0,0,89.988
13.8,13.32,0.64,16.27,2,1,0,0,52.524
23.57,-78.67,0.0,70.72,6,9,1,0,50.249
35.45,30.18,0.25,23.79,0,8,0,0,71.473
17.98,-6.41,0.0,66.63,3,2,0,0,54.924
19.51,-11.44,2.51,44.06,3,6,0,0,54.09
18.82,-0.28,5.19,12.4,5,9,1,0,36.804
12.03,-7.7,1.67,14.72,3,10,0,0,41.46
28.11,-34.67,5.48,43.37,0,10,0,0,63.049
13.32,-40.59,1.38,60.54,2,2,0,0,57.323
21.28,-21.86,0.0,24.53,1,5,0,0,67.802
45.82,45.29,0.43,19.07,3,8,0,1,105.451
43.23,-61.05,0.83,41.98,6,2,1,1,96.937
19.31,-34.53,0.96,78.36,2,3,0,0,62.458
22.54,-53.08,2.81,76.64,2,12,0,0,54.581
27.77,-20.2,1.15,68.15,3,7,0,0,68.309
40.71,-61.31,2.41,46.16,1,7,0,1,105.74
39.29,26.51,0.8,47.56,5,2,1,1,86.414
16.29,-65.51,0.61,29.21,4,8,0,0,54.534
16.23,13.14,5.62,21.66,4,11,0,0,46.427
26.17,-42.52,7.02,11.35,2,12,0,0,63.303
41.58,-13.89,1.25,83.11,1,3,0,1,96.71
41.99,-52.0,3.84,52.18,3,3,0,1,100.22
15.65,22.23,2.02,10.26,1,7,0,0,52.919
31.53,52.76,2.88,54.98,0,11,0,0,59.344
17.29,-48.96,0.0,31.96,5,1,1,0,50.474
35.33,53.44,0.0,46.33,6,3,1,0,69.061
43.16,-34.46,0.0,67.15,1,2,0,1,101.013
27.46,-1.9,0.0,78.83,4,10,0,0,52.208
14.82,18.22,1.08,69.54,6,6,1,0,40.369
31.69,-52.1,3.28,86.19,5,9,1,0,62.676
25.89,-17.73,0.0,29.95,5,1,1,0,58.353
39.57,-70.5,0.13,66.22,6,2,1,1,88.298
23.57,17.59,0.39,85.64,1,7,0,0,48.029
41.75,-21.67,2.63,36.22,0,6,0,1,100.935
21.31,44.83,0.0,77.95,5,3,1,0,51.728
17.36,-41.64,0.0,89.92,5,4,1,0,51.195
22.42,49.3,1.19,64.73,1,9,0,0,50.201
13.19,-60.25,2.95,23.96,6,1,1,0,48.225
21.56,4.98,0.23,32.17,0,11,0,0,56.294
34.44,-36.91,1.26,67.8,2,2,0,0,78.799
16.84,-54.55,0.63,83.62,6,10,1,0,36.44
15.79,-66.85,3.23,12.02,2,8,0,0,61.8
16.5,11.79,1.2,37.74,5,1,1,0,36.952
14.64,-47.36,7.25,29.85,0,10,0,0,50.821
41.74,0.19,3.49,45.88,3,6,0,1,93.068
44.1,57.12,4.37,75.32,5,4,1,1,87.886
13.58,-35.77,0.0,52.74,5,2,1,0,47.867
37.84,-75.11,0.84,54.05,3,2,0,0,90.39
37.06,-60.0,2.06,61.77,0,5,0,0,92.211
45.89,-63.29,7.54,53.83,3,4,0,1,110.075
23.83,-15.14,0.0,68.5,5,11,1,0,45.415
21.71,24.25,0.6,19.1,3,7,0,0,62.996
27.4,-38.5,1.13,11.94,6,1,1,0,69.359
41.12,-59.58,0.16,80.28,2,11,0,1,93.444
36.77,9.71,0.2,50.71,5,4,1,0,68.556
28.04,-37.83,0.31,35.37,5,8,1,0,58.257
20.32,0.52,4.6,48.62,3,10,0,0,46.842
36.72,50.73,0.01,65.26,0,9,0,0,66.144
41.05,-39.21,0.0,20.34,2,5,0,1,101.827
25.6,-8.25,0.0,54.51,5,1,1,0,56.076
34.73,32.95,6.21,19.41,6,3,1,0,68.903
25.61,16.84,0.05,83.06,3,7,0,0,59.525
28.27,25.21,1.23,57.8,2,12,0,0,62.595
29.85,28.16,2.95,78.92,5,1,1,0,51.942
38.37,-4.41,1.71,71.29,6,2,1,1,80.162
45.24,-4.95,0.45,79.3,0,5,0,1,103.165
27.11,20.64,0.0,39.05,2,10,0,0,53.0
23.64,17.67,0.29,21.85,5,12,1,0,48.373
24.7,13.81,6.61,85.79,0,3,0,0,57.082
16.55,-26.5,0.0,85.19,6,7,1,0,43.432
22.1,36.0,1.98,85.08,1,12,0,0,45.789
14.94,-46.93,1.15,94.09,3,12,0,0,44.825
26.55,-58.2,0.0,60.67,3,10,0,0,62.746
17.69,-31.68,1.21,53.56,2,10,0,0,50.854
23.78,-44.46,1.01,77.77,0,4,0,0,68.84
38.98,12.85,0.0,19.36,0,4,0,1,95.463
20.36,-47.66,0.0,76.56,2,12,0,0,52.196
32.8,11.91,0.0,79.04,1,8,0,0,62.078
42.64,-8.15,6.57,59.06,6,2,1,1,84.244
31.28,-58.66,0.57,42.97,4,1,0,0,77.545
18.59,-43.82,5.34,65.78,0,11,0,0,49.335
23.72,-6.96,1.72,87.78,5,2,1,0,50.676
32.07,22.63,2.82,23.43,4,9,0,0,64.907
29.22,-24.24,4.35,36.44,0,4,0,0,75.88
17.05,-47.4,0.0,67.07,2,3,0,0,62.877
27.19,-38.69,0.81,80.82,5,2,1,0,64.301
30.46,-66.68,0.21,65.43,4,7,0,0,72.193
21.09,-76.48,1.7,60.22,4,10,0,0,58.909
32.82,56.24,0.0,17.29,3,1,0,0,70.996
14.39,-66.5,1.16,46.87,4,9,0,0,57.481
23.44,-62.52,0.54,85.66,6,7,1,0,53.341
39.35,41.93,0.18,40.74,1,10,0,1,82.126
20.82,12.89,1.14,42.39,2,7,0,0,54.288
32.58,-18.95,1.15,40.39,5,2,1,0,66.826
25.94,10.86,0.71,40.83,3,5,0,0,69.965
22.76,50.9,1.36,44.4,1,12,0,0,52.281
43.15,-66.09,0.0,75.74,0,10,0,1,95.828
23.67,-45.88,3.12,48.68,5,5,1,0,58.307
20.05,40.44,3.37,61.6,3,12,0,0,46.109
42.92,29.29,5.0,47.61,5,1,1,1,91.195
37.36,59.2,1.78,84.28,0,7,0,0,70.7
35.18,-36.05,0.28,25.19,4,10,0,0,76.086
13.68,52.28,6.68,20.45,4,9,0,0,40.81
16.46,-31.88,1.27,44.66,3,3,0,0,60.648
33.7,20.11,0.92,92.81,2,2,0,0,69.03
19.12,43.58,0.06,69.48,1,9,0,0,46.622
19.67,-56.09,1.59,62.38,5,12,1,0,50.576
38.49,-51.21,6.69,43.18,2,10,0,1,89.075
21.72,1.33,1.21,35.09,2,11,0,0,50.182
14.43,38.14,5.64,91.31,6,11,1,0,25.604
13.24,-68.95,3.97,46.29,4,12,0,0,53.563
27.07,39.12,7.89,70.44,0,10,0,0,56.761
32.98,-31.96,3.75,78.89,0,10,0,0,67.119
41.54,-23.13,0.52,65.89,3,10,0,1,85.986
15.77,-32.42,4.07,29.77,4,4,0,0,56.816
18.69,47.61,0.06,34.48,3,7,0,0,52.446
30.01,-61.69,0.0,11.95,6,3,1,0,72.815
24.38,0.4,1.47,92.4,5,7,1,0,42.777
28.41,-59.26,2.75,80.95,3,7,0,0,65.405
43.42,50.0,5.82,44.34,1,1,0,1,90.763
30.53,31.71,0.0,85.86,0,1,0,0,61.394
26.11,-47.27,0.84,23.06,0,12,0,0,70.38
45.64,-38.31,2.03,13.57,4,7,0,1,106.378
14.22,-26.59,0.31,21.5,2,1,0,0,51.899
43.69,-23.24,3.14,85.09,1,5,0,1,101.976
29.06,34.43,0.0,23.64,0,11,0,0,64.271
29.13,-0.97,4.89,15.79,3,9,0,0,58.549
43.35,-20.09,3.6,25.77,4,10,0,1,89.957
29.25,20.72,0.55,45.28,0,8,0,0,57.807
26.91,-15.9,1.18,52.2,2,9,0,0,53.163
21.26,-62.05,0.0,30.05,3,3,0,0,76.964
34.4,-64.95,5.63,78.49,0,11,0,0,74.153
31.37,-34.37,1.12,91.59,6,9,1,0,50.488
19.29,4.4,0.65,34.72,1,3,0,0,63.624
36.12,-61.12,4.4,89.14,0,4,0,0,84.994
33.9,-2.98,0.81,79.52,0,10,0,0,61.781
25.51,-42.25,0.0,85.31,3,3,0,0,71.059
12.15,17.36,1.88,15.07,4,9,0,0,44.315
27.18,-76.04,0.2,80.89,1,6,0,0,75.021
12.21,-14.34,1.83,59.8,5,4,1,0,41.766
14.55,-72.68,1.21,13.25,1,2,0,0,66.614
26.64,-33.73,0.0,74.06,1,9,0,0,53.879
14.79,-77.82,4.76,30.55,4,4,0,0,64.567
21.37,-14.33,1.68,77.75,5,7,1,0,50.764
34.29,27.38,3.02,63.21,5,4,1,0,61.638
22.49,-65.97,10.7,51.85,3,2,0,0,59.11
45.92,22.93,1.46,11.99,6,1,1,1,94.359
43.15,1.79,0.0,85.62,5,12,1,1,79.248
31.9,-9.36,5.18,22.54,1,4,0,0,76.192
44.88,3.93,5.43,80.52,4,7,0,1,88.855
41.51,-32.97,0.14,68.49,0,6,0,1,102.891
22.84,19.45,0.74,15.91,0,5,0,0,71.646
37.49,29.15,0.34,56.09,3,10,0,0,64.924
16.65,28.95,0.15,91.75,4,11,0,0,41.285
35.27,-42.28,4.66,88.44,4,3,0,0,80.175
28.7,11.55,0.02,22.44,1,1,0,0,64.85
12.57,-59.27,1.43,24.72,5,4,1,0,60.305
21.32,-10.64,0.34,23.06,4,2,0,0,66.45
44.48,-79.63,1.16,74.27,5,1,1,1,94.061
22.74,-52.9,7.45,23.66,4,10,0,0,64.238
18.17,8.44,1.88,15.49,6,1,1,0,41.094
18.38,42.41,0.94,43.18,2,1,0,0,49.632
28.29,-73.14,0.36,92.19,0,5,0,0,79.425
40.65,-1.8,2.42,36.2,4,7,0,1,95.132
37.77,9.15,2.56,71.56,6,6,1,0,63.66
26.85,50.53,2.93,22.24,0,9,0,0,56.991
19.1,11.72,0.53,62.8,6,9,1,0,35.007
13.57,-65.58,0.22,59.4,5,1,1,0,47.046
27.73,-59.46,0.34,86.85,0,10,0,0,66.274
39.7,9.01,1.76,70.91,3,1,0,1,85.281
36.81,-49.81,2.51,20.27,2,11,0,0,76.602
25.89,49.96,2.34,44.41,4,4,0,0,60.835
32.22,48.9,1.37,10.05,5,11,1,0,56.095
26.83,52.81,8.02,30.48,2,12,0,0,55.809
31.69,-38.99,0.62,92.56,3,2,0,0,67.789
29.6,20.37,6.02,48.74,0,5,0,0,62.091
35.15,12.82,0.92,83.74,0,2,0,0,73.606
29.26,-75.02,1.3,12.02,5,12,1,0,66.896
43.98,-42.82,15.88,84.8,2,6,0,1,88.585
26.55,-51.05,1.99,85.6,6,11,1,0,55.083
12.54,-28.09,5.1,65.54,4,8,0,0,44.927
20.04,53.43,3.56,19.88,2,11,0,0,53.182
29.02,38.38,1.5,84.46,6,8,1,0,47.929
30.38,-38.92,0.99,86.49,0,1,0,0,72.815
30.78,-5.8,2.42,27.09,5,6,1,0,65.785
36.29,-53.08,2.36,89.91,0,8,0,0,72.705
21.34,-41.16,4.4,84.89,6,12,1,0,39.834
34.61,-70.9,2.91,27.41,3,10,0,0,73.965
35.94,9.96,1.13,43.47,3,7,0,0,71.444
25.98,11.97,2.91,38.62,4,10,0,0,50.526
25.67,37.39,0.83,52.35,5,12,1,0,45.336
18.08,42.02,0.0,85.57,1,11,0,0,41.245
26.08,-57.59,2.2,84.32,0,12,0,0,68.098
38.75,24.03,0.0,24.93,6,5,1,1,82.835
42.91,-61.14,0.0,56.85,3,6,0,1,107.02
32.18,-27.68,1.79,55.39,2,1,0,0,66.757
22.18,-7.82,2.21,48.28,6,2,1,0,48.025
35.2,-73.07,0.02,70.75,0,10,0,0,79.705
37.16,-58.05,2.2,64.91,5,4,1,0,75.574
23.3,-42.04,2.39,33.38,0,6,0,0,68.797
40.1,-62.14,0.65,39.59,4,5,0,1,108.244
14.51,50.77,3.53,85.51,0,12,0,0,41.324
12.37,-39.64,0.0,37.69,1,11,0,0,46.283
16.18,-9.84,2.31,47.75,2,9,0,0,48.619
17.3,59.51,0.0,92.7,1,12,0,0,40.752
41.88,-0.67,0.0,82.87,0,7,0,1,91.492
26.45,-22.39,0.24,69.41,4,3,0,0,66.972
21.35,50.17,4.05,35.84,5,8,1,0,45.494
26.59,-48.85,0.0,63.44,2,1,0,0,74.645
25.42,-54.87,2.43,64.57,4,6,0,0,68.541
22.25,-5.05,1.55,44.98,2,10,0,0,50.596
16.69,-20.18,0.0,13.07,1,3,0,0,61.469
34.3,31.58,0.25,41.15,5,7,1,0,60.593
16.64,-74.12,3.87,53.19,3,10,0,0,52.133
38.36,6.48,0.59,90.76,0,10,0,1,78.443
18.86,19.5,3.53,71.84,4,8,0,0,42.038
36.87,56.07,0.05,19.17,2,4,0,0,80.077
39.39,-59.59,2.62,35.62,0,3,0,1,96.978
16.26,-45.53,0.29,54.34,1,2,0,0,64.048
14.95,50.54,0.0,48.34,2,9,0,0,47.854
44.29,8.29,0.76,10.44,0,4,0,1,108.933
27.74,-74.67,1.69,89.48,5,8,1,0,55.981
33.43,-69.17,0.0,86.84,1,1,0,0,72.829
12.79,29.96,0.38,88.52,1,4,0,0,41.274
21.48,-0.55,0.34,46.43,1,5,0,0,62.682
29.18,-0.84,0.16,80.84,5,10,1,0,50.073
42.13,43.18,0.83,70.23,3,2,0,1,93.502
21.23,-46.25,0.0,53.5,5,6,1,0,60.163
38.36,-57.54,4.88,16.56,3,6,0,1,104.619
34.52,5.93,2.38,24.27,4,4,0,0,75.402
15.92,43.54,0.0,30.25,3,10,0,0,48.307
21.97,-42.86,0.0,86.15,4,12,0,0,59.074
20.09,15.38,0.28,66.56,6,1,1,0,38.693
27.05,-58.67,0.55,93.56,4,12,0,0,66.118
33.6,-55.93,11.78,58.15,3,11,0,0,65.984
26.74,46.21,2.36,17.2,6,11,1,0,48.252
20.31,-63.48,0.0,50.61,4,2,0,0,69.365
35.66,-76.59,0.58,19.5,6,5,1,0,85.384
31.87,28.49,0.63,86.62,4,8,0,0,62.154
29.66,-29.25,3.45,33.67,4,3,0,0,72.312
30.85,-24.47,0.72,26.77,3,3,0,0,79.682
19.54,31.98,1.19,53.49,5,7,1,0,39.792
35.13,-54.81,4.73,78.6,2,11,0,0,68.87
25.18,11.05,0.34,53.38,3,2,0,0,61.4
24.36,-36.11,4.03,13.25,6,1,1,0,60.709
17.09,-65.4,0.91,73.15,1,12,0,0,55.578
32.29,16.25,0.23,12.9,3,6,0,0,74.026
32.49,-35.39,0.98,61.37,0,1,0,0,77.991
23.57,41.32,1.74,62.44,3,12,0,0,50.685
41.23,48.66,1.64,27.72,2,4,0,1,98.081
40.75,38.87,1.17,47.96,3,2,0,1,87.856
15.71,-34.87,0.0,10.53,1,9,0,0,53.587
35.63,-46.88,5.56,34.11,5,10,1,0,61.356
25.39,44.99,0.44,62.64,6,2,1,0,50.539
45.99,-16.59,1.96,34.15,3,9,0,1,96.671
19.65,19.08,1.61,14.05,4,5,0,0,58.154
21.54,35.8,0.46,67.31,3,4,0,0,56.205
27.03,-41.12,5.05,73.1,2,9,0,0,53.024
21.14,-63.33,0.0,83.35,3,1,0,0,60.472
35.53,7.48,0.88,84.42,3,3,0,0,68.815
28.35,2.63,4.91,52.19,5,10,1,0,52.604
19.51,-42.17,0.0,44.63,4,12,0,0,62.885
29.22,1.86,4.68,59.8,2,11,0,0,59.349
42.22,30.65,0.76,77.38,4,10,0,1,79.104
38.94,-31.0,1.09,50.4,6,2,1,1,87.049
28.96,-46.08,1.36,94.59,2,4,0,0,68.048
21.81,21.5,0.0,64.19,5,11,1,0,46.178
18.12,30.02,0.56,36.19,3,9,0,0,50.045
41.87,53.6,0.03,77.47,0,10,0,1,81.062
36.15,-59.34,5.13,22.82,1,5,0,0,89.468
31.45,44.5,2.21,89.54,2,7,0,0,55.868
41.9,27.11,0.47,38.93,4,9,0,1,88.024
16.14,18.27,0.51,68.23,6,10,1,0,30.428
35.2,-36.17,0.0,63.15,2,9,0,0,72.989
19.37,-76.89,0.0,18.15,1,1,0,0,73.497
16.1,-8.94,3.94,71.34,4,3,0,0,51.059
27.83,-39.99,0.0,36.5,2,6,0,0,73.507
25.17,-39.43,0.48,42.4,3,9,0,0,51.544
44.0,49.8,4.85,18.2,1,12,0,1,98.148
23.02,-58.58,3.84,78.86,2,4,0,0,65.732
39.71,50.79,1.12,83.12,0,10,0,1,81.0
37.46,-9.47,6.24,21.41,3,8,0,0,79.413
34.71,37.36,5.68,79.07,3,4,0,0,65.885
43.29,-40.3,4.61,86.33,1,3,0,1,99.811
25.87,8.75,1.07,18.27,5,8,1,0,53.658
25.25,-2.08,0.0,94.78,1,4,0,0,63.932
17.47,49.38,4.1,10.39,4,3,0,0,58.192
21.38,-54.9,0.0,81.6,0,3,0,0,71.229
41.91,-51.36,0.09,57.45,0,3,0,1,105.967
28.13,52.86,1.98,91.37,0,2,0,0,62.636
23.61,-66.28,1.7,38.74,3,3,0,0,76.418
19.35,8.86,5.26,40.67,1,12,0,0,47.585
28.49,-71.52,0.5,81.43,2,3,0,0,78.222
36.37,-69.22,7.46,70.41,3,5,0,0,80.525
21.75,3.6,0.0,61.04,4,6,0,0,56.129
37.76,-2.81,0.7,64.77,5,9,1,0,54.559
33.41,0.22,0.03,68.02,2,4,0,0,71.23
38.78,-13.69,4.8,14.07,0,10,0,1,91.972
20.53,23.93,1.2,20.01,6,10,1,0,42.794
33.45,58.91,0.72,25.41,5,7,1,0,64.116
17.23,-41.39,5.44,25.03,5,11,1,0,39.052
24.37,-34.72,0.0,81.65,6,5,1,0,57.596
36.63,-34.77,0.04,43.53,4,6,0,0,82.335
33.48,26.86,0.61,51.6,6,8,1,0,57.588
18.39,-31.28,2.18,17.6,3,3,0,0,69.486
41.18,14.74,0.0,84.0,3,1,0,1,86.373
13.81,-17.58,0.0,10.87,4,12,0,0,50.135
32.24,5.09,3.67,17.08,3,1,0,0,72.345
45.45,36.06,1.63,79.03,3,1,0,1,90.356
30.07,-8.03,0.03,21.1,2,2,0,0,73.16
39.22,-13.48,2.64,77.44,5,7,1,1,72.5
32.24,-42.62,0.0,39.79,2,4,0,0,81.384
38.63,-7.77,2.4,75.97,6,3,1,1,85.654
34.29,-43.26,0.62,14.28,5,11,1,0,69.146
35.5,38.1,5.66,39.01,6,12,1,0,59.81
19.75,-25.56,0.22,50.91,4,11,0,0,55.341
37.22,-61.92,0.67,63.18,4,4,0,0,92.719
20.09,-46.4,0.73,81.08,2,2,0,0,59.616
45.34,-5.16,0.0,30.78,4,12,0,1,99.793
19.74,48.28,0.05,66.01,4,7,0,0,58.353
20.05,-37.92,0.78,22.9,2,12,0,0,60.017
41.19,-42.99,0.08,77.59,0,3,0,1,98.331
20.26,-23.08,0.5,89.32,0,12,0,0,49.159
24.27,55.49,5.86,14.02,1,4,0,0,66.904
36.3,38.33,1.18,16.79,4,10,0,0,64.16
17.4,-59.05,0.68,76.94,6,2,1,0,48.489
17.41,5.93,0.85,84.82,6,9,1,0,30.024
28.54,30.86,0.0,65.1,3,6,0,0,64.756
20.29,27.52,2.16,49.2,6,12,1,0,45.884
20.01,-11.56,0.03,75.37,0,2,0,0,58.836
12.31,22.46,9.53,35.48,6,3,1,0,33.196
24.6,1.7,0.0,94.3,6,8,1,0,53.245
22.82,-51.8,3.33,82.08,2,10,0,0,54.233
13.06,-72.15,5.93,85.41,0,11,0,0,41.521
33.12,-28.27,0.0,82.67,4,2,0,0,69.336
33.31,-71.33,6.48,89.3,0,1,0,0,71.156
14.41,-24.7,0.06,15.48,4,5,0,0,56.408
22.78,36.04,0.38,87.23,2,2,0,0,56.559
41.68,38.2,4.6,31.13,3,5,0,1,88.723
31.79,-75.23,0.21,40.53,6,6,1,0,78.171
26.01,-70.27,4.65,41.5,1,12,0,0,71.027
27.81,13.78,0.0,29.76,0,1,0,0,64.554
19.08,-10.0,2.26,47.27,4,4,0,0,62.162
39.6,-59.09,1.36,52.97,4,5,0,1,101.178
43.08,32.77,5.33,22.64,2,7,0,1,91.592
42.96,-49.69,1.47,40.56,1,4,0,1,110.833
19.61,-69.06,4.04,39.59,4,8,0,0,60.741
22.57,24.93,0.0,67.35,4,11,0,0,47.07
17.46,5.14,0.05,59.37,6,9,1,0,34.267
22.44,-24.78,1.5,70.87,6,8,1,0,49.062
23.32,16.98,15.03,76.64,5,2,1,0,44.544
33.53,47.59,0.5,66.7,0,11,0,0,64.045
18.45,-75.21,2.29,30.51,1,7,0,0,65.099
43.26,7.88,0.0,52.68,4,2,0,1,98.495
15.51,-49.46,0.0,49.66,3,8,0,0,51.414
12.23,-13.62,6.62,16.29,0,6,0,0,55.265
41.07,-20.64,0.0,86.03,3,11,0,1,88.866
35.93,-25.4,5.43,17.77,5,8,1,0,72.054
24.08,-53.35,3.17,93.0,5,12,1,0,46.927
32.25,32.37,0.78,12.7,6,12,1,0,56.07
19.6,-26.87,5.95,72.02,1,3,0,0,58.824
17.73,44.21,4.14,34.44,6,4,1,0,45.999
28.02,-30.35,0.0,86.9,3,3,0,0,72.05
24.01,37.56,0.67,80.04,2,3,0,0,63.447
32.92,-3.77,0.47,12.13,6,9,1,0,63.974
19.42,-26.01,0.0,11.87,0,12,0,0,60.374
34.54,18.56,0.0,61.27,0,6,0,0,75.785
38.07,30.13,3.04,22.72,5,10,1,1,73.833
17.67,-12.42,4.27,11.2,5,9,1,0,42.46
13.49,-20.44,0.02,92.26,0,4,0,0,51.543
26.95,0.84,0.8,63.79,6,11,1,0,44.257
38.32,1.92,6.23,10.92,5,6,1,1,90.266
34.13,-20.43,1.73,51.69,5,1,1,0,59.575
35.86,26.07,0.0,23.39,2,9,0,0,69.625
25.7,-24.04,2.21,78.44,6,11,1,0,45.124
19.99,-16.58,0.0,12.44,0,3,0,0,69.333
30.08,4.74,2.01,41.53,5,4,1,0,59.094
18.95,58.16,0.16,30.23,5,9,1,0,40.02
36.69,-43.5,0.0,93.37,3,12,0,0,70.315
18.7,-47.53,1.16,16.64,2,4,0,0,62.614
21.9,-55.24,1.71,71.19,3,6,0,0,68.765
29.22,16.52,0.0,50.63,0,9,0,0,55.23
28.55,-17.13,1.18,79.4,0,11,0,0,53.011
32.43,-25.6,0.84,28.21,2,1,0,0,77.485
26.87,-51.43,0.54,82.7,0,3,0,0,71.665
43.26,44.76,3.63,90.78,4,11,0,1,81.106
40.56,-17.96,1.14,28.11,4,7,0,1,95.371
41.89,5.08,0.59,30.63,5,10,1,1,83.712
33.4,-64.25,0.0,91.91,1,1,0,0,73.583
33.59,-64.88,0.0,46.9,5,2,1,0,77.684
32.71,-70.57,2.77,81.0,2,9,0,0,66.631
26.79,-28.57,0.5,81.61,3,5,0,0,68.529
22.95,-13.8,3.65,36.42,5,12,1,0,50.488
32.13,-45.76,0.0,25.2,2,6,0,0,86.057
12.87,-31.05,6.44,41.16,0,11,0,0,39.354
12.25,-79.12,0.95,60.31,5,7,1,0,47.724
40.96,-30.85,0.68,52.25,1,9,0,1,96.323
13.58,-63.32,2.09,72.63,1,8,0,0,53.499
29.84,-62.03,1.0,56.65,4,2,0,0,76.901
32.91,-79.37,20.44,78.47,3,10,0,0,61.884
18.74,17.49,1.21,18.83,0,12,0,0,54.171
42.45,50.38,2.91,47.32,6,5,1,1,86.449
18.46,7.02,0.55,11.37,3,5,0,0,62.914
42.07,-66.53,2.73,20.27,1,8,0,1,105.396
37.94,58.55,2.58,38.18,0,8,0,0,68.666
20.19,56.58,3.06,86.63,4,5,0,0,51.161
17.13,-14.45,1.29,42.31,5,4,1,0,49.155
22.75,-64.9,0.39,33.24,5,12,1,0,57.926
25.53,20.9,0.0,67.02,4,10,0,0,52.581
20.36,54.61,5.97,69.8,6,7,1,0,39.227
45.96,29.02,0.55,50.91,4,5,0,1,99.739
19.81,7.39,0.04,34.52,1,5,0,0,64.5
40.24,5.52,0.0,35.65,1,5,0,1,97.612
17.41,56.91,0.57,25.77,2,8,0,0,54.699
45.33,-69.76,0.0,40.82,5,1,1,1,106.495
19.67,-59.06,0.0,24.3,0,8,0,0,61.544
26.34,36.31,2.01,64.65,2,7,0,0,56.254
30.99,-59.68,0.19,86.05,3,2,0,0,74.016
16.09,-26.34,9.84,31.61,3,4,0,0,57.442
39.77,-40.59,1.97,30.59,1,4,0,1,107.016
21.34,-45.92,2.24,86.34,0,12,0,0,56.284
30.68,-76.4,0.38,58.28,6,12,1,0,63.96
30.69,-0.72,0.08,72.03,0,10,0,0,63.619
32.49,-23.83,1.86,85.58,0,9,0,0,61.363
13.89,-2.78,4.42,66.52,1,12,0,0,41.83
17.73,-37.37,2.99,73.11,2,9,0,0,47.786
17.48,51.8,0.79,42.89,1,5,0,0,55.908
22.27,2.79,0.95,89.74,5,5,1,0,49.771
16.93,54.57,0.0,69.83,0,8,0,0,50.624
43.35,-31.0,2.86,16.09,0,5,0,1,109.695
29.44,-79.68,1.28,60.59,0,6,0,0,79.259
33.2,29.38,4.32,18.05,4,12,0,0,71.779
24.15,35.83,0.18,54.38,6,11,1,0,44.436
21.39,-71.78,2.12,17.52,1,8,0,0,68.196
29.11,7.55,6.97,63.32,3,4,0,0,67.73
22.01,12.54,0.0,48.79,2,6,0,0,59.884
23.68,-59.6,1.12,57.01,4,4,0,0,80.768
27.39,-2.65,0.0,65.16,4,6,0,0,63.566
29.19,-45.95,3.4,31.28,2,5,0,0,81.499
45.47,-77.7,0.02,37.16,4,6,0,1,116.614
19.59,41.37,2.57,50.98,0,6,0,0,57.004
28.59,-11.16,2.56,58.14,3,8,0,0,58.744
17.08,29.44,3.48,88.51,6,11,1,0,27.67
23.9,21.21,1.36,39.91,6,7,1,0,50.439
36.39,59.12,0.0,60.3,0,3,0,0,74.629
17.93,-18.69,0.0,88.42,0,3,0,0,54.329
31.77,-20.14,4.86,71.02,5,8,1,0,54.113
26.17,-40.55,5.24,37.91,1,12,0,0,67.332
13.75,7.52,4.35,45.25,4,4,0,0,50.65
43.72,-11.94,1.71,84.7,3,2,0,1,94.933
26.06,22.03,3.75,47.2,2,1,0,0,55.255
38.65,-30.09,0.0,31.42,2,4,0,1,107.923
26.15,-61.68,0.16,54.46,5,12,1,0,63.2
43.87,40.74,0.54,25.81,1,10,0,1,95.361
21.88,35.93,2.83,59.47,5,10,1,0,33.918
26.02,-30.86,1.3,94.28,1,4,0,0,66.972
37.8,16.65,3.27,92.39,6,12,1,0,51.485
23.68,-11.06,0.68,62.17,4,5,0,0,65.457
24.39,26.54,3.22,85.33,3,5,0,0,58.664
45.82,-25.38,2.52,79.29,0,12,0,1,96.627
30.89,-5.01,5.07,90.81,1,10,0,0,50.846
35.44,-71.91,0.67,84.21,4,4,0,0,82.295
33.88,-55.51,2.32,86.49,4,8,0,0,68.647
40.15,29.45,5.27,29.51,0,5,0,1,97.513
41.3,-26.58,4.13,23.43,0,8,0,1,95.024
31.15,-75.09,0.0,13.74,4,2,0,0,87.9
22.01,-56.53,3.92,66.04,2,1,0,0,58.534
12.78,-22.38,5.05,89.35,3,12,0,0,38.598
32.89,20.51,0.52,94.48,4,1,0,0,67.065
40.07,-29.11,1.4,82.45,5,5,1,1,89.013
27.32,24.33,0.65,80.64,1,3,0,0,64.24
17.6,40.13,2.79,54.11,4,1,0,0,49.9
21.79,-32.24,6.1,48.42,6,9,1,0,41.766
29.34,32.05,0.84,64.43,6,4,1,0,63.669
40.45,-62.24,1.43,11.93,6,10,1,1,91.541
17.84,-21.86,0.0,77.52,0,7,0,0,53.315
32.81,-66.34,1.09,65.89,0,8,0,0,77.969
37.61,-72.65,0.4,24.45,6,9,1,0,77.89
43.83,-70.97,1.01,64.03,1,3,0,1,106.547
15.97,-65.33,2.8,60.95,2,6,0,0,60.852
43.5,37.0,3.5,76.98,3,10,0,1,90.414
32.45,-3.89,0.0,81.19,4,3,0,0,75.168
38.07,52.63,4.49,31.54,0,2,0,1,91.782
13.83,-4.68,0.0,79.23,4,5,0,0,51.163
29.21,8.02,1.93,25.48,0,11,0,0,60.831
33.17,-54.17,3.67,43.51,2,4,0,0,84.187
22.43,-4.32,1.61,51.87,6,5,1,0,50.091
26.68,-26.06,4.24,78.42,0,2,0,0,62.706
30.85,50.4,0.35,86.59,0,9,0,0,55.399
30.79,50.75,4.15,11.46,3,5,0,0,78.727
13.42,-52.21,1.03,72.67,1,3,0,0,55.609
26.94,6.82,1.85,84.59,1,2,0,0,62.869
19.27,9.34,4.12,91.12,2,4,0,0,49.979
43.17,-1.25,0.42,32.77,1,3,0,1,99.554
45.2,-62.59,2.75,24.7,0,6,0,1,114.622
22.19,11.56,0.24,52.41,6,6,1,0,44.839
17.96,31.87,1.59,86.59,5,6,1,0,42.611
19.46,-31.67,0.72,36.83,2,5,0,0,64.426
28.24,-7.96,0.42,52.93,5,2,1,0,56.666
41.73,-63.71,6.04,94.62,6,10,1,1,77.234
29.0,50.3,0.77,48.76,2,7,0,0,69.782
13.88,-64.66,0.37,63.4,1,3,0,0,61.282
13.36,-50.83,0.0,94.63,1,1,0,0,49.309
19.73,-38.21,4.76,41.22,6,12,1,0,48.697
40.65,35.61,2.19,33.2,6,12,1,1,76.772
33.13,18.09,2.17,34.03,4,3,0,0,78.048
31.14,-79.02,0.0,62.45,4,6,0,0,81.827
22.84,-54.3,0.0,23.83,2,7,0,0,65.158
43.6,25.02,4.3,23.98,3,6,0,1,96.602
23.26,-23.46,0.25,32.11,2,11,0,0,54.683
40.39,-76.33,0.0,55.98,2,7,0,1,104.128
42.46,54.95,0.0,81.75,5,4,1,1,84.58
28.43,-58.83,1.2,54.99,3,10,0,0,63.536
42.41,-8.53,0.22,76.52,2,11,0,1,87.138
21.41,-45.24,2.0,91.39,1,1,0,0,57.237
34.39,23.25,3.53,72.9,4,11,0,0,63.927
14.99,28.74,5.55,64.64,3,9,0,0,41.359
28.11,-24.39,1.0,10.7,0,12,0,0,69.683
19.39,12.18,0.28,48.11,4,11,0,0,49.171
14.13,47.27,1.47,32.78,2,1,0,0,43.406
12.13,34.07,1.3,53.56,2,6,0,0,48.429
23.04,-21.91,6.21,90.84,6,1,1,0,44.342
32.04,-18.19,3.48,37.24,4,1,0,0,73.194
27.48,44.16,0.05,23.67,0,12,0,0,62.353
22.26,-75.19,4.13,80.2,5,3,1,0,59.579
45.7,-76.81,0.19,94.2,2,1,0,1,104.438
43.94,-51.19,2.62,76.31,5,12,1,1,92.842
16.27,35.87,1.89,21.76,2,5,0,0,57.565
26.11,-58.55,2.0,56.81,3,2,0,0,67.263
34.06,-40.06,0.0,44.44,4,4,0,0,85.51
36.94,8.07,0.86,63.84,1,1,0,0,69.26
24.46,-54.21,1.41,66.83,0,9,0,0,64.963
37.37,-37.56,2.81,78.6,4,12,0,0,73.887
16.22,-14.63,4.7,30.41,0,5,0,0,61.822
23.28,-48.06,0.0,92.0,5,11,1,0,50.614
36.36,58.94,0.0,28.25,3,5,0,0,83.018
33.27,-57.12,0.76,20.55,0,6,0,0,89.89
40.47,38.99,0.0,80.45,5,3,1,1,86.785
13.59,-14.19,3.47,49.38,6,1,1,0,35.032
17.93,-61.92,4.95,51.67,0,2,0,0,59.783
13.65,-63.41,3.97,37.09,6,8,1,0,41.717
18.53,-9.96,0.0,13.95,2,2,0,0,63.169
12.15,-30.51,1.6,26.46,4,10,0,0,38.689
29.14,-47.16,1.93,74.74,1,12,0,0,65.326
29.96,54.25,0.93,29.07,0,4,0,0,73.207
34.37,-15.13,0.26,94.38,6,4,1,0,67.593
25.09,50.03,1.94,76.83,4,3,0,0,59.786
12.11,-57.04,0.39,82.13,1,5,0,0,54.54
34.91,-54.31,0.0,84.23,2,11,0,0,75.233
13.85,3.44,1.25,71.11,5,5,1,0,39.704
41.45,-42.22,4.12,49.63,2,10,0,1,90.633
12.77,-54.11,0.0,87.95,4,4,0,0,54.706
30.04,-66.74,3.56,46.25,0,6,0,0,80.559
42.43,-69.32,1.26,18.14,6,6,1,1,101.237
31.46,25.44,1.32,60.7,5,11,1,0,50.027
32.69,-40.5,4.01,18.97,2,6,0,0,84.437
35.17,56.98,0.0,65.71,3,8,0,0,66.122
16.16,-54.36,0.0,94.79,1,11,0,0,46.766
34.95,-30.38,0.21,67.39,3,12,0,0,67.668
41.93,-27.51,2.83,27.9,2,11,0,1,94.111
45.12,-9.98,0.87,21.72,2,2,0,1,102.214
27.06,41.89,4.26,40.29,5,2,1,0,53.868
23.71,36.87,1.88,22.39,2,6,0,0,60.222
37.61,-78.61,2.9,58.42,0,5,0,0,92.223
30.46,-22.7,11.97,76.56,3,9,0,0,50.374
20.75,35.91,0.78,65.94,0,6,0,0,57.436
17.85,-79.97,2.64,62.46,3,5,0,0,65.829
17.79,-5.29,2.31,47.03,4,2,0,0,56.187
27.61,-43.67,3.49,24.68,0,5,0,0,79.082
17.78,-22.21,6.1,64.21,0,7,0,0,51.323
12.67,-21.16,1.17,45.64,2,9,0,0,46.169
13.77,-25.15,2.04,35.96,3,3,0,0,61.503
43.62,44.87,6.59,66.04,0,8,0,1,91.267
14.48,-4.9,2.26,42.18,2,7,0,0,43.436
14.49,46.52,0.16,24.31,5,4,1,0,45.82
27.34,21.74,3.09,51.1,3,11,0,0,53.269
20.33,-30.84,0.48,34.58,3,6,0,0,65.964
44.73,-10.9,1.32,72.35,0,4,0,1,99.924
42.97,-25.42,0.49,14.0,5,9,1,1,87.154
25.76,36.0,7.86,82.49,4,3,0,0,54.65
27.26,-53.74,5.65,49.21,3,8,0,0,66.361
24.75,51.1,0.0,11.36,4,9,0,0,60.339
13.29,1.26,3.98,21.34,1,6,0,0,46.054
21.96,5.65,2.86,90.36,4,3,0,0,52.786
16.17,-7.65,0.0,55.65,2,4,0,0,49.632
15.48,-2.37,0.01,75.33,0,3,0,0,44.329
31.07,13.47,0.67,85.04,1,2,0,0,66.106
15.36,11.7,2.59,37.23,2,12,0,0,46.179
15.5,-50.02,2.52,56.49,3,11,0,0,50.418
28.34,1.54,0.0,65.28,1,7,0,0,66.233
27.04,-30.35,1.22,81.53,5,10,1,0,42.837
16.68,9.18,0.57,45.71,1,8,0,0,40.125
12.15,-3.3,0.0,90.9,0,8,0,0,34.666
18.56,-54.84,3.25,61.61,1,9,0,0,46.459
20.02,22.86,0.0,84.28,2,7,0,0,47.347
39.21,-16.02,4.0,17.09,0,7,0,1,97.186
43.12,-2.8,2.85,49.38,0,2,0,1,98.153
25.8,14.17,2.18,25.23,1,8,0,0,62.132
25.77,11.4,1.09,87.51,2,6,0,0,59.123
36.22,24.85,6.37,29.97,6,3,1,0,65.361
33.32,-51.05,0.78,70.6,4,6,0,0,76.32
18.26,-64.55,0.0,15.34,0,11,0,0,64.58
15.66,13.69,0.23,27.07,0,6,0,0,50.338
26.88,-46.96,0.0,37.19,0,6,0,0,65.333
31.2,-63.96,4.79,76.46,0,3,0,0,79.632
16.72,-61.63,1.38,31.35,3,10,0,0,56.944
21.97,-36.21,8.86,79.44,5,2,1,0,53.5
22.4,58.85,2.09,77.03,3,11,0,0,48.804
20.88,-57.98,3.38,94.34,2,12,0,0,55.665
27.67,-38.2,1.96,67.56,4,3,0,0,70.103
34.2,48.9,4.49,64.18,2,7,0,0,62.97
29.32,54.86,0.22,61.13,5,8,1,0,50.462
18.85,-47.96,0.0,19.32,4,11,0,0,62.252
15.5,43.26,0.0,53.62,6,4,1,0,45.774
39.94,-60.55,3.02,82.38,0,9,0,1,94.68
28.3,26.62,0.0,11.77,3,2,0,0,70.87
14.11,-78.18,2.55,20.77,6,10,1,0,44.427
20.78,-23.07,6.25,61.05,4,10,0,0,51.396
39.34,-45.37,15.81,82.0,5,3,1,1,85.591
37.56,18.56,2.65,36.12,3,2,0,0,77.393
41.78,-77.75,0.0,84.08,2,2,0,1,107.13
32.47,-14.91,0.0,38.69,5,10,1,0,59.086
26.38,17.54,3.64,49.56,3,8,0,0,54.285
26.51,-73.46,13.01,91.01,2,5,0,0,66.391
18.6,45.64,1.03,45.5,2,7,0,0,48.847
34.13,-29.43,2.08,60.96,0,7,0,0,72.84
31.89,-56.86,0.39,89.51,5,2,1,0,70.353
17.27,-48.43,2.26,32.47,5,6,1,0,57.225
42.11,-32.55,0.0,17.81,0,8,0,1,102.538
24.53,-52.23,1.29,91.43,2,8,0,0,62.395
13.69,-8.52,6.93,57.59,4,3,0,0,46.983
23.15,8.61,0.75,92.1,1,12,0,0,44.802
41.58,-19.32,0.15,83.67,2,2,0,1,94.066
43.18,-20.22,5.2,60.54,6,11,1,1,78.621
28.67,29.44,1.17,50.06,5,12,1,0,53.588
44.52,-37.86,4.54,50.82,6,10,1,1,85.946
41.76,7.19,2.25,24.11,6,7,1,1,88.027
40.06,45.01,0.36,48.55,4,3,0,1,89.189
41.23,-48.99,10.44,79.85,1,4,0,1,94.755
24.98,6.79,0.0,94.05,6,7,1,0,44.053
37.72,52.72,3.42,91.63,3,2,0,0,71.433
31.63,-5.83,3.09,91.79,3,9,0,0,62.616
36.47,56.77,4.88,11.62,3,12,0,0,68.132
18.04,-36.59,0.33,53.84,3,9,0,0,49.628
36.87,-1.0,0.16,27.01,3,12,0,0,71.292
44.56,-36.45,3.36,62.3,5,6,1,1,91.195
22.29,-79.48,0.0,90.4,1,4,0,0,68.651
45.53,59.62,1.49,84.52,3,1,0,1,91.945
24.86,-46.39,0.0,83.66,4,6,0,0,69.454
18.79,56.23,2.79,41.09,3,2,0,0,54.929
15.82,11.42,0.61,52.6,5,8,1,0,33.893
38.69,46.55,6.56,33.97,2,10,0,1,80.582
30.86,55.41,2.09,57.08,6,2,1,0,54.073
22.44,-0.5,1.7,35.79,0,7,0,0,61.418
32.69,59.96,0.16,78.74,5,7,1,0,60.859
23.29,27.43,2.62,49.48,1,4,0,0,56.704
27.24,-6.67,1.23,69.53,4,3,0,0,65.837
41.33,11.69,0.56,84.18,0,9,0,1,81.033
34.72,-52.8,2.45,35.48,1,3,0,0,85.624
37.92,-78.46,9.19,62.88,2,1,0,0,81.26
31.84,-44.05,0.46,81.89,0,8,0,0,64.774
45.71,-19.1,3.95,90.81,2,1,0,1,97.201
20.21,-48.07,0.53,23.86,4,4,0,0,70.652
20.92,-8.03,1.57,67.92,1,2,0,0,54.386
15.15,12.11,0.0,46.99,4,7,0,0,48.551
30.84,11.81,1.53,34.27,3,3,0,0,69.318
32.85,45.13,1.86,23.41,5,4,1,0,67.465
36.68,55.28,0.96,59.76,4,5,0,0,70.201
23.41,44.7,1.39,38.4,3,6,0,0,53.401
12.42,6.82,2.66,66.78,5,9,1,0,24.601
33.5,-51.19,0.83,33.88,1,12,0,0,74.911
45.96,52.08,0.36,10.05,3,8,0,1,93.22
22.01,-55.52,5.73,75.21,1,6,0,0,60.939
18.25,-58.8,0.45,23.71,3,8,0,0,60.176
21.58,-35.54,1.02,31.46,3,7,0,0,63.083
26.46,0.3,2.29,30.01,4,1,0,0,63.937
20.53,15.41,0.07,39.09,2,6,0,0,63.758
23.8,-78.14,7.41,51.25,4,9,0,0,63.778
33.7,28.92,6.73,79.06,1,11,0,0,53.62
23.73,-55.5,7.69,65.27,1,2,0,0,66.749
25.47,-38.49,1.61,22.41,0,9,0,0,69.523
13.36,-34.91,0.83,25.61,3,2,0,0,53.933
43.21,-33.46,9.45,82.0,2,1,0,1,87.667
25.83,26.45,2.74,31.24,5,1,1,0,48.005
23.16,-74.27,0.38,28.59,2,2,0,0,73.951
14.94,-52.49,3.29,10.3,4,2,0,0,64.175
33.56,-76.88,0.01,75.8,6,7,1,0,74.982
41.37,28.96,0.0,72.77,4,12,0,1,89.097
13.4,57.72,8.89,39.55,5,10,1,0,29.107
16.94,12.34,0.0,10.62,3,9,0,0,49.556
16.98,2.62,0.0,76.77,1,2,0,0,50.964
32.48,47.13,0.0,18.45,3,12,0,0,69.977
43.32,-44.31,0.0,49.14,5,7,1,1,98.169
26.88,-70.7,7.85,81.41,0,1,0,0,67.088
23.69,-8.6,2.07,30.76,3,8,0,0,58.196
38.04,-43.55,5.29,42.27,3,9,0,1,87.496
37.25,-16.85,3.75,66.17,6,5,1,0,68.321
20.39,-16.12,1.1,67.22,6,9,1,0,38.563
17.47,-35.36,6.21,49.33,4,9,0,0,44.515
24.17,-11.91,0.12,46.87,1,7,0,0,63.44
38.37,-26.78,6.01,45.66,1,5,0,1,100.52
35.63,-64.17,0.67,51.31,4,12,0,0,79.282
34.64,41.34,0.0,39.46,1,8,0,0,69.562
40.2,18.18,2.91,31.8,4,6,0,1,96.97
21.42,-74.22,12.95,36.86,6,10,1,0,46.889
23.55,-63.79,1.18,50.61,1,3,0,0,74.047
13.44,-66.49,0.0,42.48,6,12,1,0,45.531
41.54,-71.36,0.0,59.77,0,9,0,1,98.085
31.8,-71.73,1.0,63.65,3,8,0,0,76.369
22.14,-58.0,5.51,94.67,2,4,0,0,65.545
14.36,38.7,2.81,62.29,3,5,0,0,52.041
36.6,35.95,3.26,72.44,3,12,0,0,64.989
37.46,29.64,5.69,18.33,3,9,0,0,65.11
34.65,6.06,1.79,74.64,0,2,0,0,74.049
18.93,21.29,3.55,53.26,5,10,1,0,33.175
43.05,23.39,0.73,83.66,6,2,1,1,80.561
37.61,44.5,0.1,92.53,3,5,0,0,71.986
34.36,22.53,6.34,29.58,5,6,1,0,58.005
34.13,23.1,0.68,88.94,0,5,0,0,70.303
42.75,32.57,10.26,67.09,5,6,1,1,82.548
43.56,-2.11,0.81,72.82,2,2,0,1,93.307
32.25,-50.18,0.78,50.15,4,8,0,0,77.355
26.17,-68.16,3.02,40.16,3,9,0,0,71.167
24.37,-21.33,2.45,78.0,0,11,0,0,56.404
39.85,-67.16,0.0,11.87,2,6,0,1,103.7
33.92,-56.3,0.91,55.95,3,7,0,0,82.911
14.63,-76.66,4.67,16.28,5,2,1,0,56.442
16.83,-37.97,0.0,31.64,0,5,0,0,70.564
42.61,55.8,2.02,71.64,6,7,1,1,78.255
42.07,-26.95,1.47,74.15,0,5,0,1,99.877
44.36,-46.28,0.0,85.57,1,12,0,1,96.765
26.55,-23.52,3.11,70.81,0,4,0,0,65.171
38.66,-37.81,3.37,67.35,6,1,1,1,77.043
40.16,14.34,0.4,90.33,3,11,0,1,72.655
22.73,8.83,1.93,55.68,5,7,1,0,55.949
16.94,-76.17,0.0,65.58,4,1,0,0,56.385
45.9,-8.41,2.4,83.79,4,12,0,1,85.026
13.03,-74.93,2.3,74.91,2,3,0,0,61.639
32.31,14.83,0.0,75.44,0,12,0,0,58.146
34.11,51.01,1.45,55.62,3,5,0,0,68.195
35.18,47.05,0.16,54.87,2,5,0,0,66.184
20.69,-51.2,3.67,65.14,3,3,0,0,65.706
36.53,23.97,1.81,69.55,6,3,1,0,61.342
19.36,31.03,2.25,56.42,0,10,0,0,47.912
40.19,41.01,0.0,25.76,4,6,0,1,96.281
19.45,-43.66,0.27,31.11,1,7,0,0,63.016
35.69,-16.88,4.41,51.91,4,4,0,0,76.375
38.64,-48.99,0.59,27.35,4,6,0,1,102.161
18.42,-76.6,7.25,46.0,0,6,0,0,63.202
20.09,12.26,2.84,22.51,3,4,0,0,58.683
38.49,-19.6,4.29,22.43,2,8,0,1,86.636
14.92,-45.26,1.6,81.67,3,6,0,0,58.873
18.49,38.59,1.44,56.09,3,10,0,0,42.868
27.49,-10.6,0.0,76.34,3,10,0,0,47.512
43.63,59.25,0.0,10.98,4,8,0,1,97.08
31.1,31.07,7.15,34.28,1,2,0,0,64.552
25.18,41.69,0.63,11.5,5,11,1,0,49.994
45.26,28.27,1.35,10.29,5,9,1,1,86.118
27.77,-65.17,2.43,12.72,3,9,0,0,76.769
26.75,-70.9,0.0,54.33,6,8,1,0,59.673
26.0,48.11,2.85,17.72,1,7,0,0,65.211
22.61,-60.65,0.12,77.86,1,7,0,0,66.185
23.07,-25.23,1.49,53.88,1,2,0,0,58.816
35.39,5.39,1.51,30.86,5,12,1,0,61.862
13.39,-50.33,0.0,81.29,0,10,0,0,43.876
35.18,-48.46,0.45,53.32,2,11,0,0,69.875
18.84,-14.73,1.7,39.82,1,9,0,0,45.956
25.06,-29.47,2.13,58.28,3,4,0,0,70.99
16.98,14.72,1.47,67.17,2,5,0,0,60.716
30.79,-69.49,0.68,57.5,5,11,1,0,60.975
36.8,-11.57,7.64,89.29,5,3,1,0,63.471
24.06,-55.6,0.0,40.09,6,8,1,0,57.759
17.56,4.94,0.77,44.85,2,8,0,0,46.089
19.7,-63.73,0.63,83.0,3,3,0,0,69.923
39.82,-52.33,0.06,64.19,6,2,1,1,98.405
21.1,32.54,2.93,92.13,4,1,0,0,46.082
38.34,-47.08,3.27,77.33,6,10,1,1,81.936
23.26,23.19,4.35,53.6,6,4,1,0,49.073
18.42,-41.77,1.15,63.95,0,3,0,0,60.08
36.73,-47.1,0.0,44.52,1,11,0,0,76.131
27.93,-38.12,6.5,20.85,4,8,0,0,69.083
13.06,43.33,2.01,44.6,0,1,0,0,45.833
44.64,-24.4,0.85,33.93,0,4,0,1,111.149
17.02,-45.87,3.99,67.64,0,6,0,0,58.849
24.02,-4.87,0.0,66.88,0,6,0,0,65.398
25.08,-26.01,7.09,89.68,4,10,0,0,50.967
28.64,30.63,1.05,16.75,1,10,0,0,65.644
38.71,58.66,0.0,49.74,6,1,1,1,76.697
12.21,-6.28,3.32,43.88,0,4,0,0,51.025
43.7,-16.76,5.53,54.83,3,8,0,1,91.051
33.96,-31.98,0.0,20.16,4,1,0,0,76.062
44.32,56.27,2.56,51.77,2,7,0,1,90.528
39.79,-12.34,7.85,65.85,5,1,1,1,79.084
43.55,-55.08,7.15,36.67,5,7,1,1,95.888
32.43,55.69,0.19,65.29,4,1,0,0,66.121
24.15,54.52,0.43,32.58,4,9,0,0,58.216
27.06,-19.0,0.0,41.39,4,6,0,0,65.44
34.37,-31.25,0.23,87.12,6,12,1,0,57.222
26.52,15.26,0.82,12.13,5,1,1,0,52.911
36.88,36.05,0.0,33.19,0,11,0,0,71.275
15.12,-10.21,0.0,89.54,5,5,1,0,43.341
40.22,-33.69,0.47,22.5,1,6,0,1,107.05
18.94,-37.8,4.64,43.78,6,9,1,0,38.718
44.09,-34.28,0.19,48.6,2,8,0,1,99.535
17.29,-63.48,2.27,65.48,4,11,0,0,58.0
16.39,29.01,1.48,62.0,5,10,1,0,29.491
39.6,-65.31,3.38,63.27,2,3,0,1,99.49
39.84,-24.24,0.0,89.93,6,4,1,1,81.563
37.12,36.89,0.0,43.39,3,11,0,0,70.681
44.66,-23.43,3.71,51.63,2,10,0,1,89.415
21.2,-38.73,2.84,91.94,3,12,0,0,53.686
40.11,52.76,0.7,20.89,2,11,0,1,87.743
23.97,-62.28,4.19,90.6,0,8,0,0,65.964
30.27,43.88,0.03,90.6,6,12,1,0,50.344
27.15,-71.31,0.0,91.05,5,9,1,0,53.465
12.2,-22.11,0.41,15.7,5,11,1,0,37.834
31.53,8.44,0.49,59.09,6,6,1,0,61.32
37.42,-28.19,0.42,81.24,4,12,0,0,68.105
17.93,-5.16,1.68,36.66,6,1,1,0,46.912
43.68,-51.44,1.78,60.2,6,11,1,1,86.188
30.03,-0.34,0.0,31.8,1,12,0,0,66.772
18.06,-61.16,0.29,21.02,3,10,0,0,58.868
33.96,31.45,3.4,82.44,0,12,0,0,60.218
18.53,1.73,0.27,93.4,4,6,0,0,47.147
14.16,-12.53,6.47,15.93,0,4,0,0,62.213
35.3,-72.35,0.39,20.31,5,2,1,0,81.121
15.76,-10.03,1.37,60.03,5,3,1,0,55.133
15.61,-1.1,0.0,17.34,2,11,0,0,47.76
37.16,-42.81,9.4,63.65,4,1,0,0,71.304
13.88,14.86,4.42,71.16,6,3,1,0,32.013
39.53,-69.25,0.0,45.24,5,6,1,1,101.543
39.07,-50.78,0.0,74.28,3,5,0,1,100.133
16.81,23.26,4.37,19.66,6,12,1,0,41.097
29.62,-59.39,5.56,35.61,0,1,0,0,82.462
15.29,-45.62,1.63,78.65,1,1,0,0,53.994
33.51,11.12,5.83,17.51,2,4,0,0,76.706
14.14,22.04,0.26,34.23,2,8,0,0,49.333
44.11,-72.79,0.51,62.8,4,5,0,1,114.186
19.06,-62.28,0.11,31.03,5,11,1,0,48.212
35.22,-17.54,1.48,50.87,0,2,0,0,81.604
16.36,2.99,0.75,81.16,1,5,0,0,50.113
19.13,-16.47,0.79,32.92,5,8,1,0,50.609
27.33,10.59,6.37,47.05,3,8,0,0,57.306
31.49,25.84,1.03,11.55,2,7,0,0,74.466
45.96,52.94,1.2,70.21,3,6,0,1,96.451
12.88,-31.02,0.92,40.18,4,2,0,0,49.615
12.01,-57.17,0.25,83.1,4,1,0,0,52.197
23.91,-43.03,4.01,17.53,5,1,1,0,62.161
24.45,-59.26,0.77,76.49,6,7,1,0,54.3
42.05,-24.81,0.0,79.17,5,11,1,1,79.576
43.03,42.16,2.27,75.97,0,2,0,1,86.633
41.94,-31.41,7.55,72.42,2,1,0,1,90.944
16.87,-59.16,2.61,30.21,3,9,0,0,52.192
26.01,-6.83,1.07,45.42,4,7,0,0,63.16
37.36,58.87,0.82,42.81,6,4,1,0,71.348
22.63,-53.65,1.93,30.49,3,1,0,0,67.408
34.55,28.9,2.81,51.79,2,10,0,0,66.607
20.06,35.27,4.32,69.29,6,8,1,0,37.05
23.0,-23.81,0.74,50.69,5,8,1,0,49.963
41.25,6.74,0.0,92.83,3,3,0,1,92.929
20.52,-19.47,1.77,70.24,6,12,1,0,39.73
44.79,-43.27,1.39,47.63,2,1,0,1,106.387
22.41,-20.34,0.67,44.34,1,9,0,0,52.017
12.8,-66.66,0.0,59.61,0,9,0,0,53.323
20.67,18.97,2.07,46.7,0,9,0,0,53.329
17.82,36.09,0.0,28.86,6,8,1,0,37.644
29.23,-36.96,0.0,54.29,0,4,0,0,73.06
15.83,-0.69,1.06,67.18,5,6,1,0,37.448
33.29,-47.5,1.77,40.47,0,6,0,0,87.416
41.75,-62.16,6.74,34.08,1,11,0,1,94.656
24.33,12.91,0.0,28.48,2,9,0,0,51.919
17.73,-61.22,2.8,40.84,1,6,0,0,65.543
25.6,29.48,0.31,30.77,0,9,0,0,49.265
38.72,-41.95,6.5,74.86,6,12,1,1,74.372
32.11,34.59,3.89,64.29,2,9,0,0,62.799
15.44,-28.41,0.0,34.39,2,5,0,0,57.281
30.26,-28.36,0.04,94.31,5,1,1,0,55.834
27.91,25.08,0.0,64.88,6,11,1,0,46.961
23.12,-8.56,1.0,22.11,2,1,0,0,62.274
15.75,-51.86,1.09,80.49,3,7,0,0,51.881
45.36,39.06,1.94,74.06,3,1,0,1,94.356
17.99,-32.38,0.0,52.5,1,11,0,0,56.043
18.55,-65.61,5.39,29.84,0,1,0,0,60.802
16.95,-21.76,2.41,78.92,6,9,1,0,32.768
31.39,0.35,2.72,20.58,4,10,0,0,62.189
27.08,5.38,0.89,45.53,4,9,0,0,58.637
20.48,36.99,3.43,79.47,2,7,0,0,48.641
26.6,-4.2,1.57,78.12,4,8,0,0,54.1
34.9,-48.68,3.47,63.54,0,7,0,0,72.006
21.58,-43.37,5.53,10.66,0,10,0,0,56.273
43.12,-65.88,4.24,38.32,6,2,1,1,99.032
22.42,23.03,0.83,82.52,1,11,0,0,44.98
18.74,-65.17,0.0,71.32,5,10,1,0,45.726
44.46,4.81,0.0,78.9,1,12,0,1,88.858
39.56,3.57,1.62,15.35,4,2,0,1,103.655
23.67,29.97,8.68,89.97,4,3,0,0,51.65
40.61,-69.55,0.9,29.47,5,3,1,1,106.923
29.64,-51.59,0.0,38.24,6,5,1,0,75.083
23.79,47.34,2.13,81.45,2,10,0,0,49.387
40.55,0.11,0.73,44.53,6,10,1,1,73.073
37.57,-15.92,2.91,64.66,2,9,0,0,68.361
22.13,24.67,0.0,56.95,6,5,1,0,49.459
32.63,46.35,0.0,83.62,3,2,0,0,73.333
24.56,-43.18,6.39,23.27,5,9,1,0,53.928
12.04,46.21,0.0,18.31,5,1,1,0,39.061
44.7,-64.78,0.03,63.75,4,3,0,1,116.71
30.69,56.88,0.58,81.79,6,5,1,0,56.122
32.35,-56.92,2.57,88.46,4,10,0,0,67.582
32.4,-42.73,0.45,43.99,4,8,0,0,75.067
30.72,-66.48,3.08,72.46,1,2,0,0,77.42
21.86,32.51,1.7,43.22,2,3,0,0,60.274
45.03,57.79,1.82,37.1,0,11,0,1,95.42
33.14,-38.42,0.07,12.06,5,8,1,0,66.622
34.81,-34.41,3.96,31.26,4,8,0,0,77.264
27.46,-40.94,0.0,24.46,4,5,0,0,76.712
21.79,-58.32,0.0,32.83,4,10,0,0,66.295
14.19,30.24,0.82,34.54,1,8,0,0,48.469
23.91,-71.5,0.68,83.01,6,1,1,0,58.689
17.99,55.49,2.08,27.29,3,9,0,0,47.184
34.51,49.82,0.0,79.64,4,4,0,0,76.059
41.89,-63.42,0.0,83.04,0,11,0,1,97.85
22.29,-5.87,2.36,49.42,4,8,0,0,42.57
23.32,59.0,0.19,71.58,2,3,0,0,57.1
34.79,39.37,5.47,37.08,6,1,1,0,59.992
17.08,20.12,1.29,11.51,5,2,1,0,49.542
43.6,-76.86,0.0,70.32,6,3,1,1,103.896
24.37,-70.43,1.97,61.55,2,2,0,0,76.59
15.44,31.16,0.79,49.22,4,8,0,0,46.696
17.94,-27.3,5.99,86.39,4,2,0,0,44.614
43.71,13.58,0.53,71.82,1,6,0,1,95.396
20.4,23.49,0.58,46.17,2,4,0,0,63.894
34.52,-20.89,1.15,14.54,4,8,0,0,74.835
17.31,-59.93,1.21,84.47,1,1,0,0,56.945
18.6,-25.86,0.0,93.69,2,5,0,0,54.816
41.89,41.95,2.96,63.93,5,10,1,1,78.017
17.03,-33.65,3.48,75.3,5,3,1,0,46.863
12.64,-71.23,0.0,53.01,4,11,0,0,54.094
29.04,54.28,4.47,30.11,4,3,0,0,70.294
41.33,15.29,0.13,87.53,5,9,1,1,74.034
23.08,-4.28,4.84,68.51,1,4,0,0,60.382
16.36,36.08,0.71,56.63,4,5,0,0,53.868
45.4,-22.44,2.5,67.98,5,7,1,1,92.901
35.01,57.92,3.67,53.51,5,9,1,0,56.89
40.92,40.06,0.0,14.96,4,7,0,1,98.994
37.57,-40.72,0.0,66.14,1,7,0,0,76.558
35.74,-28.05,0.07,10.44,0,4,0,0,85.815
25.08,-41.4,2.4,28.73,4,8,0,0,65.119
23.03,12.31,1.5,23.26,1,1,0,0,61.663
36.38,9.51,0.54,38.91,2,2,0,0,77.968
36.37,-6.85,0.0,87.21,3,2,0,0,69.587
44.32,55.22,6.02,16.77,5,11,1,1,85.048
31.33,-13.88,4.66,40.38,2,8,0,0,62.517
22.02,29.72,0.01,74.56,4,5,0,0,60.12
28.64,12.13,3.34,83.36,3,8,0,0,55.418
32.87,-7.45,0.0,72.57,0,4,0,0,73.309
26.51,-74.11,2.34,92.04,4,9,0,0,60.98
38.9,12.05,1.82,69.15,3,5,0,1,91.457
31.88,9.96,16.69,73.31,1,8,0,0,52.349
12.32,-62.52,1.76,45.88,5,3,1,0,48.897
31.37,31.43,0.0,35.67,0,1,0,0,71.326
33.54,-14.62,3.72,49.26,1,12,0,0,70.347
43.12,-34.62,1.01,75.27,1,8,0,1,96.384
26.07,35.35,0.97,65.27,4,8,0,0,56.021
31.53,-31.93,0.0,75.61,6,8,1,0,55.396
28.15,7.06,0.0,63.34,5,11,1,0,48.087
30.08,6.51,5.59,72.31,0,1,0,0,60.016
14.29,-72.61,0.0,23.23,0,12,0,0,61.711
42.51,-20.8,0.0,37.51,5,6,1,1,96.224
42.95,-48.81,8.16,57.7,4,7,0,1,96.823
30.63,-52.06,5.25,11.41,2,12,0,0,67.863
30.92,11.69,0.0,87.55,6,10,1,0,48.514
13.96,-78.4,5.71,30.36,1,5,0,0,66.244
32.33,55.67,2.95,17.52,0,11,0,0,66.336
26.59,-24.65,0.24,66.46,3,1,0,0,59.549
36.11,-38.17,0.23,26.47,1,2,0,0,81.828
13.6,48.8,4.44,57.76,1,3,0,0,45.574
36.17,-11.87,0.84,31.16,4,4,0,0,80.063
21.75,6.01,3.63,24.11,2,9,0,0,49.765
34.16,17.42,4.07,72.47,4,5,0,0,66.161
33.32,42.0,0.53,43.01,3,11,0,0,70.957
19.71,-61.84,4.16,58.83,5,8,1,0,54.36
26.98,-68.57,15.91,28.37,6,8,1,0,55.996
40.41,59.12,0.0,56.96,4,10,0,1,83.931
32.59,-78.76,0.0,45.8,2,5,0,0,93.599
14.34,19.15,2.85,14.35,4,5,0,0,59.991
27.06,5.55,0.52,71.77,3,2,0,0,59.253
22.6,-2.64,7.41,56.95,3,11,0,0,47.555
33.82,30.02,3.64,88.82,2,3,0,0,67.242
32.9,58.95,0.53,78.68,0,8,0,0,61.836
12.35,-73.44,1.38,58.55,1,10,0,0,49.514
32.66,6.03,1.26,13.66,4,5,0,0,76.551
36.98,20.35,6.75,73.91,0,2,0,0,71.227
38.14,-37.17,8.62,56.67,1,9,0,1,84.903
14.01,45.0,0.0,80.98,3,4,0,0,53.391
22.32,-16.02,2.35,59.11,6,11,1,0,39.295
26.32,-56.97,0.31,10.17,1,6,0,0,81.632
18.11,39.62,0.97,79.27,0,5,0,0,50.139
26.3,52.01,0.38,77.94,2,9,0,0,52.65
14.42,-66.07,2.5,18.45,0,5,0,0,71.021
15.85,25.24,0.0,68.12,6,10,1,0,32.773
34.74,-49.9,1.47,54.72,5,9,1,0,63.443
20.93,-79.06,3.98,60.14,0,11,0,0,62.204
36.19,-43.51,0.63,85.6,0,6,0,0,84.715
13.64,39.69,3.41,31.21,3,2,0,0,47.567
31.13,-60.23,1.5,11.12,2,3,0,0,87.891
25.31,-61.71,5.14,27.73,4,1,0,0,73.548
39.1,23.47,0.3,87.79,6,11,1,1,68.725
38.65,-23.11,1.82,27.97,2,3,0,1,105.404
24.77,-59.21,0.01,67.33,5,3,1,0,70.985
33.17,-47.8,8.14,77.12,2,8,0,0,69.92
19.74,31.24,0.0,79.12,1,3,0,0,58.306
31.73,7.26,0.0,10.89,6,12,1,0,53.556
14.76,26.53,0.0,10.8,1,11,0,0,42.656
26.78,-66.31,1.41,94.07,1,6,0,0,69.794
18.21,-15.87,4.01,54.83,4,8,0,0,46.31
42.03,31.59,3.76,15.41,4,5,0,1,102.022
27.13,-42.79,3.24,12.28,3,6,0,0,65.931
32.09,-56.31,3.36,78.92,0,6,0,0,78.302
24.25,-26.55,1.58,86.92,0,5,0,0,63.605
21.82,-33.33,0.0,54.58,5,6,1,0,53.905
18.9,-54.03,6.8,41.6,1,3,0,0,70.429
43.0,53.55,5.75,69.7,1,8,0,1,84.341
39.18,-12.37,0.19,11.9,5,1,1,1,82.681
16.53,5.13,2.6,86.41,2,11,0,0,39.879
37.39,-63.05,0.82,31.77,2,11,0,0,82.51
26.23,5.4,2.01,26.23,6,3,1,0,57.449
12.52,-2.25,3.53,36.42,5,1,1,0,44.119
29.96,50.47,0.0,15.42,4,6,0,0,72.681
16.42,-22.28,10.04,43.11,1,1,0,0,51.847
19.14,29.49,1.74,70.75,1,5,0,0,55.189
35.67,-37.41,0.0,52.35,4,10,0,0,75.934
20.74,1.05,2.67,66.78,5,4,1,0,47.412
42.32,49.78,4.03,28.17,3,11,0,1,84.879
34.34,7.51,10.15,43.82,5,1,1,0,59.203
40.3,19.56,0.07,54.16,2,9,0,1,85.966
32.92,42.64,0.0,58.67,2,7,0,0,69.759
41.54,49.56,2.65,25.84,4,3,0,1,96.837
24.3,-50.84,0.86,78.65,3,6,0,0,68.119
30.67,-52.58,0.43,17.67,0,4,0,0,80.881
29.54,-2.93,1.88,18.35,2,8,0,0,63.127
42.73,59.37,0.43,31.22,5,12,1,1,82.002
17.61,-11.38,1.44,65.61,3,7,0,0,51.62
31.65,-33.67,0.71,16.55,5,9,1,0,61.439
37.65,-4.78,0.0,10.66,5,8,1,0,63.587
24.58,-70.98,1.25,50.14,2,10,0,0,62.924
41.5,-55.19,6.22,39.47,1,7,0,1,101.814
24.68,-59.15,0.11,23.32,4,6,0,0,75.993
17.89,-76.09,1.72,65.75,3,2,0,0,62.451
31.86,21.11,0.28,64.52,6,10,1,0,52.327
26.3,-34.43,0.15,20.36,1,11,0,0,70.13
12.52,-56.4,1.39,29.53,2,12,0,0,56.547
14.37,-8.29,0.0,41.02,0,9,0,0,38.119
18.64,-34.72,0.28,94.15,2,5,0,0,58.585
38.16,-24.98,5.17,75.33,4,9,0,1,81.243
42.33,-35.83,0.0,38.66,5,4,1,1,92.074
30.55,-79.44,0.0,92.06,5,11,1,0,57.161
15.59,16.37,7.9,48.67,0,1,0,0,47.9
30.17,-64.5,11.78,42.33,6,11,1,0,57.046
41.09,-49.32,1.96,90.26,4,9,0,1,89.681
37.48,-53.36,0.0,72.57,1,11,0,0,73.123
21.9,-33.61,0.67,56.57,1,3,0,0,69.134
16.21,-57.57,1.7,61.06,5,7,1,0,44.912
42.62,-31.43,2.49,92.69,4,4,0,1,95.739
41.04,-45.94,1.54,23.0,1,9,0,1,96.044
13.83,-71.43,0.59,39.51,3,8,0,0,52.21
40.0,41.88,1.29,45.79,6,9,1,1,72.687
15.31,-37.22,2.67,93.7,0,9,0,0,47.387
14.15,-66.66,0.0,17.16,3,1,0,0,59.913
37.79,-6.99,0.86,19.49,6,5,1,0,76.502
30.23,-62.74,1.43,47.01,0,4,0,0,85.265
26.09,28.23,0.0,24.39,3,12,0,0,59.944
42.73,-71.38,0.0,68.21,3,7,0,1,99.663
40.54,-14.95,0.0,40.66,2,2,0,1,98.032
13.96,52.14,5.02,81.93,3,5,0,0,38.303
32.95,-57.74,0.76,73.63,4,7,0,0,73.735
38.26,-51.81,0.0,50.02,1,4,0,1,104.497
30.72,4.07,1.34,81.82,3,8,0,0,60.953
45.42,57.18,1.36,18.57,3,10,0,1,93.172
35.33,-25.98,0.07,59.39,0,8,0,0,70.79
15.54,10.81,0.94,61.44,1,7,0,0,44.178
18.74,-58.68,3.35,30.91,4,8,0,0,58.462
40.09,9.8,1.64,14.22,3,4,0,1,101.895
45.89,-44.63,3.69,55.49,6,8,1,1,91.136
15.34,5.86,1.51,53.66,5,1,1,0,38.406
15.41,-67.59,0.2,65.56,1,10,0,0,54.33
37.96,-6.5,2.04,28.1,6,5,1,0,72.425
14.19,-46.76,4.08,25.27,6,10,1,0,36.085
14.33,15.44,0.0,93.12,2,4,0,0,44.153
42.22,24.67,0.57,19.66,4,12,0,1,95.204
39.22,38.74,2.03,94.95,1,7,0,1,78.59
41.97,58.94,2.2,71.2,0,12,0,1,85.896
34.12,-15.69,1.94,63.49,1,4,0,0,75.409
22.97,13.88,0.21,38.88,5,7,1,0,46.424
42.81,-77.42,12.01,83.76,3,9,0,1,86.381
22.16,46.71,1.71,87.36,3,9,0,0,41.501
21.37,6.2,7.14,71.36,3,4,0,0,48.69
42.14,-21.01,1.53,70.34,5,5,1,1,92.209
35.15,-19.2,0.0,51.92,4,3,0,0,80.513
42.45,26.12,3.17,16.62,4,8,0,1,90.053
17.3,36.69,0.6,94.92,3,5,0,0,45.395
44.38,33.11,4.88,11.32,0,1,0,1,102.327
32.83,-8.52,0.74,52.11,2,4,0,0,76.442
34.71,-28.04,0.44,41.21,0,5,0,0,80.591
43.08,52.38,0.0,75.97,5,7,1,1,86.322
24.95,8.79,0.58,72.54,2,11,0,0,51.31
36.47,-3.89,1.19,63.38,1,12,0,0,68.795
33.77,3.76,0.1,16.35,3,9,0,0,64.689
38.78,8.18,0.19,30.13,3,11,0,1,81.233
42.5,19.83,3.9,18.0,6,1,1,1,80.439
35.12,-2.55,3.61,93.21,1,11,0,0,65.547
14.3,42.55,0.0,20.86,5,7,1,0,39.393
18.23,40.36,0.0,92.21,1,5,0,0,51.7
44.44,-18.08,0.0,19.58,5,5,1,1,100.773
44.93,-56.4,2.61,83.29,3,5,0,1,105.928
44.89,0.73,0.77,58.84,3,10,0,1,88.048
13.25,6.9,0.71,80.7,4,6,0,0,44.001
25.0,-6.73,1.49,63.89,0,2,0,0,63.612
37.83,44.68,3.9,75.35,5,11,1,0,51.891
37.6,-66.98,0.0,72.12,5,8,1,0,70.33
14.92,-39.76,0.87,32.12,1,5,0,0,54.206
32.72,41.21,0.0,89.48,0,9,0,0,53.336
16.86,51.52,0.24,64.71,5,5,1,0,40.631
28.77,-20.37,1.26,27.18,0,8,0,0,70.129
20.15,-53.03,0.68,36.01,4,1,0,0,63.55
13.81,-21.15,0.03,55.31,1,4,0,0,57.665
14.72,-16.14,0.0,84.96,5,5,1,0,44.166
42.97,-7.26,8.68,77.72,6,10,1,1,72.356
37.32,-41.59,0.0,35.67,5,10,1,0,65.2
43.68,-36.23,2.09,68.52,5,10,1,1,83.725
27.98,11.78,2.26,10.14,4,6,0,0,69.933
26.05,7.05,0.53,38.27,0,5,0,0,74.911
24.19,12.69,1.99,81.37,6,7,1,0,42.749
32.95,-27.18,4.39,22.85,6,4,1,0,72.875
23.95,-32.9,1.06,40.04,0,7,0,0,65.281
37.37,-30.78,2.22,10.09,5,8,1,0,68.94
39.24,53.16,1.77,11.97,0,12,0,1,94.107
41.78,-24.67,0.0,22.41,4,5,0,1,111.445
20.26,4.86,0.0,18.66,1,2,0,0,61.293
29.92,-6.8,5.25,51.63,0,5,0,0,67.161
19.6,42.67,0.0,86.5,1,10,0,0,44.053
13.28,-28.32,2.27,17.19,2,6,0,0,57.348
36.07,-19.22,5.26,83.94,2,5,0,0,80.658
30.67,37.99,0.95,66.79,2,6,0,0,68.5
36.61,-57.47,2.63,24.36,3,4,0,0,87.493
14.98,3.2,1.05,34.63,4,10,0,0,46.972
45.85,-24.01,2.23,26.51,3,9,0,1,100.323
45.81,58.01,2.03,77.09,4,12,0,1,92.707
27.81,20.99,1.29,71.63,2,2,0,0,63.499
41.45,-78.52,0.0,35.87,1,9,0,1,105.922
20.28,37.53,3.86,14.62,1,1,0,0,57.256
37.08,18.45,0.0,24.34,2,2,0,0,78.304
41.89,-1.47,0.0,63.54,1,11,0,1,86.45
39.7,-46.94,0.0,17.68,3,5,0,1,107.206
39.6,-59.1,0.6,55.6,4,4,0,1,106.667
27.74,7.98,0.0,62.1,5,3,1,0,58.003
39.88,-18.41,0.0,68.46,2,2,0,1,93.353
35.48,40.63,1.08,20.66,0,8,0,0,71.752
16.5,-43.27,6.67,49.07,5,7,1,0,45.298
15.88,9.25,7.6,49.39,5,8,1,0,27.558
38.25,-45.16,0.79,81.0,2,2,0,1,98.632
33.27,9.08,2.71,49.84,6,12,1,0,55.795
29.66,-73.23,2.06,44.58,4,1,0,0,75.25
42.85,-25.16,1.74,20.49,5,6,1,1,97.377
34.43,-55.82,8.2,69.03,2,7,0,0,71.62
25.47,4.83,1.41,62.68,3,2,0,0,58.764
26.07,-35.66,3.08,70.94,2,7,0,0,63.794
32.58,28.01,1.68,65.78,5,8,1,0,58.324
37.85,-63.96,1.62,84.4,5,7,1,0,73.014
31.19,-2.13,3.31,84.57,6,5,1,0,53.895
29.3,3.11,1.88,36.15,2,12,0,0,60.592
36.71,-76.91,0.23,25.51,5,3,1,0,88.888
35.98,-74.96,1.77,88.75,4,9,0,0,75.745
40.23,-36.85,2.68,70.61,0,5,0,1,102.819
14.13,5.27,9.27,92.53,5,5,1,0,34.596
37.67,54.77,4.36,52.24,0,3,0,0,79.914
29.47,-67.29,1.49,91.79,0,9,0,0,73.013
14.54,18.44,0.56,20.43,0,3,0,0,52.432
35.09,16.98,0.0,60.18,3,5,0,0,82.427
36.36,13.73,1.33,52.22,0,6,0,0,78.413
29.8,-7.74,0.05,10.22,3,1,0,0,79.21
38.99,55.36,1.06,26.4,5,10,1,1,74.041
22.21,-9.75,2.93,23.05,3,4,0,0,66.54
18.86,37.36,4.43,15.17,1,11,0,0,49.154
23.92,-43.25,2.55,90.59,2,8,0,0,59.254
25.94,32.88,12.73,92.06,5,4,1,0,47.389
35.66,59.52,2.64,85.8,2,8,0,0,63.809
40.75,47.41,1.8,94.05,4,6,0,1,90.474
36.51,-37.43,0.06,80.61,4,6,0,0,78.078
17.92,38.46,3.13,89.24,3,11,0,0,37.726
24.45,-66.66,0.0,26.8,2,8,0,0,71.753
17.39,14.88,4.83,31.84,0,12,0,0,46.461
35.35,-32.1,8.46,83.28,5,12,1,0,56.481
20.44,12.21,1.77,50.75,2,11,0,0,43.034
29.86,-22.29,5.86,70.94,3,6,0,0,66.197
38.92,-78.74,1.04,57.76,0,6,0,1,103.059
34.81,-47.62,0.0,35.98,5,11,1,0,67.086
22.14,-74.07,0.06,34.21,6,11,1,0,52.891
23.32,-20.18,0.08,73.6,6,5,1,0,53.608
34.21,37.61,3.19,55.23,2,9,0,0,65.047
30.68,23.32,1.38,40.55,0,8,0,0,62.352
15.28,30.45,2.37,62.45,0,2,0,0,46.386
41.72,33.01,4.76,45.69,2,2,0,1,95.774
29.43,-27.93,0.0,50.38,0,2,0,0,76.347
28.09,-9.16,0.0,67.62,1,4,0,0,69.598
18.75,-8.82,2.37,48.93,4,12,0,0,47.879
24.82,-64.15,0.09,90.74,0,4,0,0,70.733
23.32,3.74,2.96,51.24,4,12,0,0,51.376
21.21,20.83,2.94,91.75,6,6,1,0,41.468
31.29,5.54,3.79,82.05,6,6,1,0,48.436
27.72,24.44,4.11,85.73,6,4,1,0,49.08
42.23,-63.36,4.15,74.88,2,8,0,1,100.106
44.01,26.6,4.16,61.38,4,8,0,1,89.015
19.46,-50.86,4.98,55.28,0,4,0,0,69.69
15.4,42.76,7.33,56.89,1,10,0,0,40.508
38.7,-45.71,0.59,27.12,5,9,1,1,85.06
45.83,-11.12,7.01,28.22,1,9,0,1,91.71
41.36,-11.78,2.26,12.9,2,6,0,1,103.391
12.81,-42.36,0.0,73.37,2,8,0,0,49.375
20.54,-29.36,0.41,20.61,2,5,0,0,70.965
13.47,-54.02,0.41,59.48,5,12,1,0,42.911
39.91,-0.19,0.0,21.72,6,6,1,1,87.675
31.77,47.82,1.81,15.66,3,4,0,0,75.238
29.47,-35.67,4.38,55.36,4,6,0,0,70.484
30.85,-8.87,0.0,84.21,5,12,1,0,49.876
20.58,40.66,9.72,40.26,2,12,0,0,46.656
32.46,-16.65,2.09,88.13,3,5,0,0,69.679
13.04,36.38,1.55,10.88,6,11,1,0,33.079
33.96,-17.51,1.26,49.59,2,4,0,0,80.497
36.97,-18.37,1.13,22.47,1,3,0,0,79.587
34.88,-57.99,0.02,36.84,0,3,0,0,89.994
23.29,-62.5,2.74,12.02,0,4,0,0,75.738
40.09,5.61,0.65,13.0,5,4,1,1,89.574
36.33,35.83,0.0,70.59,1,4,0,0,73.268
16.36,-61.04,5.43,65.64,5,5,1,0,53.747
18.63,47.41,0.0,27.71,0,1,0,0,48.481
33.66,-29.76,10.28,86.6,5,5,1,0,61.855
21.84,-20.46,1.37,68.48,2,7,0,0,56.376
16.06,45.22,0.12,38.57,5,5,1,0,43.966
17.27,45.48,6.03,44.65,5,6,1,0,42.87
17.63,-6.52,2.11,34.87,3,3,0,0,53.82
28.24,-41.25,0.0,80.6,6,2,1,0,59.995
32.65,-55.93,0.74,51.99,6,11,1,0,58.674
18.0,-41.98,2.19,21.5,4,12,0,0,64.432
36.22,29.29,3.35,27.15,3,5,0,0,80.912
21.55,-34.56,4.75,35.21,6,10,1,0,45.86
22.59,17.24,0.0,44.27,6,2,1,0,47.513
19.6,-52.67,1.48,60.37,2,3,0,0,64.677
38.7,-13.01,6.91,91.95,2,7,0,1,81.656
44.63,-30.71,1.17,32.26,2,9,0,1,98.319
28.74,-9.49,0.04,37.91,6,9,1,0,53.171
13.43,-0.21,6.3,12.04,1,5,0,0,52.885
20.86,58.73,2.88,41.67,0,11,0,0,50.906
17.37,45.99,3.83,67.38,3,8,0,0,42.642
40.65,17.42,2.39,91.86,6,4,1,1,82.408
14.89,-58.48,0.48,72.92,2,6,0,0,55.986
44.86,48.66,2.15,20.03,3,4,0,1,100.998
32.01,44.96,0.04,85.65,0,2,0,0,73.021
29.6,44.14,1.52,81.29,5,1,1,0,52.885
40.81,-12.94,1.91,26.07,6,6,1,1,94.76
12.94,-56.1,0.0,89.42,4,1,0,0,49.766
38.42,25.62,0.0,70.7,0,12,0,1,92.017
15.96,-25.61,0.26,76.54,0,11,0,0,46.301
40.59,-31.76,0.18,49.03,5,9,1,1,86.982
29.99,-25.29,2.76,27.06,0,10,0,0,65.981
14.08,-1.73,1.92,77.92,0,8,0,0,41.222
40.33,-33.31,0.15,50.58,6,9,1,1,81.556
12.93,16.59,0.48,92.23,3,11,0,0,33.162
16.7,10.68,1.18,23.03,4,7,0,0,55.332
39.13,-8.76,0.0,40.21,4,10,0,1,86.118
27.81,-72.44,3.25,72.52,2,3,0,0,78.781
41.97,51.12,0.12,58.64,1,11,0,1,89.254
33.6,-22.36,0.02,46.83,3,9,0,0,72.772
33.2,-17.08,1.36,69.64,0,2,0,0,74.097
21.94,-16.16,0.98,72.33,2,3,0,0,55.678
16.55,-28.9,1.92,59.07,4,2,0,0,54.458
44.68,14.44,7.05,37.12,6,3,1,1,89.067
15.56,-78.05,0.61,62.59,4,10,0,0,54.538
29.99,42.29,5.43,56.35,5,10,1,0,51.053
21.27,-65.66,0.0,77.8,2,12,0,0,63.976
20.98,59.96,9.03,65.54,0,2,0,0,51.434
32.22,7.93,0.0,52.23,2,7,0,0,74.958
39.13,-70.73,0.0,11.59,4,10,0,1,99.623
38.42,-1.26,1.4,24.19,0,12,0,1,88.486
41.54,-33.62,1.96,38.61,6,2,1,1,88.512
21.96,53.43,1.61,61.12,2,8,0,0,45.444
27.84,25.77,3.73,77.35,4,1,0,0,53.299
12.32,-9.02,9.23,91.6,6,2,1,0,32.866
37.39,-19.83,0.0,60.98,4,11,0,0,72.83
22.28,59.42,0.0,71.95,1,12,0,0,47.56
31.09,13.43,0.0,62.82,1,3,0,0,70.131
17.76,-8.05,0.0,46.57,3,11,0,0,50.064
39.86,-24.29,0.1,61.82,6,11,1,1,71.934
39.79,-34.56,4.43,44.06,4,7,0,1,100.325
41.83,18.76,0.0,48.56,4,3,0,1,101.246
13.56,2.3,0.69,87.44,5,9,1,0,30.224
45.74,38.75,0.45,57.93,0,7,0,1,100.854
20.42,-2.5,1.3,18.53,0,5,0,0,57.26
22.52,1.53,0.0,54.52,4,11,0,0,49.861
20.48,-13.17,1.31,91.03,4,8,0,0,51.704
21.1,26.77,0.45,18.5,1,4,0,0,64.168
30.79,-21.9,2.78,92.55,4,5,0,0,70.69
20.15,39.27,2.39,93.95,1,4,0,0,57.624
25.39,-34.21,8.55,57.66,1,7,0,0,62.384
34.29,16.97,0.6,38.26,6,4,1,0,66.586
40.42,45.02,3.52,10.73,0,8,0,1,93.708
35.55,27.67,0.0,11.32,3,6,0,0,73.581
32.21,-32.03,0.0,42.99,5,1,1,0,67.315
17.02,18.89,0.0,76.56,4,1,0,0,49.188
39.75,-51.02,11.33,90.1,3,2,0,1,91.734
13.27,-71.86,0.0,23.16,2,2,0,0,68.53
20.98,30.79,0.08,51.46,0,1,0,0,56.401
13.94,33.12,1.38,52.65,0,8,0,0,44.025
34.69,-76.79,1.0,42.33,4,8,0,0,87.351
24.52,52.69,0.0,55.9,3,1,0,0,54.831
34.17,-17.57,8.97,88.63,2,5,0,0,72.942
23.8,46.74,0.0,47.27,2,4,0,0,68.297
27.5,30.34,0.74,21.71,0,7,0,0,68.91
27.57,46.09,2.53,66.56,0,8,0,0,55.635
13.55,36.67,0.3,12.67,2,7,0,0,51.396
26.63,56.36,2.13,89.91,6,5,1,0,48.184
33.8,8.07,0.0,89.89,2,1,0,0,62.68
30.57,-48.18,0.28,17.83,0,10,0,0,73.553
14.56,-25.46,0.0,56.83,4,10,0,0,42.08
34.71,25.26,0.55,77.78,0,11,0,0,61.941
22.5,-58.02,0.0,49.49,2,9,0,0,58.06
12.49,50.18,3.72,50.7,5,4,1,0,42.422
17.29,-51.26,0.08,92.47,0,9,0,0,55.607
28.92,42.64,0.0,29.59,6,11,1,0,58.437
22.55,-12.28,0.02,54.74,4,1,0,0,54.661
35.61,37.69,2.1,19.77,6,7,1,0,61.576
20.18,54.16,0.71,35.71,5,8,1,0,43.476
38.28,-20.9,6.97,82.33,6,12,1,1,74.594
21.74,17.52,0.0,70.9,3,7,0,0,52.599
33.11,-48.26,1.7,62.02,0,11,0,0,74.239
39.17,32.11,0.16,19.68,0,10,0,1,90.267
25.11,34.79,5.02,82.31,1,10,0,0,41.342
13.59,-38.67,1.63,35.34,0,2,0,0,58.594
30.21,-76.62,6.07,55.47,5,7,1,0,63.03
45.84,-19.63,0.0,29.85,6,9,1,1,86.932
44.95,-56.2,0.28,54.26,4,2,0,1,107.583
19.51,34.6,1.72,57.78,1,12,0,0,50.696
37.69,-43.45,10.72,38.94,6,9,1,0,62.574
23.73,52.12,0.29,53.0,2,11,0,0,50.844
17.45,56.05,6.63,44.51,6,8,1,0,42.048
34.64,47.24,1.12,69.29,4,11,0,0,59.612
29.03,3.95,1.4,56.23,3,11,0,0,58.354
30.33,-42.56,3.55,84.64,5,1,1,0,61.028
40.13,33.02,0.97,14.22,4,12,0,1,92.206
23.44,18.22,0.88,12.26,6,7,1,0,49.387
34.68,56.8,0.65,26.03,4,6,0,0,73.12
24.45,-27.18,0.89,20.08,2,3,0,0,74.048
13.45,-71.77,2.68,54.7,0,5,0,0,66.85
24.85,59.77,0.0,27.01,6,7,1,0,52.427
44.3,37.36,0.0,11.36,5,7,1,1,87.822
28.43,-48.99,0.37,34.02,0,9,0,0,70.02
15.68,21.59,2.18,53.28,4,9,0,0,46.844
35.39,-79.9,0.02,70.71,5,9,1,0,66.622
44.75,-1.91,4.69,47.26,4,7,0,1,93.299
42.87,-29.2,0.0,91.83,1,12,0,1,91.478
31.45,-26.61,4.24,26.95,0,11,0,0,71.629
24.79,-45.77,1.85,53.7,6,12,1,0,51.85
31.74,-41.52,2.42,31.52,2,9,0,0,71.974
39.74,-16.35,2.98,78.57,6,3,1,1,88.48
41.28,-45.26,0.53,25.96,3,12,0,1,95.228
39.84,-14.7,0.62,91.74,5,11,1,1,70.174
27.49,0.83,2.39,70.91,1,4,0,0,64.24
16.04,19.56,3.96,57.33,4,11,0,0,44.086
31.35,14.8,0.0,55.25,3,7,0,0,67.244
17.32,-46.12,0.0,40.81,1,9,0,0,58.302
14.07,-74.51,0.13,11.79,4,5,0,0,64.615
28.95,36.58,0.68,87.79,3,4,0,0,66.252
34.28,42.12,2.53,77.57,4,5,0,0,61.568
41.04,57.04,0.07,21.46,0,3,0,1,105.982
38.62,54.36,1.6,20.38,0,2,0,1,99.843
41.15,8.73,2.41,36.19,4,6,0,1,94.353
37.84,45.2,1.56,74.87,6,12,1,0,50.539
35.91,-17.28,0.38,52.77,0,1,0,0,75.15
12.34,30.23,0.26,65.61,0,4,0,0,53.707
33.29,53.75,1.7,10.53,1,4,0,0,80.163
16.1,31.48,2.88,88.51,0,3,0,0,55.371
13.99,-21.79,0.23,24.08,1,1,0,0,52.803
17.32,-27.11,6.61,37.11,4,3,0,0,65.151
39.99,-39.18,1.12,90.51,5,7,1,1,77.547
37.29,-28.61,1.25,72.3,4,6,0,0,75.992
44.26,34.88,7.28,53.44,2,8,0,1,84.086
45.29,18.21,2.72,83.35,1,11,0,1,88.492
42.37,-45.02,6.49,15.21,3,2,0,1,101.31
16.52,19.61,1.72,16.48,6,4,1,0,52.545
41.87,-26.88,0.0,23.19,1,11,0,1,97.951
40.51,-1.91,0.0,32.49,3,3,0,1,99.559
41.62,-28.15,2.29,70.27,2,2,0,1,96.623
17.16,-6.97,1.47,55.26,2,3,0,0,52.121
15.97,22.17,8.16,46.21,3,5,0,0,52.199
43.41,22.36,7.77,76.52,1,4,0,1,91.576
17.91,25.45,6.93,36.96,1,7,0,0,51.533
24.53,-25.25,2.01,17.26,0,3,0,0,77.5
27.5,16.67,2.15,43.73,4,7,0,0,60.936
16.23,-46.58,0.78,75.14,6,11,1,0,43.861
12.7,-13.16,2.86,50.3,3,4,0,0,52.702
45.8,1.63,1.53,93.06,4,7,0,1,93.297
41.81,16.11,0.32,82.77,6,9,1,1,69.769
43.02,47.68,1.29,77.23,5,1,1,1,79.722
21.68,-37.33,0.76,75.72,1,5,0,0,61.829
19.48,38.34,1.02,59.4,5,8,1,0,44.452
26.48,-36.44,0.0,86.6,2,4,0,0,68.222
27.41,-2.73,1.0,60.14,6,5,1,0,58.684
12.19,35.93,0.0,41.67,6,6,1,0,39.001
38.49,21.24,1.33,26.65,0,12,0,1,88.121
45.89,40.8,0.0,79.11,6,2,1,1,82.791
29.98,34.08,2.15,41.55,1,8,0,0,55.922
25.2,-41.31,1.07,77.23,3,12,0,0,59.203
25.35,59.01,2.64,93.56,5,11,1,0,38.809
15.27,51.18,1.37,43.89,0,7,0,0,46.652
21.05,-19.78,2.48,38.96,0,5,0,0,65.312
29.07,-73.39,0.45,24.46,2,2,0,0,89.468
26.68,-37.51,0.8,50.4,4,4,0,0,78.449
30.53,37.06,0.38,65.59,4,10,0,0,57.701
40.87,53.12,0.0,36.59,6,1,1,1,83.891
19.66,36.43,0.0,51.28,1,9,0,0,49.903
12.94,-24.46,2.31,55.65,4,12,0,0,45.719
13.3,-72.08,0.1,33.4,1,6,0,0,65.857
16.56,-7.54,2.7,12.0,3,10,0,0,48.955
31.4,-27.31,0.0,28.33,3,12,0,0,71.515
39.48,-62.78,0.58,78.27,3,10,0,1,89.498
42.15,-65.18,1.51,33.64,1,7,0,1,107.053
33.59,-58.57,0.65,11.17,1,7,0,0,76.789
25.71,-51.18,3.8,46.12,6,3,1,0,64.245
17.25,25.53,1.79,68.01,6,2,1,0,34.132
25.65,-26.56,0.23,73.95,0,10,0,0,57.879
23.3,-18.83,0.63,45.18,1,7,0,0,57.836
41.58,3.77,5.22,58.61,6,12,1,1,80.056
28.55,54.42,0.42,73.37,0,9,0,0,56.639
19.69,25.91,0.57,85.59,3,4,0,0,54.619
21.82,10.4,2.07,64.39,2,12,0,0,51.077
16.64,24.14,7.06,68.72,6,1,1,0,31.294
43.23,20.7,1.31,18.39,5,2,1,1,95.629
13.71,16.63,0.03,45.74,5,8,1,0,37.732
12.44,-10.5,25.73,85.56,0,8,0,0,24.762
18.22,-0.64,0.0,23.66,1,9,0,0,46.199
39.57,-15.39,2.43,36.35,5,8,1,1,80.48
29.8,-24.71,0.22,67.63,1,4,0,0,72.535
33.28,-42.09,5.37,86.68,3,2,0,0,68.419
24.16,-30.27,2.77,15.02,0,12,0,0,63.05
14.34,-20.01,0.15,83.99,0,5,0,0,50.829
41.11,1.11,0.0,28.73,5,3,1,1,90.477
18.52,-10.02,6.69,83.17,1,1,0,0,45.222
13.12,-64.89,1.58,85.59,1,10,0,0,47.592
31.47,-32.4,1.19,75.92,5,11,1,0,55.262
14.83,-27.33,8.67,88.52,5,11,1,0,30.778
15.26,18.97,4.78,91.7,1,11,0,0,35.914
39.21,-33.4,0.14,88.64,6,3,1,1,85.863
28.71,-78.89,0.69,53.62,6,1,1,0,69.497
20.21,-68.19,0.17,49.41,2,7,0,0,57.115
23.85,-10.42,5.02,18.94,3,7,0,0,59.527
36.79,-53.61,5.2,28.37,4,1,0,0,80.271
14.26,-10.75,9.95,65.45,1,11,0,0,36.589
15.96,0.39,1.08,20.82,6,8,1,0,37.129
32.95,50.68,0.34,90.1,0,9,0,0,61.057
32.64,11.78,0.16,29.3,5,7,1,0,64.35
45.06,-75.65,7.33,17.47,4,12,0,1,102.284
24.73,-26.7,3.16,30.0,0,10,0,0,60.23
14.21,31.08,4.2,14.16,3,7,0,0,44.638
30.28,-43.52,3.83,24.12,2,7,0,0,75.586
33.7,49.5,0.53,59.95,6,11,1,0,51.486
16.75,-5.94,3.78,34.58,3,5,0,0,53.122
30.8,-67.06,0.0,78.1,2,11,0,0,63.846
18.72,-46.17,2.42,44.4,1,2,0,0,62.286
40.72,46.88,0.89,70.69,0,1,0,1,85.749
40.4,58.8,3.74,70.2,3,1,0,1,81.628
26.61,40.82,0.0,21.54,3,5,0,0,70.205
44.87,-35.11,2.77,14.81,6,7,1,1,98.622
45.31,27.63,0.51,81.57,4,11,0,1,88.508
16.39,-48.89,3.01,69.57,3,12,0,0,46.47
24.5,-26.17,4.63,24.87,2,1,0,0,63.32
32.41,17.6,0.82,67.8,1,10,0,0,61.266
14.88,55.65,1.68,38.0,4,3,0,0,52.791
25.01,-18.51,0.84,14.82,1,5,0,0,72.489
20.88,-10.58,0.62,29.44,0,11,0,0,53.049
44.37,-49.18,0.0,74.24,6,12,1,1,87.637
25.99,-23.55,1.32,43.21,0,10,0,0,57.709
37.93,-71.18,6.71,56.31,1,3,0,0,89.54
25.15,40.2,1.07,21.61,3,1,0,0,64.297
16.48,-76.73,2.71,17.88,1,12,0,0,60.756
41.35,15.69,4.24,30.34,4,3,0,1,99.588
12.01,-41.75,1.2,50.17,3,3,0,0,51.683
13.9,-13.34,5.49,81.99,0,7,0,0,42.585
24.39,-40.58,0.0,74.89,3,3,0,0,63.63
35.35,-23.99,14.74,23.61,5,8,1,0,55.513
23.62,-3.45,0.95,16.08,2,11,0,0,52.164
14.25,9.73,10.8,29.17,4,5,0,0,46.452
22.81,51.64,3.6,82.45,4,6,0,0,55.739
20.33,-33.49,0.37,53.85,3,11,0,0,53.694
12.18,1.88,1.68,78.59,3,11,0,0,32.994
30.18,46.24,0.0,41.41,3,2,0,0,68.586
15.97,-39.37,2.29,60.19,0,9,0,0,42.79
21.77,41.11,3.26,60.55,3,1,0,0,54.21
33.8,54.06,0.0,63.27,2,2,0,0,63.485
36.65,38.65,0.75,49.96,5,8,1,0,58.582
20.96,-0.22,2.1,30.34,5,2,1,0,50.194
23.19,21.1,0.95,46.42,4,3,0,0,63.599
20.39,-12.65,0.54,92.85,2,6,0,0,54.457
44.53,3.62,0.54,33.13,4,5,0,1,102.377
18.48,56.43,0.06,71.61,6,7,1,0,44.187
18.23,-44.84,2.38,90.3,5,12,1,0,48.438
27.13,30.96,1.67,58.13,1,6,0,0,62.73
18.44,-9.13,6.17,51.59,1,4,0,0,55.341
17.33,-55.24,2.62,20.27,3,3,0,0,67.082
15.26,10.09,0.04,74.03,4,11,0,0,37.893
33.77,30.94,1.57,87.48,4,3,0,0,70.267
32.81,-0.37,3.91,93.36,5,1,1,0,56.614
34.11,37.24,14.14,27.14,3,7,0,0,56.621
38.29,-28.78,0.0,88.2,5,9,1,1,74.993
23.1,47.93,1.46,41.47,0,1,0,0,63.142
43.23,10.76,0.58,62.63,1,8,0,1,90.536
36.93,32.44,0.32,29.01,3,6,0,0,79.535
39.36,-41.78,1.78,31.11,3,10,0,1,87.35
36.51,-17.54,1.59,62.61,6,1,1,0,65.908
24.19,47.35,3.52,51.21,4,11,0,0,54.166
21.62,-72.87,0.53,91.97,2,11,0,0,58.5
26.37,-23.44,0.17,32.48,4,9,0,0,59.653
15.3,29.24,2.12,84.63,0,8,0,0,42.287
27.34,24.13,0.0,49.14,2,9,0,0,53.431
13.47,39.23,3.62,21.44,0,2,0,0,47.777
12.13,23.51,4.2,30.33,1,11,0,0,41.779
43.67,52.59,7.65,74.23,2,10,0,1,85.011
35.44,-10.24,0.0,80.26,0,10,0,0,62.189
31.1,7.4,1.69,13.36,1,6,0,0,68.904
23.6,38.68,3.23,44.85,6,2,1,0,47.071
31.4,18.24,6.5,52.0,5,7,1,0,55.027
42.31,-65.71,2.46,62.28,3,7,0,1,98.338
34.18,-28.62,1.18,65.3,6,4,1,0,72.98
32.48,-2.64,1.42,80.6,0,12,0,0,60.49
27.65,25.66,0.0,33.24,6,5,1,0,61.074
23.75,-3.9,8.1,19.51,3,12,0,0,52.245
35.75,28.86,1.34,25.85,2,11,0,0,70.344
45.35,37.27,1.39,89.63,5,1,1,1,84.868
26.44,-42.88,0.0,56.47,3,2,0,0,65.382
25.33,6.25,4.66,28.62,4,5,0,0,62.561
26.56,-2.0,2.05,76.8,2,8,0,0,53.455
26.47,-48.18,13.53,59.9,3,2,0,0,62.202
45.68,-11.42,1.4,41.22,0,3,0,1,108.457
36.03,-3.2,4.01,11.56,1,11,0,0,67.71
24.21,34.43,8.39,76.54,3,6,0,0,55.734
24.63,-15.46,0.0,70.98,6,7,1,0,51.042
26.65,-68.67,0.0,32.28,1,7,0,0,75.186
13.25,-11.78,0.0,32.58,4,12,0,0,49.267
29.95,37.31,3.82,33.08,0,2,0,0,64.049
39.59,-0.02,1.17,66.99,3,7,0,1,87.05
34.46,-35.36,1.3,35.01,5,1,1,0,66.7
18.75,48.94,0.47,36.38,2,1,0,0,52.993
36.75,-58.21,9.43,42.01,5,6,1,0,72.116
36.46,-34.24,12.09,93.32,2,11,0,0,61.644
20.93,-18.8,8.58,49.11,6,5,1,0,48.963
33.18,23.32,2.67,42.08,4,9,0,0,63.286
32.77,37.0,0.0,49.95,2,12,0,0,65.665
40.55,-71.8,4.66,71.13,1,1,0,1,100.693
16.63,30.89,2.09,85.11,6,9,1,0,25.431
18.62,20.87,1.84,94.22,3,11,0,0,41.932
28.52,45.25,2.11,51.32,2,11,0,0,51.848
13.5,46.06,0.0,49.11,4,9,0,0,31.895
26.13,28.85,0.59,38.08,0,12,0,0,66.066
38.8,-53.37,0.32,76.22,1,8,0,1,89.299
17.06,-36.06,0.54,65.72,3,1,0,0,52.885
27.64,51.08,0.12,40.89,2,12,0,0,54.247
45.65,3.74,0.0,54.08,3,11,0,1,89.76
29.2,-4.57,0.01,27.49,2,3,0,0,73.355
28.94,48.2,0.0,68.99,3,12,0,0,59.183
31.0,42.39,3.07,31.43,5,8,1,0,51.428
18.32,21.85,2.67,39.71,5,6,1,0,44.521
17.0,43.52,7.88,15.79,2,10,0,0,44.904
35.03,-64.06,1.93,28.69,2,8,0,0,81.473
25.46,26.06,0.44,26.57,4,10,0,0,56.654
21.86,55.19,2.94,72.5,6,5,1,0,49.35
13.07,-73.14,5.69,69.03,3,5,0,0,58.029
40.77,-48.77,0.0,55.74,0,2,0,1,108.026
13.1,31.16,3.71,42.9,4,11,0,0,38.141
37.5,-7.19,0.65,85.6,5,4,1,0,70.113
24.99,-67.87,3.86,85.15,6,2,1,0,60.848
32.36,-42.49,0.0,61.24,6,1,1,0,59.162
20.42,-34.63,1.92,65.93,4,5,0,0,63.757
17.28,-35.05,0.0,77.7,3,6,0,0,54.213
30.14,42.87,0.33,71.44,1,11,0,0,53.877
35.65,12.69,0.0,29.12,6,8,1,0,60.046
18.65,22.89,3.35,52.79,3,10,0,0,44.187
26.84,-78.1,0.0,22.91,4,1,0,0,73.563
27.12,-20.15,4.45,78.8,5,1,1,0,51.094
19.34,-35.51,0.0,65.55,0,3,0,0,62.868
31.21,39.27,0.71,93.22,2,5,0,0,69.233
16.96,53.54,0.0,21.6,4,1,0,0,51.286
29.33,-20.73,3.36,53.36,3,11,0,0,64.221
15.86,56.23,3.67,71.54,4,12,0,0,42.27
28.51,-77.99,0.0,83.72,3,6,0,0,76.069
22.59,-34.4,0.0,82.54,0,10,0,0,57.946
27.38,28.49,0.31,27.17,2,3,0,0,75.798
26.75,-29.59,0.17,93.5,2,1,0,0,60.498
42.87,48.93,0.02,93.41,2,11,0,1,80.916
28.66,-49.41,0.0,92.37,0,10,0,0,63.74
39.83,31.39,0.02,62.16,0,10,0,1,79.381
19.67,-51.76,1.29,80.71,2,10,0,0,47.784
23.97,-52.41,1.2,16.46,5,9,1,0,61.449
14.55,-17.6,2.38,31.71,6,10,1,0,37.52
26.31,52.29,1.85,17.82,5,12,1,0,49.452
34.74,1.96,3.35,52.97,6,11,1,0,63.482
40.5,8.9,0.1,92.0,6,11,1,1,66.761
31.24,-78.64,5.75,65.18,4,6,0,0,80.483
33.76,-72.07,0.09,49.21,0,10,0,0,74.897
18.03,-70.63,2.26,77.39,2,3,0,0,70.208
13.27,34.75,3.9,56.78,5,4,1,0,38.696
38.92,-46.84,1.94,48.9,2,11,0,1,90.544
17.68,-33.96,0.08,63.49,1,5,0,0,54.59
15.1,5.39,0.53,53.5,0,11,0,0,49.72
43.88,1.75,3.54,64.53,2,6,0,1,92.192
44.76,-22.53,5.31,78.22,2,4,0,1,101.155
32.95,-79.4,0.0,49.31,5,5,1,0,79.582
24.87,-17.06,3.06,45.28,5,7,1,0,50.895
40.33,23.44,6.97,57.49,0,1,0,1,80.122
18.96,-47.07,0.03,86.9,3,7,0,0,55.499
26.6,19.17,0.4,45.95,6,2,1,0,53.884
24.14,-77.88,3.24,82.06,3,6,0,0,70.567
43.03,47.12,0.24,62.46,6,4,1,1,95.626
43.27,53.01,0.18,11.05,0,8,0,1,99.001
34.13,-79.66,0.65,50.48,2,11,0,0,81.127
15.77,-15.91,0.0,27.9,6,2,1,0,46.569
28.39,-22.06,2.34,22.78,5,2,1,0,59.504
20.34,37.86,3.54,29.93,1,6,0,0,56.362
42.09,-4.3,3.58,70.56,6,10,1,1,71.289
16.71,5.59,2.81,63.33,2,4,0,0,52.307
13.85,-51.65,1.27,55.63,5,10,1,0,38.364
35.95,-69.21,9.64,52.1,2,1,0,0,73.28
27.41,16.93,5.33,43.08,2,4,0,0,69.878
40.5,6.89,1.43,85.36,2,7,0,1,85.5
14.54,36.53,0.36,89.26,2,8,0,0,38.155
39.24,38.26,1.94,74.98,4,5,0,1,87.12
13.27,8.34,0.0,34.5,5,11,1,0,32.502
12.95,-4.63,3.35,87.68,4,6,0,0,40.004
27.68,47.96,1.39,79.63,0,8,0,0,52.299
19.52,32.18,0.0,20.54,4,2,0,0,59.908
32.19,43.54,2.39,39.04,3,12,0,0,62.914
12.88,59.42,0.0,37.85,0,7,0,0,50.263
13.2,-23.51,11.18,72.05,2,6,0,0,42.864
36.72,20.37,0.03,54.53,6,4,1,0,68.937
19.15,16.33,6.72,32.69,2,8,0,0,48.073
34.32,-55.62,2.68,29.62,4,1,0,0,82.082
37.5,9.12,0.49,48.89,1,6,0,0,73.695
14.02,-20.07,6.05,66.61,6,10,1,0,32.191
38.17,-16.91,0.0,53.24,5,10,1,1,72.876
21.13,-54.78,1.08,32.19,1,8,0,0,63.236
25.24,24.26,0.97,62.7,4,5,0,0,58.713
14.95,17.71,3.63,94.91,6,7,1,0,30.315
40.51,-5.48,2.13,25.02,6,3,1,1,92.349
31.06,-58.06,0.0,54.91,5,8,1,0,66.463
29.16,-2.04,2.38,41.93,5,3,1,0,64.242
44.93,-65.98,1.89,28.57,3,4,0,1,114.511
23.37,-32.49,0.57,84.42,1,9,0,0,56.394
42.29,-27.87,0.54,91.41,0,2,0,1,94.762
36.47,43.68,2.5,39.77,2,4,0,0,76.725
43.57,-21.82,1.75,39.52,1,5,0,1,104.339
42.87,3.79,1.76,17.8,6,12,1,1,86.81
45.7,42.47,2.54,62.51,5,10,1,1,78.002
16.48,-20.39,3.38,12.26,2,5,0,0,63.111
39.06,43.72,0.56,52.18,2,8,0,1,86.496
39.35,-60.9,1.14,22.99,5,3,1,1,101.208
33.91,-28.92,1.53,67.15,4,10,0,0,62.966
21.48,-66.74,3.18,88.96,6,5,1,0,55.156
44.82,-1.47,0.0,17.55,5,11,1,1,86.301
18.95,54.02,1.88,76.11,4,11,0,0,43.91
28.99,11.97,0.45,80.6,5,3,1,0,54.129
29.73,7.65,3.56,24.98,6,5,1,0,57.195
17.5,-41.06,0.25,88.42,2,11,0,0,41.149
36.57,50.35,0.05,62.78,1,2,0,0,76.274
15.02,-13.99,6.08,55.47,6,8,1,0,36.71
35.57,-42.62,0.0,67.07,1,7,0,0,70.492
40.85,58.28,1.84,34.49,2,7,0,1,92.474
23.88,-20.76,0.84,12.16,0,7,0,0,65.671
36.12,-27.99,1.72,47.57,5,7,1,0,71.918
17.33,-75.11,2.04,73.18,6,5,1,0,54.966
40.76,-55.04,1.34,88.09,2,6,0,1,100.621
44.37,33.29,1.88,46.56,0,12,0,1,91.641
17.19,-12.42,0.32,32.41,1,1,0,0,52.142
35.52,53.68,0.0,21.16,4,2,0,0,80.168
29.2,-68.26,0.08,89.52,2,1,0,0,74.928
30.07,6.23,1.7,29.63,5,8,1,0,51.13
36.02,20.8,0.0,87.44,5,4,1,0,68.687
28.62,6.97,0.68,25.62,3,1,0,0,62.742
32.41,-5.82,1.25,11.54,4,3,0,0,70.381
19.85,0.96,2.95,29.06,0,4,0,0,61.354
24.87,16.54,3.21,51.89,0,2,0,0,62.831
41.42,40.86,3.6,39.64,2,10,0,1,80.444
15.74,-32.91,0.35,87.16,0,1,0,0,44.624
32.32,-15.65,0.09,56.33,0,11,0,0,63.99
18.27,9.03,0.69,20.01,4,12,0,0,49.613
40.78,-36.01,2.88,63.15,0,12,0,1,97.204
31.69,-54.97,4.46,43.06,1,3,0,0,80.35
25.7,55.26,1.34,67.71,5,3,1,0,56.344
20.49,-52.74,6.18,76.83,1,12,0,0,54.515
26.85,-47.42,0.0,93.77,1,8,0,0,66.583
44.56,6.62,4.49,59.01,5,7,1,1,80.941
29.31,-69.17,0.0,41.17,0,11,0,0,73.342
27.96,-75.23,1.02,46.86,2,3,0,0,76.09
37.37,-71.04,23.02,44.22,3,5,0,0,81.992
24.89,-62.74,0.0,48.3,0,2,0,0,78.284
26.53,-19.91,5.2,12.55,4,10,0,0,62.922
23.46,36.1,2.42,31.02,2,3,0,0,63.12
17.13,-32.12,1.88,93.96,2,2,0,0,47.808
36.27,-20.15,0.17,88.88,3,5,0,0,75.897
41.68,4.04,2.28,14.1,0,7,0,1,94.423
42.79,-37.7,0.1,93.26,4,3,0,1,103.294
41.95,-19.44,3.98,77.32,3,11,0,1,84.112
27.36,-25.92,0.0,10.23,0,10,0,0,65.068
21.66,-32.14,0.86,87.64,5,12,1,0,51.76
33.69,-25.62,0.9,91.63,3,5,0,0,76.02
44.46,-78.44,0.92,63.44,0,5,0,1,117.368
36.72,44.08,0.0,77.01,2,7,0,0,67.748
28.82,56.83,11.44,38.27,5,11,1,0,41.645
35.42,40.75,5.73,58.65,3,7,0,0,70.356
38.27,-79.2,3.12,72.18,2,5,0,1,108.254
43.26,25.12,0.1,57.71,0,8,0,1,87.247
37.95,0.23,0.95,35.89,0,2,0,0,77.754
26.73,-66.82,0.84,65.18,2,12,0,0,64.956
21.3,50.6,1.43,81.27,1,9,0,0,46.705
29.0,28.67,0.02,81.06,4,6,0,0,66.484
23.16,-59.66,0.61,21.23,3,2,0,0,72.71
44.05,54.97,0.0,47.86,0,4,0,1,101.331
29.27,-62.33,9.29,13.29,4,7,0,0,68.317
28.05,-16.34,0.03,63.79,6,12,1,0,48.376
23.84,-57.74,0.44,30.58,6,6,1,0,68.619
33.74,-58.97,0.83,89.08,6,12,1,0,63.746
29.68,55.49,0.03,62.55,3,7,0,0,65.974
16.39,0.1,5.28,44.05,2,10,0,0,39.889
41.55,-43.72,7.06,72.17,0,2,0,1,96.836
24.21,28.7,5.57,27.63,4,10,0,0,51.916
26.71,42.53,2.98,17.77,3,3,0,0,69.577
18.99,48.46,2.88,17.43,4,5,0,0,64.167
30.82,50.62,1.65,59.54,2,4,0,0,67.635
35.87,46.78,0.0,85.55,1,7,0,0,66.942
41.96,9.45,1.3,28.93,4,8,0,1,88.931
13.75,-32.05,0.0,74.6,2,5,0,0,47.933
45.09,49.58,0.0,13.2,3,1,0,1,103.618
35.93,-62.85,0.71,40.03,6,8,1,0,76.93
21.67,-56.37,0.0,65.57,1,6,0,0,69.044
18.95,-19.26,0.26,80.23,0,10,0,0,47.826
22.07,-40.29,0.0,90.17,4,9,0,0,58.943
41.77,6.2,2.5,63.77,4,5,0,1,96.08
21.91,46.74,0.11,49.33,2,1,0,0,58.184
27.74,-11.26,6.21,15.15,4,7,0,0,65.537
36.0,-2.46,0.09,33.43,6,10,1,0,59.615
41.65,-20.76,6.28,88.46,1,10,0,1,81.536
34.39,19.06,2.05,59.55,5,5,1,0,67.239
37.61,-65.9,1.11,39.13,3,3,0,0,87.909
17.89,-73.2,0.84,31.15,5,1,1,0,58.992
41.83,9.79,0.31,19.66,6,8,1,1,80.748
21.37,-5.12,2.53,73.89,1,4,0,0,59.276
16.36,-22.97,0.56,45.05,0,10,0,0,56.503
45.19,-33.24,0.37,89.61,0,8,0,1,97.84
18.86,-72.75,0.0,48.62,1,1,0,0,69.1
16.65,15.28,1.22,79.56,2,9,0,0,43.015
33.28,-20.99,1.2,21.07,1,4,0,0,73.828
22.84,-17.66,3.35,22.83,5,11,1,0,47.346
16.53,45.08,1.97,33.22,5,1,1,0,43.477
32.44,23.26,5.36,26.25,2,5,0,0,66.117
37.81,-49.28,1.33,93.02,4,1,0,0,75.944
38.97,12.0,5.4,78.69,2,8,0,1,79.548
17.29,-61.48,0.42,39.62,3,6,0,0,61.425
30.93,-52.83,0.04,54.18,2,7,0,0,71.857
39.67,19.98,0.49,55.33,5,9,1,1,79.89
17.48,-62.38,3.05,61.61,1,11,0,0,42.002
19.06,-40.77,4.01,18.81,6,5,1,0,57.761
12.08,45.73,2.54,39.66,6,7,1,0,38.362
29.84,23.36,1.97,17.3,1,8,0,0,64.469
18.62,50.12,9.09,88.12,3,11,0,0,41.549
36.62,43.46,8.77,44.29,5,3,1,0,63.908
44.72,-36.24,0.0,71.8,5,7,1,1,88.534
19.1,8.53,1.42,88.27,2,11,0,0,41.761
34.07,-26.98,0.44,36.3,3,4,0,0,80.618
19.2,17.59,3.65,17.47,1,5,0,0,57.745
12.61,-31.22,6.69,38.58,1,6,0,0,50.636
37.79,-79.82,3.48,67.03,1,9,0,0,76.539
26.76,-66.85,2.75,52.48,1,9,0,0,63.514
44.19,27.94,3.42,16.37,2,2,0,1,96.782
30.17,-68.24,0.0,15.97,4,3,0,0,87.987
17.35,3.92,12.87,69.46,6,10,1,0,22.246
27.29,40.09,1.63,72.61,4,9,0,0,49.004
18.9,23.75,1.53,19.31,3,7,0,0,51.54
41.85,-22.12,0.62,77.55,4,6,0,1,96.523
35.49,-50.8,2.68,39.37,4,12,0,0,79.303
23.6,49.16,1.51,15.8,3,11,0,0,58.022
29.95,-0.7,1.57,38.38,0,5,0,0,72.578
34.76,-23.24,0.06,72.09,3,5,0,0,78.785
38.62,51.89,1.18,65.74,0,11,0,1,82.102
14.73,-49.9,0.0,50.93,4,5,0,0,62.858
12.77,-18.08,1.03,33.77,6,5,1,0,46.819
15.89,-64.79,0.2,45.52,5,12,1,0,47.132
25.43,-62.52,5.53,42.44,5,2,1,0,60.023
27.87,-24.2,2.99,43.15,3,9,0,0,65.111
16.64,17.95,0.13,51.62,3,9,0,0,44.474
25.98,-32.55,0.2,48.7,3,5,0,0,74.742
27.02,16.54,0.0,18.71,1,3,0,0,66.898
15.71,32.73,3.41,34.66,6,11,1,0,32.437
43.17,42.86,4.56,20.97,0,10,0,1,85.813
32.37,-73.74,0.42,61.18,6,11,1,0,66.699
25.21,28.32,2.46,45.94,6,5,1,0,52.256
29.23,-59.4,0.0,67.11,6,12,1,0,58.385
22.68,17.76,0.0,17.45,0,10,0,0,61.85
41.05,-27.97,0.26,39.32,6,3,1,1,95.605
31.55,19.09,0.05,25.33,1,6,0,0,74.707
28.83,-50.06,3.78,17.83,1,4,0,0,76.495
42.97,10.3,0.0,75.74,4,7,0,1,84.782
40.49,-62.43,4.41,21.13,2,3,0,1,111.543
39.64,-56.24,0.17,24.87,6,9,1,1,81.161
19.67,6.02,0.5,41.18,3,6,0,0,55.198
17.21,-32.85,0.0,34.88,0,8,0,0,53.517
35.46,18.53,0.0,88.18,1,8,0,0,60.64
27.93,15.92,4.45,94.03,5,8,1,0,42.08
35.25,7.03,0.59,45.9,4,10,0,0,61.72
37.86,22.28,1.04,27.1,2,8,0,0,69.228
22.04,31.15,0.46,52.34,1,7,0,0,56.028
21.68,47.6,0.53,52.13,4,8,0,0,55.193
28.69,-68.73,0.4,49.61,1,8,0,0,67.036
21.3,0.02,1.29,11.73,0,10,0,0,54.605
34.69,24.83,0.83,20.91,3,6,0,0,78.055
37.39,-49.63,0.59,21.99,6,4,1,0,83.295
28.05,-43.09,0.0,39.9,2,4,0,0,76.918
36.61,-42.62,0.22,59.37,4,3,0,0,82.211
29.35,0.13,4.73,84.62,3,8,0,0,56.828
36.24,-28.74,2.68,28.99,6,9,1,0,64.669
19.65,13.25,0.0,75.55,4,4,0,0,49.868
37.12,5.43,1.22,29.23,3,7,0,0,74.202
36.31,12.0,5.27,12.77,1,5,0,0,79.106
21.06,-44.68,1.76,65.24,6,11,1,0,41.674
30.9,27.43,4.56,28.24,0,11,0,0,61.265
41.08,12.96,4.6,88.17,3,12,0,1,83.104
20.48,-61.71,0.0,89.34,1,11,0,0,52.499
37.02,-51.98,2.46,18.93,3,11,0,0,80.26
44.43,-37.86,0.95,26.55,6,7,1,1,91.938
41.45,51.05,0.21,27.89,0,7,0,1,91.85
25.65,-34.31,0.29,87.47,0,4,0,0,70.586
32.65,-77.22,2.34,16.63,5,10,1,0,74.015
45.72,-60.17,16.14,73.85,4,4,0,1,98.281
31.33,-75.5,0.65,34.45,2,5,0,0,89.77
15.91,-23.6,3.15,59.51,1,12,0,0,47.031
13.54,31.6,1.57,25.07,4,1,0,0,41.023
38.87,-16.94,0.66,78.56,1,2,0,1,86.768
26.4,37.46,0.0,67.02,4,10,0,0,54.668
20.39,-73.35,10.27,11.8,2,9,0,0,55.597
23.82,-14.24,0.93,30.16,5,10,1,0,45.948
37.75,30.19,0.0,49.64,4,6,0,0,76.596
27.82,14.46,0.7,55.15,4,1,0,0,62.823
41.53,39.4,6.82,80.32,0,4,0,1,92.56
36.99,-41.66,1.38,42.89,4,11,0,0,80.353
45.12,-9.88,0.0,88.78,4,8,0,1,87.798
42.21,14.76,0.0,26.48,3,11,0,1,90.882
20.65,-56.41,0.56,82.91,4,1,0,0,61.497
34.41,34.21,2.68,86.87,4,4,0,0,72.353
12.7,-36.39,0.65,63.27,1,9,0,0,47.772
45.7,-66.94,4.9,92.24,3,1,0,1,99.851
20.87,27.2,0.24,44.9,0,6,0,0,61.171
34.6,18.7,3.45,69.44,5,11,1,0,49.505
40.87,43.72,2.14,10.86,1,2,0,1,97.671
17.46,44.89,0.86,33.35,5,1,1,0,45.303
40.83,-41.01,1.76,58.14,4,8,0,1,96.91
12.42,9.79,4.09,84.45,3,3,0,0,45.313
27.03,59.88,0.48,91.0,3,3,0,0,61.781
28.05,-45.87,2.49,59.25,1,7,0,0,68.177
24.72,-13.8,0.59,82.75,4,8,0,0,55.811
31.94,47.42,2.65,77.93,2,10,0,0,63.322
43.1,-65.57,0.27,75.76,5,2,1,1,99.969
23.12,49.95,2.22,19.47,5,10,1,0,46.346
31.69,-11.66,1.45,50.68,6,9,1,0,48.992
41.83,45.03,0.38,51.33,6,9,1,1,74.742
38.28,6.99,7.77,76.93,5,3,1,1,76.776
13.38,14.0,2.17,59.82,1,10,0,0,40.333
44.05,28.22,4.28,79.69,1,2,0,1,89.149
13.59,-70.6,11.64,91.3,6,9,1,0,34.734
32.02,7.89,5.26,57.15,6,2,1,0,57.354
31.56,49.35,5.91,77.3,1,8,0,0,58.308
38.74,53.86,1.12,57.65,4,6,0,1,89.725
17.05,55.57,0.31,63.18,6,3,1,0,42.039
18.1,10.42,1.2,50.46,5,3,1,0,44.28
37.57,8.66,0.23,91.57,6,6,1,0,63.951
17.08,-2.65,2.72,79.49,2,5,0,0,50.437
27.96,5.06,3.19,73.92,3,6,0,0,57.486
36.88,5.7,1.02,38.01,4,6,0,0,77.402
34.14,-74.06,1.89,51.26,6,1,1,0,83.261
19.16,-67.56,0.0,83.35,6,6,1,0,53.449
22.33,6.72,1.43,89.59,3,5,0,0,61.036
44.95,-36.01,0.0,94.79,5,5,1,1,85.817
27.25,-37.8,2.46,72.43,2,3,0,0,68.834
13.51,-52.92,0.0,72.12,4,3,0,0,61.061
19.47,32.15,4.25,17.98,5,2,1,0,49.041
23.64,55.01,2.63,73.88,6,8,1,0,38.719
45.98,7.89,0.0,39.47,0,7,0,1,99.659
22.29,52.36,0.85,83.49,0,10,0,0,49.903
12.9,43.74,0.15,10.96,1,3,0,0,61.888
29.44,-49.49,0.0,89.42,0,5,0,0,78.239
14.84,-58.51,5.87,51.13,1,3,0,0,58.218
21.32,-50.38,0.0,20.88,6,12,1,0,54.234
45.74,-66.53,0.62,61.08,4,10,0,1,100.587
35.96,1.6,1.49,68.82,0,2,0,0,70.095
13.72,-40.43,1.33,76.28,4,10,0,0,43.076
27.26,47.81,0.49,69.66,6,12,1,0,45.741
17.84,5.88,2.43,57.04,5,8,1,0,33.589
16.18,-29.65,5.48,16.97,5,12,1,0,46.675
31.96,57.85,0.07,83.35,6,3,1,0,60.155
29.19,53.45,0.0,93.59,5,4,1,0,54.389
37.26,29.01,0.0,76.13,6,8,1,0,58.083
42.34,30.84,0.0,12.95,5,7,1,1,86.148
20.39,56.82,0.11,74.23,4,9,0,0,43.915
43.38,4.06,0.0,32.92,1,12,0,1,95.539
29.61,43.2,2.14,91.78,6,3,1,0,55.467
20.8,-70.92,2.0,15.4,0,11,0,0,64.5
40.76,-2.43,0.08,17.84,1,2,0,1,99.518
13.21,-9.65,1.8,25.42,5,6,1,0,43.746
31.02,-74.72,0.88,74.02,5,6,1,0,67.667
36.54,-67.83,2.58,65.37,6,10,1,0,65.326
21.52,-76.94,0.0,71.82,0,6,0,0,71.961
41.36,-38.84,4.65,40.08,5,10,1,1,84.266
20.17,-72.51,1.27,84.76,0,2,0,0,60.557
40.56,-20.76,0.87,47.93,4,12,0,1,92.074
14.67,33.78,1.64,21.4,1,3,0,0,55.08
17.44,5.94,5.0,75.24,3,8,0,0,35.6
24.95,14.33,1.13,55.01,0,6,0,0,59.488
41.04,-75.59,0.26,60.44,0,2,0,1,109.576
16.92,37.53,3.84,42.74,6,7,1,0,43.545
41.76,-59.53,0.77,70.41,3,11,0,1,89.829
19.81,-37.63,1.0,13.02,3,7,0,0,66.979
27.39,-7.65,4.16,51.75,2,9,0,0,49.557
23.99,50.2,3.01,46.31,6,12,1,0,48.752
16.02,59.74,0.32,73.45,5,4,1,0,42.767
44.11,29.57,0.56,32.6,3,1,0,1,94.618
26.9,22.1,4.79,29.87,0,9,0,0,58.25
35.47,-6.12,0.0,37.19,4,10,0,0,64.752
31.56,13.19,0.95,50.85,1,2,0,0,70.722
29.06,-59.78,2.13,27.84,2,5,0,0,80.867
32.96,-42.31,1.19,68.16,4,5,0,0,66.096
42.54,57.85,1.05,38.19,6,10,1,1,76.073
35.78,57.15,4.58,45.83,1,11,0,0,64.938
30.1,-34.78,1.1,57.4,0,9,0,0,69.208
33.94,-46.25,2.47,42.03,2,4,0,0,84.408
32.62,-47.87,4.74,69.6,4,8,0,0,71.926
26.73,-12.12,0.0,65.78,4,4,0,0,64.563
33.24,-48.67,4.67,74.33,6,8,1,0,61.728
27.08,10.79,0.0,54.46,1,12,0,0,60.391
37.76,-69.53,3.03,41.23,5,8,1,0,69.206
44.94,-65.49,2.26,27.1,5,10,1,1,98.598
44.64,-41.23,0.0,47.14,5,9,1,1,91.047
39.91,28.84,2.4,84.21,6,6,1,1,77.464
32.46,-34.74,2.72,20.29,2,2,0,0,78.095
37.48,-14.09,1.67,28.31,2,12,0,0,71.396
18.05,11.93,4.21,66.55,3,5,0,0,54.078
28.29,30.4,0.73,58.87,2,11,0,0,57.234
20.75,-37.0,0.0,87.88,0,11,0,0,54.246
12.12,22.34,0.0,12.47,2,9,0,0,43.897
44.87,-39.95,1.98,84.67,2,7,0,1,98.601
41.37,10.23,7.91,71.67,5,4,1,1,81.78
29.47,-16.88,8.47,75.92,0,2,0,0,67.201
20.64,49.73,5.2,42.19,5,11,1,0,40.659
35.56,57.49,0.25,36.12,5,12,1,0,62.078
26.78,28.38,1.4,11.22,0,9,0,0,60.656
39.31,48.17,0.3,76.93,6,12,1,1,68.056
45.98,-60.89,0.59,23.73,5,3,1,1,101.612
23.87,11.62,0.82,29.22,4,7,0,0,58.716
20.31,-52.23,4.71,33.51,5,3,1,0,63.501
21.09,-41.22,4.04,83.92,5,7,1,0,45.225
15.17,-6.8,5.71,34.47,2,11,0,0,40.47
25.4,23.88,0.0,46.18,3,4,0,0,62.954
12.59,21.01,0.82,73.52,4,6,0,0,40.48
15.89,41.72,0.48,85.84,1,7,0,0,41.185
21.24,-1.7,0.19,77.25,0,6,0,0,56.844
17.44,49.69,0.0,55.51,5,12,1,0,36.916
36.89,44.3,1.76,10.19,1,6,0,0,77.918
15.59,38.87,0.02,23.42,2,4,0,0,55.507
41.44,-47.87,1.39,31.56,0,4,0,1,110.084
19.52,-5.6,0.51,45.17,3,4,0,0,61.398
15.69,23.07,0.0,40.79,3,4,0,0,49.571
12.34,56.65,0.73,53.72,6,11,1,0,26.616
36.32,-78.37,0.29,45.02,3,7,0,0,86.425
20.72,-34.2,5.71,71.72,2,5,0,0,61.245
29.32,-32.07,2.48,14.44,5,2,1,0,67.904
15.79,-39.61,0.53,94.55,2,12,0,0,49.689
45.5,34.44,1.34,81.66,0,2,0,1,91.87
16.26,-73.69,6.73,38.47,0,5,0,0,67.771
26.01,-29.68,1.59,43.73,5,9,1,0,58.597
40.96,19.64,5.34,91.92,4,1,0,1,83.684
20.33,-23.06,0.13,89.54,1,4,0,0,59.393
21.08,-59.83,4.13,43.42,1,12,0,0,62.587
39.49,5.52,6.12,15.07,5,1,1,1,80.592
21.29,-6.83,0.89,93.98,4,3,0,0,52.518
12.1,57.46,1.02,65.57,3,2,0,0,45.07
26.55,24.79,1.76,68.91,2,9,0,0,47.205
12.43,58.06,2.24,33.34,2,1,0,0,46.723
42.93,-53.91,1.14,79.59,5,1,1,1,92.806
33.82,26.62,0.0,57.39,1,6,0,0,66.276
31.82,-2.77,0.0,49.97,6,9,1,0,53.324
18.85,19.75,3.71,73.0,1,11,0,0,41.391
35.8,-14.54,0.02,41.61,1,3,0,0,85.105
35.03,-50.27,0.0,46.5,2,7,0,0,84.34
14.06,-73.6,0.9,65.45,5,10,1,0,45.857
41.95,37.36,0.75,64.36,0,9,0,1,90.382
31.7,34.07,4.56,92.55,1,12,0,0,55.073
38.94,-57.24,0.0,57.84,2,1,0,1,99.38
20.94,10.33,2.95,37.28,0,1,0,0,54.773
16.15,23.28,1.25,34.43,2,9,0,0,41.763
35.88,-1.93,0.82,55.39,2,5,0,0,76.375
38.99,-35.59,1.45,20.16,4,9,0,1,92.969
25.13,43.33,1.09,59.99,2,9,0,0,51.65
12.81,9.94,0.0,43.17,3,6,0,0,48.756
39.82,20.83,0.02,39.92,6,12,1,1,79.087
19.01,11.3,2.54,26.36,3,11,0,0,51.346
23.53,20.98,0.0,52.11,5,5,1,0,52.229
33.36,-59.69,0.61,13.2,1,1,0,0,79.492
15.4,49.16,0.33,61.61,6,12,1,0,36.201
14.45,-39.99,0.0,34.27,3,12,0,0,55.841
12.87,37.12,2.23,86.93,0,11,0,0,36.695
43.17,45.07,1.59,54.74,6,1,1,1,79.453
22.59,11.17,4.34,76.35,4,9,0,0,45.211
34.46,3.76,3.0,82.35,2,12,0,0,62.413
45.63,-64.73,0.43,84.71,4,5,0,1,105.909
34.76,-18.93,1.22,84.0,6,10,1,0,51.085
29.85,5.63,0.39,29.16,0,7,0,0,67.748
29.71,-68.54,1.04,35.78,0,6,0,0,86.023
24.82,-64.4,0.0,70.17,5,9,1,0,55.332
32.39,59.09,4.36,55.7,2,7,0,0,62.738
44.6,-33.49,3.92,61.79,5,9,1,1,84.005
38.79,-31.04,0.03,67.61,5,3,1,1,87.234
26.42,-44.79,0.5,19.71,6,4,1,0,67.388
23.3,10.44,0.53,24.31,5,8,1,0,51.003
42.04,-13.77,0.0,64.22,6,7,1,1,77.875
16.62,30.66,0.68,63.16,4,5,0,0,56.959
40.89,-8.25,1.74,79.48,0,11,0,1,91.418
20.67,-77.84,0.0,68.97,1,5,0,0,71.625
36.33,-12.42,3.48,27.65,6,6,1,0,66.027
39.41,-72.27,4.84,15.96,2,4,0,1,113.88
28.22,35.75,4.87,43.24,6,7,1,0,52.375
18.54,-64.09,2.56,41.56,6,7,1,0,51.674
40.72,-49.63,0.4,75.23,4,4,0,1,99.806
24.5,-15.6,0.0,67.08,0,10,0,0,53.231
22.9,-52.67,0.79,84.14,1,2,0,0,65.305
29.34,-4.51,2.03,52.86,5,10,1,0,52.058
26.79,-15.5,0.0,34.54,2,1,0,0,66.767
35.22,53.35,8.05,52.86,2,4,0,0,73.592
16.66,-67.63,4.47,28.32,0,5,0,0,67.209
26.81,0.74,3.3,15.15,3,6,0,0,69.339
42.32,20.86,4.08,52.47,0,8,0,1,88.063
13.23,-62.13,0.48,45.16,0,12,0,0,61.192
27.55,9.1,0.98,12.74,6,10,1,0,48.423
34.46,40.99,0.0,71.31,5,7,1,0,60.434
42.18,30.26,1.61,64.77,6,2,1,1,90.757
32.19,50.92,0.0,16.27,6,12,1,0,62.299
40.03,20.88,0.0,70.35,6,4,1,1,86.88
19.57,-24.84,0.0,17.04,2,8,0,0,59.284
24.0,48.86,0.97,54.0,1,10,0,0,51.149
44.03,-48.45,1.41,62.89,4,9,0,1,95.683
42.12,1.72,1.45,52.41,4,2,0,1,92.959
30.97,27.19,2.77,73.53,3,4,0,0,62.756
28.17,42.12,0.26,42.77,3,12,0,0,62.566
27.34,48.32,0.34,28.1,1,10,0,0,53.355
14.0,-68.1,5.21,51.34,3,8,0,0,54.816
42.34,21.65,2.75,39.09,6,6,1,1,85.402
39.82,-51.43,3.35,22.86,2,12,0,1,94.804
27.51,29.08,15.35,50.04,3,9,0,0,52.896
21.5,18.1,6.44,27.12,6,9,1,0,34.998
23.66,-54.61,7.18,49.98,5,11,1,0,47.863
16.19,36.6,10.19,60.36,5,12,1,0,29.037
36.54,-15.35,1.6,76.49,0,11,0,0,67.612
30.93,-3.86,1.05,82.52,5,8,1,0,48.919
19.96,56.0,0.0,66.79,0,3,0,0,62.412
33.18,11.93,3.47,85.95,0,4,0,0,65.149
45.29,2.4,6.65,57.41,2,2,0,1,108.013
16.16,-77.65,1.46,70.39,2,10,0,0,50.325
27.59,-52.11,0.0,75.48,0,5,0,0,84.304
28.8,-76.28,0.0,80.11,4,3,0,0,82.331
17.67,-33.34,0.0,73.91,6,9,1,0,38.804
30.07,-31.77,1.13,86.71,4,7,0,0,66.404
32.6,-5.75,2.84,50.19,6,3,1,0,61.83
17.35,16.57,4.16,91.05,6,5,1,0,39.945
17.26,-54.89,4.03,44.02,5,6,1,0,50.975
41.12,4.23,0.0,15.97,1,10,0,1,92.036
22.59,48.38,0.33,25.48,4,1,0,0,59.72
33.43,-54.1,0.0,57.45,0,10,0,0,69.723
33.31,12.27,1.03,11.24,5,1,1,0,65.858
40.53,-73.62,4.57,23.38,6,11,1,1,91.417
37.16,-5.64,0.0,41.8,0,2,0,0,77.035
40.58,23.82,6.49,63.07,3,3,0,1,89.755
33.26,-75.23,2.05,24.07,0,5,0,0,92.205
27.28,-33.29,0.0,58.86,3,12,0,0,67.192
25.38,42.91,0.0,66.37,3,5,0,0,62.365
24.89,-48.43,0.0,74.91,6,10,1,0,52.227
26.23,21.2,0.0,66.14,1,4,0,0,68.357
16.4,5.71,8.15,31.26,5,5,1,0,48.087
26.41,-57.08,2.34,94.78,4,7,0,0,65.726
25.24,23.84,2.88,85.5,5,2,1,0,45.398
13.18,-5.51,2.45,41.75,6,1,1,0,39.541
21.35,-64.32,6.42,12.48,1,5,0,0,72.092
37.56,52.91,18.89,54.94,0,10,0,0,59.437
31.65,-11.13,0.0,83.54,4,2,0,0,65.762
39.41,24.31,1.87,79.87,0,10,0,1,78.389
30.45,-49.52,4.04,86.29,3,8,0,0,62.512
41.04,-60.79,2.38,92.41,3,4,0,1,97.901
39.07,23.78,1.51,70.61,4,2,0,1,87.143
15.34,14.34,4.57,23.8,0,7,0,0,46.566
45.22,-41.62,0.0,13.1,4,6,0,1,113.134
12.5,24.48,6.64,22.87,5,2,1,0,35.672
32.29,-9.3,3.7,27.09,0,9,0,0,63.788
38.95,-31.2,0.0,15.22,2,11,0,1,93.79
23.28,30.16,6.08,48.54,2,6,0,0,62.809
32.35,6.35,1.3,76.63,2,6,0,0,64.481
24.31,-8.98,3.24,10.36,3,11,0,0,53.329
14.06,28.23,8.35,78.31,0,5,0,0,40.781
12.29,-3.72,0.0,88.65,3,3,0,0,43.005
15.23,51.39,0.0,22.92,0,11,0,0,45.061
15.35,34.53,0.0,11.81,0,7,0,0,61.205
32.77,-29.85,0.0,50.75,3,12,0,0,73.464
29.88,-14.91,2.69,83.83,6,11,1,0,46.2
27.49,54.03,0.55,72.63,4,10,0,0,58.919
35.53,45.33,1.65,12.95,2,5,0,0,78.028
12.57,-53.23,3.68,67.23,2,9,0,0,43.838
21.21,-41.6,19.37,79.51,3,6,0,0,49.582
38.43,-28.98,0.0,33.04,0,10,0,1,94.334
42.94,43.18,1.15,65.54,4,12,0,1,88.061
26.9,49.84,1.06,51.99,0,9,0,0,61.344
14.77,32.33,0.8,27.48,5,6,1,0,45.735
39.16,-41.4,1.8,86.63,2,12,0,1,91.405
42.1,44.19,1.14,28.96,2,11,0,1,83.702
26.06,-75.4,0.62,81.44,3,3,0,0,69.59
20.27,-20.81,2.1,69.64,0,12,0,0,46.814
13.5,-27.13,0.31,28.78,1,6,0,0,54.808
32.1,-5.07,0.78,70.46,1,4,0,0,66.417
42.94,-1.51,0.02,12.21,5,4,1,1,100.238
35.05,-48.44,0.1,30.08,1,10,0,0,75.122
22.79,-51.36,0.12,34.26,0,5,0,0,76.039
33.86,32.5,1.37,85.58,1,8,0,0,59.739
40.29,-69.33,0.13,87.81,2,6,0,1,104.243
28.18,-10.94,0.18,33.03,4,12,0,0,57.42
39.87,-53.17,3.53,50.35,2,2,0,1,100.686
25.32,-35.26,4.31,93.44,3,8,0,0,56.89
23.85,-41.18,0.2,66.61,3,5,0,0,70.205
31.82,19.19,1.64,15.93,1,10,0,0,63.165
27.8,-16.16,1.81,43.27,0,12,0,0,57.812
45.22,-38.08,0.0,45.82,4,5,0,1,112.193
29.56,36.39,0.0,36.04,6,11,1,0,50.114
25.1,-67.99,2.23,54.19,0,8,0,0,66.992
25.43,27.29,0.0,72.56,6,1,1,0,54.536
30.63,-45.24,2.31,68.78,6,10,1,0,55.054
24.07,48.52,0.67,39.88,5,7,1,0,48.963
36.58,-79.22,0.0,72.61,3,12,0,0,79.16
24.94,-2.07,4.56,55.4,2,6,0,0,61.368
25.06,7.12,0.58,75.41,4,4,0,0,59.224
32.98,0.82,0.32,19.68,0,3,0,0,79.822
14.07,34.1,1.66,44.4,2,1,0,0,49.863
34.28,-64.3,2.52,43.55,2,9,0,0,75.306
29.17,-21.82,0.11,39.9,3,12,0,0,69.182
27.4,40.92,2.8,69.33,1,8,0,0,54.836
36.45,44.42,0.0,57.36,2,8,0,0,66.24
37.78,-10.23,1.55,42.8,5,1,1,0,62.074
40.77,-1.88,1.33,55.59,6,1,1,1,81.608
24.74,26.95,1.97,69.87,5,6,1,0,51.032
23.12,29.15,3.99,67.39,0,7,0,0,57.048
36.29,44.33,4.63,74.66,4,6,0,0,72.457
31.78,38.14,16.26,82.38,3,12,0,0,57.736
33.48,-21.98,3.07,72.85,3,4,0,0,72.572
30.89,10.97,0.56,25.31,5,12,1,0,58.412
38.27,-12.35,3.64,81.96,2,4,0,1,88.599
18.46,-63.49,4.04,38.22,3,4,0,0,71.227
30.89,35.04,4.03,66.61,6,4,1,0,55.25
17.38,4.25,0.0,94.23,3,10,0,0,41.998
25.85,-71.88,6.04,35.04,3,4,0,0,75.178
34.58,14.76,1.17,32.97,6,6,1,0,67.517
28.76,-40.37,2.44,25.48,0,2,0,0,80.405
24.91,-70.3,5.87,93.65,2,5,0,0,63.455
42.09,4.92,2.22,46.29,3,3,0,1,92.91
38.28,22.51,0.8,76.63,0,10,0,1,80.733
29.89,-7.58,2.08,14.19,3,10,0,0,63.706
44.3,-79.21,4.79,25.34,6,4,1,1,105.496
26.43,0.76,0.57,15.37,5,12,1,0,51.811
38.79,-79.07,0.0,79.33,0,6,0,1,101.191
17.71,49.7,0.11,19.06,6,11,1,0,40.783
21.72,-42.58,6.31,88.47,5,3,1,0,48.762
23.49,41.94,0.44,66.42,6,11,1,0,41.68
15.6,-78.3,0.36,87.31,0,2,0,0,60.118
29.06,-66.39,1.82,44.75,6,5,1,0,69.743
18.54,-16.8,0.28,54.68,0,5,0,0,64.311
33.56,26.21,2.61,12.34,0,3,0,0,81.532
18.46,51.96,2.76,49.6,2,12,0,0,43.971
16.2,-7.05,3.59,60.21,5,4,1,0,42.005
44.95,-30.24,0.08,18.55,6,6,1,1,101.251
34.38,-73.76,0.29,93.4,4,1,0,0,73.256
43.84,1.72,2.25,10.37,0,9,0,1,98.988
28.66,-26.79,1.16,32.73,6,3,1,0,65.74
13.14,47.28,0.85,62.33,1,4,0,0,47.711
31.53,-12.79,0.0,52.3,5,12,1,0,57.418
30.98,27.16,0.0,30.33,1,11,0,0,67.55
12.51,38.75,0.98,93.87,3,2,0,0,35.163
41.28,-66.24,4.5,26.05,0,8,0,1,105.682
33.08,-18.28,5.17,58.31,6,9,1,0,57.019
37.32,45.12,0.89,19.85,0,12,0,0,73.617
28.79,-20.58,1.64,14.77,6,3,1,0,66.01
33.03,-0.88,1.9,51.47,6,4,1,0,64.253
20.75,42.23,0.24,78.4,1,3,0,0,58.268
45.11,-47.44,0.0,55.16,4,7,0,1,101.858
25.62,45.24,0.43,34.96,2,8,0,0,58.392
17.52,-24.42,0.17,11.42,2,3,0,0,64.355
13.9,3.02,1.55,89.95,2,1,0,0,42.913
33.63,-34.07,1.9,28.01,1,2,0,0,88.363
45.43,-6.2,0.73,58.84,6,3,1,1,89.654
42.46,-73.1,1.5,11.32,0,8,0,1,108.653
35.87,-70.86,0.76,18.26,2,3,0,0,90.56
45.68,-21.94,0.63,24.46,2,10,0,1,96.037
36.58,-33.11,0.49,19.55,2,8,0,0,75.366
23.53,6.21,6.95,55.11,2,3,0,0,53.324
32.44,-74.69,0.13,43.75,4,12,0,0,82.617
14.71,-56.53,0.8,78.11,6,9,1,0,40.122
19.54,-50.66,2.15,19.88,4,11,0,0,59.521
26.2,-18.33,0.0,46.64,1,9,0,0,56.236
18.86,-45.44,0.4,46.4,6,8,1,0,47.745
44.42,-60.73,0.0,29.62,2,6,0,1,108.158
45.85,3.66,0.0,18.16,2,8,0,1,97.862
24.61,24.14,0.02,10.91,4,10,0,0,58.454
36.11,15.94,0.82,11.6,6,12,1,0,61.851
25.86,-41.33,2.95,43.88,2,8,0,0,61.273
16.74,39.62,0.7,14.61,1,10,0,0,45.941
23.46,5.66,0.44,43.54,5,12,1,0,49.213
19.93,6.05,1.85,47.18,3,8,0,0,50.291
23.15,-50.2,5.58,47.86,5,10,1,0,43.811
19.31,-46.09,0.0,26.29,3,3,0,0,71.258
15.82,-13.53,1.13,52.39,0,11,0,0,47.862
19.39,-46.71,0.0,43.35,2,12,0,0,59.505
42.8,16.33,4.24,94.11,5,5,1,1,88.151
14.9,-36.8,1.04,13.86,6,11,1,0,43.3
23.04,-58.73,0.0,14.58,2,10,0,0,67.099
29.97,-58.77,0.52,80.09,4,3,0,0,78.246
24.05,-62.19,1.0,32.61,0,12,0,0,71.8
29.6,-18.43,0.34,25.62,1,8,0,0,66.781
13.48,-79.57,1.89,84.33,4,2,0,0,56.0
34.05,-4.07,2.61,55.28,0,2,0,0,75.536
31.16,-38.24,0.0,62.34,5,7,1,0,66.282
35.15,-2.65,0.67,10.68,6,7,1,0,70.234
31.29,50.96,2.57,32.16,0,11,0,0,64.441
26.89,41.67,2.35,32.03,4,7,0,0,56.91
23.9,0.7,1.65,74.68,2,5,0,0,59.744
19.7,-21.47,3.31,42.77,4,4,0,0,62.073
29.0,17.77,0.46,59.08,6,7,1,0,56.847
12.89,49.24,4.46,89.21,0,4,0,0,48.646
23.16,-11.46,0.0,93.7,4,9,0,0,50.619
35.05,-66.1,0.07,20.82,1,2,0,0,82.431
15.7,27.25,0.0,57.25,3,10,0,0,38.942
14.14,-78.53,1.24,69.43,3,3,0,0,61.812
34.17,27.05,2.51,76.47,3,3,0,0,69.246
25.52,-68.11,0.68,88.21,5,12,1,0,56.29
39.26,-65.07,0.21,71.91,4,5,0,1,108.454
43.87,29.44,0.14,68.64,2,9,0,1,89.834
44.54,16.53,1.84,14.6,4,5,0,1,101.111
26.47,-1.33,0.83,56.31,4,12,0,0,54.217
20.99,34.88,7.37,60.9,0,2,0,0,50.432
32.69,39.19,1.65,69.2,4,6,0,0,67.412
33.36,-15.95,2.18,59.59,2,2,0,0,74.859
33.16,59.48,0.0,44.8,1,7,0,0,72.242
22.94,-29.94,8.44,51.43,3,9,0,0,50.955
14.17,-55.99,0.5,92.22,3,6,0,0,54.332
19.14,38.44,9.51,37.97,5,11,1,0,40.487
17.25,-21.82,0.51,76.68,3,10,0,0,39.929
16.21,42.43,3.58,61.63,5,12,1,0,36.422
43.49,-71.44,0.0,47.73,1,12,0,1,106.245
12.47,-64.45,0.71,45.22,4,12,0,0,52.577
32.46,-74.36,0.27,55.66,6,6,1,0,73.731
44.21,4.28,0.13,77.98,4,12,0,1,90.162
24.24,36.46,0.4,20.38,4,8,0,0,57.667
29.92,-23.63,0.38,87.41,2,1,0,0,62.323
35.66,-67.3,1.53,75.8,4,1,0,0,77.3
22.78,-27.71,0.06,39.67,5,5,1,0,65.649
28.24,-31.27,0.67,10.87,6,7,1,0,61.923
39.78,10.09,0.0,18.94,6,1,1,1,85.02
37.34,11.3,0.23,22.27,2,7,0,0,79.057
39.49,-65.58,3.12,18.8,5,9,1,1,89.466
45.57,-21.18,0.0,18.74,2,9,0,1,99.287
24.59,9.95,5.52,91.61,6,12,1,0,39.759
37.4,-43.76,0.5,65.97,0,5,0,0,82.777
32.49,-23.01,0.65,79.75,6,1,1,0,53.565
34.66,5.92,5.95,57.84,1,12,0,0,60.715
37.16,-23.6,1.11,62.66,1,7,0,0,80.777
37.49,-75.68,6.2,84.88,3,8,0,0,74.699
42.12,-48.83,0.87,32.27,3,7,0,1,103.691
23.88,28.65,0.0,69.03,1,6,0,0,54.332
34.22,-45.21,0.58,86.44,3,2,0,0,80.49
21.53,34.48,1.04,89.58,5,7,1,0,40.573
32.22,-14.63,5.17,47.74,3,11,0,0,60.854
37.54,-13.79,3.58,82.82,4,2,0,0,72.718
38.89,27.87,0.0,52.83,5,5,1,1,93.727
26.28,-26.34,1.11,31.92,1,12,0,0,65.339
29.3,-46.61,4.37,31.33,2,6,0,0,74.814
23.35,-65.3,3.3,48.4,6,2,1,0,51.661
17.75,14.07,0.0,31.92,1,12,0,0,54.308
20.86,-14.21,2.38,12.55,1,2,0,0,60.908
43.01,33.32,5.85,18.97,1,3,0,1,96.836
22.5,-15.93,2.54,82.18,5,6,1,0,46.145
45.14,-21.93,4.78,85.01,1,5,0,1,103.316
20.21,-38.16,3.54,84.21,2,5,0,0,59.52
36.58,-52.08,1.28,57.07,2,10,0,0,69.426
31.51,36.26,0.64,89.49,0,7,0,0,62.094
35.69,-66.67,0.2,52.42,0,6,0,0,84.585
33.89,46.3,0.0,49.32,2,9,0,0,65.415
36.03,-76.23,0.05,50.32,0,8,0,0,82.454
42.79,-6.88,3.65,31.6,6,8,1,1,77.523
31.16,-71.83,0.48,62.15,3,6,0,0,80.174
14.31,29.14,3.14,48.16,0,7,0,0,46.365
21.21,-50.39,3.12,92.85,4,4,0,0,58.992
36.08,-0.77,1.3,24.62,5,5,1,0,64.983
28.8,48.3,4.21,16.52,4,2,0,0,69.125
30.65,10.9,0.88,39.85,3,1,0,0,65.486
32.28,-55.04,2.85,28.32,0,11,0,0,73.78
25.01,31.53,5.85,94.31,5,10,1,0,38.713
38.31,-18.19,1.57,57.48,6,4,1,1,80.268
36.6,-78.16,1.08,40.58,2,6,0,0,90.29
36.29,-11.85,7.52,64.63,0,12,0,0,68.689
36.32,33.75,6.08,48.51,1,7,0,0,68.42
42.27,-19.81,15.3,27.75,4,1,0,1,86.302
32.24,26.18,1.07,43.53,4,7,0,0,65.553
44.88,18.77,1.87,34.34,6,11,1,1,80.724
16.05,-16.03,5.21,64.2,2,3,0,0,47.323
33.49,-34.74,0.0,79.41,6,12,1,0,60.322
36.38,21.72,1.55,32.32,1,10,0,0,67.514
28.23,-28.35,2.37,62.81,3,1,0,0,63.063
21.8,-56.19,1.73,70.22,4,12,0,0,62.357
30.7,-35.08,1.25,41.45,1,8,0,0,67.687
24.4,42.76,4.09,51.44,2,3,0,0,65.97
42.91,-40.33,0.0,40.5,5,10,1,1,86.985
24.13,-47.11,0.32,41.7,4,10,0,0,58.396
17.97,-61.32,3.87,47.93,4,8,0,0,54.271
31.6,-72.28,0.47,35.11,4,12,0,0,78.565
25.46,56.74,4.12,51.51,5,11,1,0,40.316
15.26,-4.85,0.0,73.94,6,4,1,0,42.912
31.2,22.15,0.91,43.52,2,2,0,0,68.281
30.29,28.22,0.15,90.36,2,10,0,0,52.947
17.89,-30.68,0.31,28.53,6,12,1,0,46.267
32.32,31.85,5.99,48.21,3,4,0,0,73.703
31.29,54.61,0.53,61.14,6,7,1,0,53.515
38.3,23.85,0.0,56.18,6,7,1,1,78.796
24.29,19.64,3.77,90.49,5,5,1,0,49.724
20.46,-19.49,4.75,37.57,5,7,1,0,44.14
44.34,37.78,0.86,42.1,6,7,1,1,88.041
31.08,-67.56,0.28,60.63,1,12,0,0,76.487
12.92,24.96,0.0,60.69,3,5,0,0,52.266
39.9,-29.32,3.6,76.93,3,2,0,1,89.805
18.69,-0.76,2.52,77.53,1,6,0,0,47.016
38.73,45.01,1.63,10.92,3,2,0,1,95.553
35.98,4.7,1.51,74.96,4,2,0,0,70.59
44.94,-76.42,3.83,71.02,3,8,0,1,102.27
44.83,21.16,0.0,59.79,4,11,0,1,88.442
21.33,50.06,1.1,36.94,0,2,0,0,60.685
38.06,9.88,2.81,87.1,3,5,0,1,79.193
22.77,40.6,0.65,72.75,6,3,1,0,51.305
33.39,35.54,3.99,31.87,1,6,0,0,76.495
32.32,40.58,1.08,35.94,3,8,0,0,63.896
13.85,-31.83,1.35,70.39,4,11,0,0,44.325
12.18,-13.62,1.88,88.0,4,11,0,0,41.442
13.96,38.72,4.32,51.7,1,11,0,0,38.793
16.35,47.46,0.0,84.73,0,6,0,0,50.212
20.76,-59.44,4.17,42.48,5,10,1,0,55.178
42.84,-54.59,0.0,43.59,3,4,0,1,116.773
29.63,-31.44,2.97,68.31,6,1,1,0,53.416
39.09,27.84,0.0,14.3,6,12,1,1,79.826
40.5,42.5,5.24,21.81,1,11,0,1,89.143
36.99,1.23,3.44,71.92,2,3,0,0,75.201
25.31,-64.14,0.61,30.58,5,3,1,0,72.2
41.37,-37.48,3.78,24.88,2,11,0,1,86.07
37.23,39.98,0.63,17.57,1,6,0,0,73.506
37.27,-31.34,5.08,29.11,1,10,0,0,78.322
42.65,-65.61,5.86,31.29,3,11,0,1,101.564
32.35,-37.71,0.56,39.0,2,7,0,0,76.54
29.97,32.94,0.41,89.76,6,2,1,0,49.397
42.27,-10.91,1.51,64.79,6,8,1,1,78.535
27.45,-55.98,0.0,68.93,0,2,0,0,75.797
39.59,-36.23,6.38,21.28,6,9,1,1,77.266
13.83,53.5,3.02,26.38,0,7,0,0,46.424
12.04,-19.53,3.26,86.39,5,6,1,0,37.508
29.96,-18.18,2.74,63.92,6,6,1,0,60.339
14.5,-58.57,0.0,78.82,2,12,0,0,49.489
45.2,-37.36,3.32,40.38,1,5,0,1,110.773
12.19,34.06,2.07,59.06,0,11,0,0,41.231
36.42,30.07,6.27,52.69,2,10,0,0,56.772
20.28,-19.03,2.08,27.46,6,12,1,0,51.446
44.9,45.11,0.24,80.11,3,11,0,1,90.825
24.97,-26.76,3.32,38.37,2,8,0,0,61.164
12.93,41.01,1.51,49.69,0,12,0,0,42.236
12.92,-75.58,1.43,21.3,4,9,0,0,58.843
30.81,-31.39,0.21,64.26,1,2,0,0,74.37
45.55,39.71,5.82,77.25,4,2,0,1,92.441
45.31,46.18,0.71,44.88,5,9,1,1,88.376
23.47,25.9,0.0,93.14,5,7,1,0,37.175
28.41,13.78,0.07,31.89,3,11,0,0,57.885
15.42,34.17,0.0,84.21,4,7,0,0,45.455
29.75,19.06,0.0,71.3,2,3,0,0,67.09
32.39,-44.41,0.0,88.82,4,11,0,0,68.026
20.54,-14.73,0.37,72.96,4,6,0,0,52.249
32.81,12.5,0.0,52.06,1,12,0,0,64.072
42.59,2.29,0.8,45.14,2,1,0,1,97.2
12.03,43.91,6.49,80.5,5,1,1,0,23.927
19.78,-13.66,3.15,81.43,3,2,0,0,52.339
19.14,-55.08,2.81,60.06,1,12,0,0,54.873
16.21,-49.96,0.0,69.68,6,2,1,0,50.338
17.65,38.45,1.0,49.34,6,9,1,0,36.787
33.28,-78.78,2.01,28.56,5,9,1,0,71.136
15.49,41.68,1.4,14.25,2,11,0,0,45.611
37.11,-72.22,1.79,65.56,3,8,0,0,80.424
42.16,-25.17,1.49,66.88,6,1,1,1,84.54
43.5,32.02,2.42,66.55,3,1,0,1,91.009
34.45,-22.93,6.69,57.8,5,1,1,0,65.887
18.71,35.13,0.35,39.1,5,8,1,0,37.887
14.9,-65.96,0.29,30.57,5,6,1,0,57.372
19.89,-8.38,0.05,15.58,4,1,0,0,55.867
44.71,1.55,0.22,22.58,2,1,0,1,105.238
44.72,44.72,0.6,63.41,2,3,0,1,99.368
24.99,-66.89,2.19,75.29,5,6,1,0,57.575
23.08,-32.6,1.08,87.15,2,11,0,0,51.815
29.34,12.31,4.8,17.13,1,10,0,0,54.774
21.92,57.19,0.3,79.19,1,6,0,0,52.911
45.31,38.76,2.8,60.78,4,4,0,1,101.64
19.52,38.51,1.62,35.61,6,10,1,0,42.54
24.55,-7.59,0.0,71.69,2,12,0,0,57.856
26.6,-1.0,2.48,94.1,4,4,0,0,60.175
16.25,40.2,1.45,42.25,2,6,0,0,54.048
25.02,41.75,2.91,63.33,2,2,0,0,61.558
41.13,32.32,3.81,32.17,2,2,0,1,101.94
16.77,34.6,0.19,27.43,2,11,0,0,45.166
31.86,43.15,2.6,22.68,5,3,1,0,70.612
25.83,-64.07,0.94,12.73,6,2,1,0,65.593
17.8,-39.03,0.0,71.52,1,4,0,0,65.086
12.42,56.66,0.0,22.41,2,5,0,0,51.204
21.29,-3.73,3.28,67.48,0,3,0,0,55.865
14.1,-55.3,3.16,83.92,5,9,1,0,36.355
24.81,-9.57,0.0,81.96,4,7,0,0,54.336
39.55,10.41,1.35,35.41,5,8,1,1,80.948
36.47,35.95,1.23,20.57,3,12,0,0,76.121
44.21,33.7,5.58,47.66,6,12,1,1,73.195
26.52,-73.11,2.33,25.41,0,4,0,0,82.365
36.07,-16.51,4.99,41.75,2,12,0,0,66.613
34.62,-77.12,3.52,58.35,3,9,0,0,78.857
19.38,44.34,0.57,64.77,5,2,1,0,49.846
22.32,-55.65,0.24,28.56,1,4,0,0,73.968
30.01,7.48,0.0,29.32,2,3,0,0,70.343
39.09,-0.11,1.44,83.61,0,10,0,1,74.577
27.7,7.57,0.0,90.32,6,8,1,0,51.155
19.74,-1.12,6.68,64.61,3,10,0,0,46.103
45.78,20.18,3.06,57.33,0,2,0,1,92.35
15.93,7.66,1.57,65.94,1,7,0,0,48.039
44.5,-67.36,0.15,20.93,3,7,0,1,107.549
39.51,-28.65,4.74,86.25,3,9,0,1,81.209
40.52,-3.48,3.83,27.73,3,5,0,1,93.394
39.03,-34.47,0.0,66.92,0,1,0,1,88.253
19.08,26.45,2.87,28.87,6,11,1,0,38.453
33.51,-35.49,0.41,69.99,5,6,1,0,73.463
37.73,36.02,5.12,74.04,1,12,0,0,62.123
37.35,-59.46,0.0,72.99,2,5,0,0,89.348
21.23,27.71,0.19,46.44,0,4,0,0,65.697
18.16,-54.31,8.02,61.6,0,6,0,0,61.764
23.16,-6.08,0.62,60.83,5,2,1,0,57.574
28.31,-35.13,0.39,71.23,0,7,0,0,70.777
31.51,9.23,0.0,52.42,2,12,0,0,69.12
40.46,-50.22,2.04,53.12,6,4,1,1,91.296
38.15,31.36,0.0,68.17,2,2,0,1,91.473
34.99,0.3,1.95,24.46,4,2,0,0,80.465
20.96,54.02,0.62,65.46,0,3,0,0,56.234
28.28,19.65,0.89,22.6,6,5,1,0,50.262
23.4,5.04,0.67,71.61,6,4,1,0,46.796
19.99,36.08,0.92,43.06,6,9,1,0,36.698
12.35,-49.24,2.76,81.36,4,5,0,0,55.175
23.54,8.58,1.28,17.52,6,5,1,0,54.55
20.71,-25.34,6.24,49.14,4,2,0,0,58.458
31.44,24.13,5.2,24.21,2,7,0,0,64.862
14.12,-76.57,5.35,83.85,6,4,1,0,49.502
21.2,-20.12,7.92,20.65,1,9,0,0,52.158
13.52,11.24,0.0,51.24,5,1,1,0,35.478
33.81,-15.51,4.02,18.95,6,8,1,0,63.716
31.32,-46.68,0.0,77.81,3,10,0,0,69.9
23.47,-14.99,0.35,33.97,1,9,0,0,52.95
17.01,38.96,0.0,60.5,1,4,0,0,55.397
44.57,-51.04,0.42,24.46,3,9,0,1,97.906
31.87,-28.6,0.0,39.89,4,10,0,0,61.802
35.09,58.65,3.23,19.66,4,7,0,0,75.934
30.07,47.79,4.47,56.82,4,8,0,0,65.123
39.42,-75.24,4.87,10.29,0,10,0,1,99.514
42.48,-5.75,1.67,94.41,0,6,0,1,98.104
25.01,-70.84,2.42,45.38,1,2,0,0,72.065
35.46,49.35,2.32,63.5,6,12,1,0,55.032
19.82,-18.18,1.99,34.38,3,4,0,0,68.579
34.16,-21.42,0.03,31.53,2,5,0,0,78.021
25.57,-41.79,2.66,81.92,4,8,0,0,61.97
12.23,-0.37,0.0,74.45,3,3,0,0,45.679
44.49,-59.7,5.37,64.68,1,5,0,1,104.482
41.53,31.85,0.0,73.95,3,7,0,1,87.654
21.89,-11.23,4.42,24.9,4,9,0,0,46.038
45.92,-0.7,4.44,89.4,6,2,1,1,87.701
22.78,37.71,4.85,48.65,2,10,0,0,48.817
27.6,-54.08,4.63,83.84,1,4,0,0,70.793
40.94,-55.47,1.44,72.56,6,11,1,1,81.055
22.36,-21.09,0.0,34.3,2,11,0,0,57.591
27.32,30.06,7.55,58.39,1,9,0,0,54.288
34.63,-71.8,0.0,92.16,3,11,0,0,72.015
16.44,31.32,1.63,13.15,0,2,0,0,60.108
26.36,-9.89,3.36,46.25,6,6,1,0,55.476
22.52,-1.35,0.99,62.75,5,2,1,0,48.868
35.01,-0.99,0.46,38.89,3,6,0,0,77.839
16.62,-72.14,0.17,37.02,3,7,0,0,62.341
19.91,-45.03,0.93,73.64,2,7,0,0,54.052
36.19,25.74,0.0,87.89,3,1,0,0,67.298
17.31,-22.28,7.5,55.7,6,2,1,0,43.121
26.35,-1.53,0.0,90.6,5,12,1,0,44.093
36.24,52.28,0.0,18.61,4,4,0,0,85.648
38.03,-73.52,1.48,29.33,6,6,1,1,98.129
15.23,-17.04,1.57,17.46,1,7,0,0,53.65
40.97,-29.42,3.64,47.02,6,2,1,1,88.646
36.62,-65.1,4.88,63.27,1,4,0,0,86.204
23.54,53.11,0.37,27.04,1,8,0,0,58.7
37.97,54.6,2.65,48.13,4,3,0,0,78.196
36.76,-36.39,1.42,68.17,0,10,0,0,70.972
32.43,52.54,1.61,64.36,3,8,0,0,57.82
30.99,-75.08,0.44,63.49,2,12,0,0,72.417
36.98,57.33,2.01,61.51,0,7,0,0,72.524
45.97,37.03,0.34,93.86,1,10,0,1,86.421
31.67,-49.99,0.0,70.68,3,4,0,0,74.585
39.5,3.94,0.34,87.15,0,9,0,1,79.383
37.31,31.76,0.26,90.9,6,12,1,0,52.773
41.1,-35.3,5.55,83.07,3,10,0,1,89.363
44.45,-30.47,0.1,18.09,5,10,1,1,91.287
18.56,8.06,0.0,54.99,1,6,0,0,55.528
17.63,-59.41,0.0,42.43,3,8,0,0,59.058
31.94,-63.45,0.6,18.25,0,8,0,0,78.226
27.28,-45.03,3.24,57.96,1,3,0,0,70.905
31.4,23.78,0.34,28.09,4,4,0,0,76.532
39.13,-28.68,0.34,59.45,2,8,0,1,89.415
43.68,-8.97,0.0,79.48,6,8,1,1,81.817
26.19,-52.64,1.1,43.48,6,9,1,0,55.934
36.41,-52.83,1.13,90.74,0,8,0,0,75.414
18.69,11.06,0.41,75.15,4,7,0,0,49.759
30.17,-64.83,0.29,78.36,5,7,1,0,63.222
12.74,13.5,3.92,19.54,1,8,0,0,42.555
29.13,-23.9,1.27,90.06,5,5,1,0,62.5
30.54,13.98,0.54,12.93,5,2,1,0,70.22
37.01,-26.56,0.0,81.73,2,9,0,0,71.67
34.08,38.45,0.0,12.52,0,5,0,0,71.564
24.19,-72.22,2.92,23.81,3,10,0,0,64.322
12.19,45.06,1.44,36.8,2,11,0,0,40.388
15.93,-42.39,3.08,72.71,3,5,0,0,53.609
45.08,-74.04,1.87,86.45,1,2,0,1,103.509
43.36,-1.26,0.04,66.65,2,1,0,1,91.128
23.05,-48.59,11.12,71.86,6,8,1,0,45.524
20.8,-15.71,0.1,34.63,5,11,1,0,47.417
26.84,32.32,2.78,92.91,5,11,1,0,39.915
35.46,30.82,0.26,44.66,2,11,0,0,65.056
24.13,4.05,2.75,87.6,3,1,0,0,49.43
14.29,56.9,2.7,76.24,2,1,0,0,43.821
25.7,-15.07,2.27,41.22,2,12,0,0,60.874
20.86,-74.49,11.62,39.17,3,9,0,0,60.413
23.05,34.72,0.41,67.76,6,11,1,0,40.267
17.54,-49.02,0.0,89.94,5,12,1,0,39.106
34.4,-55.33,0.38,67.15,1,9,0,0,71.342
29.91,-70.2,0.74,82.88,6,5,1,0,71.511
21.21,-34.09,0.58,92.13,0,9,0,0,46.005
30.83,-34.34,5.26,38.05,0,8,0,0,68.508
28.75,-37.61,6.27,55.77,5,11,1,0,53.511
39.06,3.05,1.52,61.77,1,11,0,1,88.289
44.5,25.22,4.78,28.46,5,3,1,1,90.507
16.44,51.29,1.53,77.79,0,11,0,0,40.747
42.05,-66.83,3.85,32.25,1,9,0,1,105.005
35.96,-58.95,0.0,70.08,5,9,1,0,64.579
35.55,2.58,3.94,54.53,1,5,0,0,77.202
24.73,-66.26,1.35,81.12,3,6,0,0,70.543
23.69,-28.09,11.35,53.48,5,11,1,0,41.839
12.19,7.44,0.04,59.87,2,2,0,0,47.658
45.39,29.28,3.65,25.39,1,7,0,1,97.077
32.62,-49.54,2.37,78.7,5,12,1,0,68.007
25.68,13.52,1.56,44.18,4,10,0,0,47.16
30.49,10.42,0.18,59.28,6,2,1,0,56.845
13.38,40.35,3.32,81.91,4,3,0,0,44.514
17.9,-36.08,0.0,50.75,5,7,1,0,48.665
33.19,25.01,0.0,33.33,4,3,0,0,79.227
29.48,25.28,0.27,32.56,4,11,0,0,59.627
38.76,-46.51,0.07,58.14,2,11,0,1,92.71
34.4,6.96,0.2,34.75,6,12,1,0,59.919
32.45,14.52,2.64,38.78,5,5,1,0,67.189
39.72,-41.58,0.03,29.96,1,4,0,1,105.514
14.32,-16.75,5.78,47.93,6,7,1,0,38.484
35.49,-18.99,3.09,49.62,1,2,0,0,75.584
36.33,28.29,0.24,54.7,4,9,0,0,63.133
21.36,-79.9,0.71,60.39,6,11,1,0,58.127
18.65,-9.86,2.19,59.97,2,3,0,0,53.977
19.27,-54.19,0.0,41.22,1,3,0,0,67.033
18.74,10.56,9.86,86.56,6,4,1,0,35.894
29.81,15.25,0.22,53.49,5,10,1,0,51.127
16.61,-9.84,0.0,80.73,3,4,0,0,52.057
34.42,-4.12,8.07,57.38,6,9,1,0,55.548
15.57,-35.89,1.8,41.5,0,12,0,0,54.705
12.91,-36.13,0.0,72.79,3,6,0,0,51.136
22.86,24.32,3.1,25.04,1,2,0,0,58.064
18.52,-61.56,0.0,92.42,1,11,0,0,52.141
45.61,28.01,0.0,58.65,2,5,0,1,102.679
22.3,11.7,0.07,18.85,4,8,0,0,56.599
19.55,43.83,0.75,45.82,1,12,0,0,49.526
18.69,-43.58,0.0,70.57,3,11,0,0,48.809
24.71,-9.13,1.11,15.79,5,11,1,0,57.639
32.6,-74.54,2.0,32.22,1,5,0,0,86.894
38.59,47.75,0.66,88.57,0,9,0,1,75.386
24.4,14.55,0.0,40.28,5,5,1,0,53.078
33.28,7.2,3.32,23.53,2,7,0,0,68.922
28.39,22.58,0.67,18.36,1,5,0,0,77.895
40.78,-40.19,5.16,62.62,6,11,1,1,78.94
31.35,4.54,0.65,57.44,2,10,0,0,58.002
21.86,32.13,0.0,65.06,0,12,0,0,54.631
35.92,-67.36,1.01,91.43,2,4,0,0,87.242
39.88,54.23,5.46,15.11,4,12,0,1,90.556
27.82,44.86,4.65,26.8,2,3,0,0,68.46
45.56,54.82,3.54,29.88,6,8,1,1,81.235
41.89,33.17,1.04,46.3,4,3,0,1,95.236
18.7,-38.8,0.03,20.29,0,9,0,0,53.346
38.75,1.42,0.15,44.84,2,10,0,1,82.78
32.43,-63.18,0.0,79.38,2,10,0,0,68.185
30.18,25.58,0.53,23.91,1,4,0,0,72.261
29.47,-58.49,0.0,87.91,0,10,0,0,66.368
41.02,41.36,2.29,87.46,0,2,0,1,87.911
32.77,-46.32,1.4,53.6,4,9,0,0,68.934
30.28,-57.54,0.3,83.11,1,6,0,0,72.889
13.66,-70.07,3.49,70.48,2,3,0,0,59.443
27.24,19.59,0.0,40.32,0,12,0,0,62.257
42.87,-53.93,2.65,57.75,6,10,1,1,81.219
36.2,-52.33,2.63,19.91,6,2,1,0,78.563
13.73,-56.24,0.9,52.14,4,5,0,0,61.607
42.06,-37.19,4.94,80.55,2,9,0,1,89.218
40.11,51.77,2.41,59.75,4,3,0,1,93.652
30.59,-11.87,2.61,42.47,2,6,0,0,71.336
12.76,-43.48,7.84,66.4,6,2,1,0,38.791
31.12,-56.15,4.55,93.03,4,1,0,0,70.049
13.86,-77.35,1.38,15.74,0,3,0,0,73.672
22.89,-28.9,0.0,38.08,0,9,0,0,57.778
33.38,-64.59,0.0,23.25,5,7,1,0,73.857
43.04,-76.22,4.41,91.34,5,4,1,1,99.947
24.17,-65.58,2.19,56.4,5,3,1,0,63.143
41.24,-35.41,8.05,21.02,2,10,0,1,88.949
43.22,25.12,1.75,62.03,4,8,0,1,90.052
12.72,-70.62,2.84,52.54,1,11,0,0,49.295
20.14,15.01,8.33,15.04,4,12,0,0,54.086
36.14,6.88,2.49,83.48,2,8,0,0,62.074
37.73,43.48,1.46,70.28,0,1,0,0,69.136
25.34,-54.24,1.02,10.45,5,12,1,0,62.176
34.33,31.2,4.6,91.57,5,2,1,0,58.452
32.81,41.08,0.69,23.54,5,9,1,0,58.46
37.15,56.71,2.35,10.02,4,3,0,0,83.549
36.43,33.2,1.05,46.32,4,10,0,0,64.394
14.92,-62.67,8.07,21.97,5,10,1,0,47.097
17.38,52.6,0.77,58.46,3,10,0,0,37.653
16.51,34.1,2.97,36.47,6,4,1,0,43.381
43.7,-50.27,6.04,25.74,5,8,1,1,92.119
43.06,-56.87,2.46,93.75,3,3,0,1,100.518
39.11,51.1,0.02,38.28,4,11,0,1,84.589
15.97,-58.2,0.1,45.25,6,2,1,0,50.113
31.53,28.79,0.0,35.01,3,11,0,0,62.591
18.37,-23.26,2.06,81.14,0,2,0,0,56.519
24.53,21.33,1.48,26.73,5,4,1,0,56.567
21.08,-67.14,1.53,20.85,0,9,0,0,62.575
40.18,21.51,2.66,84.92,1,12,0,1,80.485
16.91,-8.33,0.0,25.59,2,9,0,0,52.614
33.97,46.05,3.16,82.92,0,5,0,0,73.679
45.45,-53.62,0.0,59.15,1,4,0,1,109.695
35.36,-64.69,0.0,79.99,1,8,0,0,77.736
14.69,-52.53,0.19,15.96,3,6,0,0,63.673
42.87,-69.0,0.0,91.91,6,3,1,1,100.893
33.86,57.22,0.4,35.48,1,8,0,0,68.483
27.51,-62.8,4.94,14.98,2,6,0,0,77.187
34.43,-51.88,7.78,75.02,4,12,0,0,74.17
41.89,33.36,0.0,25.17,4,1,0,1,92.594
28.22,-45.45,1.46,39.84,6,9,1,0,57.777
30.06,-48.88,2.83,60.55,3,10,0,0,69.324
27.38,14.12,0.0,15.83,5,10,1,0,53.823
14.47,-24.17,0.42,27.16,5,9,1,0,37.959
38.76,36.97,1.56,51.57,2,12,0,1,82.312
16.3,9.36,0.0,45.86,5,4,1,0,42.832
25.42,-39.65,1.12,57.39,6,5,1,0,65.704
25.15,3.71,0.0,71.93,0,12,0,0,51.267
21.52,41.3,0.84,40.0,5,1,1,0,49.871
25.69,-28.97,0.0,44.37,4,10,0,0,55.263
33.01,23.11,0.64,33.15,5,9,1,0,64.718
22.59,-21.78,0.0,38.87,3,8,0,0,54.302
17.87,-3.97,2.89,14.34,1,2,0,0,57.484
41.56,22.72,0.4,59.31,3,8,0,1,91.731
45.01,-71.53,0.03,24.69,4,6,0,1,112.808
27.59,-16.31,1.15,70.88,6,2,1,0,57.233
23.12,-66.67,3.43,13.59,0,9,0,0,66.572
13.61,21.5,0.0,15.09,1,10,0,0,45.488
13.25,5.09,0.52,34.2,1,7,0,0,50.707
25.36,-34.23,1.7,47.26,4,2,0,0,66.745
43.63,-69.32,0.48,68.96,0,5,0,1,115.695
36.84,49.61,4.65,68.84,6,7,1,0,59.58
23.88,-35.9,2.24,92.74,4,7,0,0,64.193
44.91,-41.45,9.99,39.89,6,8,1,1,84.065
26.58,-65.86,0.78,15.04,0,3,0,0,80.928
21.41,0.83,5.46,83.21,1,10,0,0,41.292
26.5,-42.81,0.18,72.1,3,1,0,0,61.945
19.19,38.0,3.82,15.79,5,12,1,0,46.138
42.11,15.59,0.06,17.08,4,5,0,1,101.699
24.28,-79.45,4.88,50.51,2,10,0,0,60.209
34.37,-0.81,0.92,39.04,2,1,0,0,68.247
25.23,-47.54,0.84,60.69,2,9,0,0,58.246
42.66,-77.85,0.67,28.63,2,12,0,1,109.622
33.84,6.71,2.22,91.54,4,12,0,0,61.576
28.6,-51.31,1.15,53.53,6,6,1,0,64.546
16.49,45.95,7.79,73.81,3,5,0,0,46.255
42.67,0.27,1.34,20.69,6,11,1,1,80.783
30.59,-50.71,8.66,62.44,2,8,0,0,71.152
21.69,57.08,0.88,83.54,6,12,1,0,37.587
41.85,-3.5,0.09,11.95,0,3,0,1,106.814
13.85,-56.83,2.32,55.9,5,6,1,0,48.22
22.68,-7.59,0.79,30.97,6,4,1,0,61.581
30.25,54.31,1.35,50.66,1,6,0,0,63.467
23.55,-20.61,1.2,79.36,4,11,0,0,54.402
28.21,-20.45,5.15,68.66,0,11,0,0,55.025
20.99,-15.44,1.72,74.13,5,8,1,0,49.253
16.42,-40.79,0.17,27.99,3,1,0,0,61.408
13.25,-57.35,1.32,80.76,2,6,0,0,49.096
17.36,1.05,1.62,62.19,6,6,1,0,38.53
44.4,45.19,1.53,15.89,6,9,1,1,86.208
31.56,23.0,3.18,83.33,1,4,0,0,69.055
28.62,-66.53,0.0,14.74,6,7,1,0,71.892
25.07,-23.88,0.0,12.45,1,10,0,0,62.533
36.09,-79.26,2.31,80.87,5,7,1,0,71.87
16.8,-36.89,0.0,11.11,5,11,1,0,51.012
21.39,13.71,8.34,17.52,3,4,0,0,57.54
34.3,-39.37,3.73,11.44,4,8,0,0,76.678
28.29,37.68,4.24,84.82,2,6,0,0,57.438
38.18,-13.17,0.0,13.8,2,5,0,1,97.981
42.5,13.68,2.73,41.68,3,6,0,1,94.303
39.99,43.74,0.86,28.44,6,7,1,1,80.657
18.26,15.59,1.36,39.04,3,7,0,0,53.729
15.11,45.63,3.83,34.7,4,7,0,0,42.78
17.76,33.13,2.03,85.47,4,12,0,0,43.829
38.64,-0.61,0.0,75.34,6,8,1,1,71.376
43.07,-38.39,7.63,85.23,6,7,1,1,83.014
43.47,-38.26,6.85,71.2,2,12,0,1,91.424
22.14,42.55,0.0,38.08,6,3,1,0,51.389
40.57,-72.46,2.51,25.8,3,3,0,1,114.7
30.23,51.8,2.46,55.03,0,2,0,0,66.225
39.97,-34.21,0.0,40.32,0,3,0,1,106.339
30.64,23.44,2.4,64.69,1,1,0,0,64.851
16.96,-33.8,0.18,13.31,2,3,0,0,64.615
14.69,53.46,1.32,70.6,2,8,0,0,37.076
44.55,-74.89,0.0,35.46,1,9,0,1,102.834
26.48,-30.54,2.19,49.29,1,8,0,0,66.32
23.92,41.44,4.04,93.18,0,11,0,0,48.079
24.11,-41.63,0.98,28.32,6,11,1,0,53.437
24.88,-41.41,0.03,20.0,1,4,0,0,74.24
44.13,45.83,0.0,27.83,4,3,0,1,108.547
14.13,36.28,0.0,39.88,3,6,0,0,48.088
16.05,-65.19,1.18,55.58,2,12,0,0,56.717
38.85,1.23,6.47,93.32,1,12,0,1,78.926
30.68,-48.72,4.66,83.94,0,3,0,0,70.033
16.37,-49.88,3.85,70.77,0,2,0,0,55.365
13.17,6.16,3.17,71.25,4,9,0,0,34.593
19.62,-62.66,0.28,34.12,3,11,0,0,63.559
20.87,-14.23,0.0,88.88,6,12,1,0,38.393
12.48,-44.18,0.0,55.86,1,12,0,0,44.41
19.35,39.55,2.36,23.81,6,4,1,0,46.087
37.1,-2.37,4.78,90.78,0,10,0,0,58.72
41.08,-49.88,6.15,53.05,5,9,1,1,78.611
42.54,49.71,5.71,23.22,6,5,1,1,91.552
25.26,35.21,2.34,72.49,1,1,0,0,58.046
22.86,-42.86,1.23,29.87,3,8,0,0,63.164
46.0,54.55,0.0,25.95,6,5,1,1,95.035
38.16,-42.52,3.9,32.75,5,4,1,1,95.931
30.27,-39.03,3.65,59.15,1,1,0,0,71.373
20.66,-25.97,6.49,34.87,1,2,0,0,56.926
22.92,-56.93,4.42,13.47,2,3,0,0,71.446
29.52,16.18,2.88,42.94,3,2,0,0,68.878
30.43,-1.97,0.26,29.92,2,12,0,0,65.883
12.47,45.22,0.17,53.47,0,1,0,0,47.371
44.62,-46.28,1.19,49.06,3,5,0,1,105.834
31.57,-56.17,6.74,16.64,2,12,0,0,71.705
32.03,-29.79,0.0,30.85,2,2,0,0,79.381
19.19,-59.54,0.61,33.93,5,8,1,0,51.297
38.01,52.46,3.35,51.2,2,4,0,1,87.26
37.07,20.44,4.4,79.89,6,4,1,0,61.388
15.24,31.47,0.66,28.58,0,6,0,0,53.669
32.23,24.73,3.37,23.45,3,7,0,0,74.244
34.38,-46.01,0.37,10.09,6,10,1,0,64.621
40.41,-60.31,0.46,61.55,2,8,0,1,96.888
19.01,-19.88,1.94,37.68,4,1,0,0,62.784
41.84,36.06,2.72,66.96,5,3,1,1,82.382
27.69,-33.73,5.53,68.66,2,8,0,0,62.147
15.28,-78.66,8.46,13.8,4,4,0,0,65.55
15.59,12.41,0.24,45.56,4,1,0,0,50.014
18.73,-51.99,0.55,92.28,3,7,0,0,63.388
21.61,-4.0,0.31,33.39,2,4,0,0,66.332
28.88,-77.92,0.22,55.01,3,11,0,0,72.202
37.46,-8.76,6.65,55.71,1,11,0,0,62.471
18.35,-24.89,0.11,32.15,3,2,0,0,60.504
45.75,43.26,0.65,76.24,2,10,0,1,85.7
17.49,21.05,0.05,10.31,2,11,0,0,45.414
32.38,-74.96,2.47,29.28,1,8,0,0,72.444
43.58,30.53,3.49,60.36,3,8,0,1,85.699
40.31,30.77,2.8,87.97,0,6,0,1,88.752
34.03,12.88,0.0,10.81,0,6,0,0,82.017
36.33,50.1,2.48,61.07,1,1,0,0,67.119
16.56,32.46,2.28,10.29,3,2,0,0,56.571
12.33,-49.35,0.49,62.94,1,9,0,0,40.997
26.76,-26.58,5.4,44.99,3,7,0,0,61.033
15.04,-31.01,6.77,46.93,1,3,0,0,47.291
24.16,-9.31,6.05,92.24,2,5,0,0,63.813
19.61,53.52,0.99,67.99,3,8,0,0,47.881
43.16,6.18,5.89,26.7,2,3,0,1,99.313
41.92,-36.19,2.78,94.77,0,3,0,1,100.33
39.84,51.81,1.6,31.82,4,11,0,1,94.43
36.27,18.04,0.0,68.3,1,6,0,0,71.526
17.24,-42.75,0.5,67.83,3,6,0,0,55.366
13.64,46.91,3.36,82.23,4,1,0,0,46.776
34.23,-31.81,1.08,43.9,0,1,0,0,72.894
33.84,-7.73,0.71,69.16,4,8,0,0,69.171
24.56,-12.91,0.11,63.2,2,4,0,0,65.086
28.07,49.31,2.64,47.1,3,4,0,0,68.967
28.63,-42.81,1.68,87.86,0,3,0,0,67.362
20.16,-33.34,2.9,31.41,3,10,0,0,62.519
22.68,12.42,3.56,29.06,2,12,0,0,52.814
26.23,44.13,0.89,63.58,1,4,0,0,62.197
32.51,-63.92,1.42,26.17,3,3,0,0,88.318
44.5,-50.62,0.0,80.55,4,10,0,1,92.954
30.31,52.72,2.26,38.87,2,7,0,0,66.703
36.86,28.82,0.2,45.79,4,10,0,0,63.15
39.44,-31.55,0.15,68.0,2,9,0,1,88.46
15.86,-29.93,1.4,85.23,5,10,1,0,32.795
34.21,-14.27,3.33,68.65,1,2,0,0,68.726
28.39,14.33,0.69,18.01,5,7,1,0,55.199
31.46,-1.45,2.46,38.74,2,6,0,0,72.679
13.31,28.66,0.55,73.76,3,11,0,0,36.231
42.81,-72.42,2.67,87.16,0,8,0,1,98.35
44.39,34.67,1.43,63.88,0,9,0,1,90.371
12.12,-71.87,0.0,60.67,6,11,1,0,44.945
19.23,43.34,0.69,42.23,0,9,0,0,46.122
18.13,-73.94,6.1,50.63,3,8,0,0,58.832
38.56,-62.1,3.84,46.74,3,7,0,1,95.297
32.33,-54.77,1.43,14.69,4,1,0,0,80.23
18.03,-48.77,0.2,11.86,0,9,0,0,63.793
39.68,-23.75,3.38,62.48,1,4,0,1,89.44
24.02,11.77,2.31,53.34,2,2,0,0,56.396
27.67,44.96,2.68,30.82,6,5,1,0,58.005
25.17,-6.57,0.0,85.88,2,5,0,0,62.634
29.73,-5.45,1.7,27.56,3,5,0,0,76.425
28.32,-35.3,5.17,69.54,4,4,0,0,64.705
21.34,32.1,1.07,77.01,2,12,0,0,52.635
26.43,-64.53,0.28,81.42,5,11,1,0,56.664
42.88,-37.85,3.7,81.36,4,1,0,1,93.957
29.1,-66.42,0.36,77.51,3,6,0,0,70.619
43.16,-50.01,0.47,48.91,2,4,0,1,107.075
30.7,2.12,2.97,63.03,1,11,0,0,60.595
38.14,-62.37,1.4,82.91,6,6,1,1,88.353
21.98,-65.91,0.13,45.72,0,8,0,0,65.608
38.87,35.63,0.59,67.02,1,2,0,1,86.632
20.99,-63.44,2.88,23.56,1,9,0,0,64.698
12.66,5.13,3.37,58.0,5,6,1,0,36.371
17.46,-30.72,0.33,21.99,4,11,0,0,53.238
12.74,45.49,0.0,66.12,6,2,1,0,36.307
44.2,19.06,0.0,42.03,5,4,1,1,91.822
46.0,-71.68,0.72,29.37,3,11,0,1,104.477
37.92,45.37,0.58,40.66,0,3,0,0,76.338
15.68,-22.05,1.88,69.62,6,4,1,0,43.529
42.56,-38.25,0.97,87.18,4,4,0,1,95.479
37.29,14.19,0.23,10.96,0,7,0,0,80.596
23.3,20.52,6.0,24.27,6,1,1,0,45.343
29.08,-37.54,0.22,69.99,4,8,0,0,63.824
34.5,-30.77,0.61,58.34,4,10,0,0,68.158
12.82,-58.11,0.31,37.13,2,4,0,0,60.407
29.05,3.08,0.07,65.4,2,3,0,0,63.359
36.9,53.97,0.1,83.71,2,5,0,0,74.643
18.4,-21.67,0.0,31.93,0,8,0,0,61.874
27.09,59.47,0.0,51.28,3,7,0,0,64.311
30.11,-55.3,0.34,11.77,0,8,0,0,81.676
37.01,31.45,0.0,90.41,4,10,0,0,57.956
44.79,49.94,0.48,78.14,1,12,0,1,88.658
40.84,16.33,4.79,52.93,4,6,0,1,90.749
33.13,-64.69,0.0,94.32,2,10,0,0,73.399
31.84,-34.28,0.07,28.72,1,6,0,0,81.638
32.51,-68.01,10.19,73.24,1,2,0,0,74.108
30.54,4.24,2.89,75.41,2,8,0,0,50.557
14.02,59.74,4.49,80.62,0,12,0,0,34.869
35.74,-27.53,0.0,68.23,1,6,0,0,79.297
36.36,-57.19,0.0,26.2,3,7,0,0,84.332
29.42,-42.39,4.39,17.76,4,9,0,0,67.776
41.59,-0.09,0.0,25.33,3,10,0,1,91.172
34.86,-0.35,3.75,82.96,0,1,0,0,69.361
24.33,-47.83,0.0,44.17,5,1,1,0,56.896
12.67,25.1,2.71,56.42,2,6,0,0,47.6
14.01,-67.68,1.85,12.16,4,2,0,0,70.377
23.96,7.23,4.38,51.77,6,12,1,0,47.401
27.71,-20.4,0.0,44.79,0,9,0,0,60.871
17.67,-62.2,0.0,55.44,6,8,1,0,49.711
18.44,8.81,0.28,41.9,6,8,1,0,42.324
19.83,14.23,0.94,16.41,3,6,0,0,59.78
38.54,-18.4,0.0,13.74,0,1,0,1,96.784
38.22,31.72,2.24,90.73,1,10,0,1,70.702
25.02,-8.7,2.71,61.32,1,6,0,0,58.118
17.86,-39.99,1.06,64.69,4,5,0,0,58.765
15.77,53.5,0.93,87.81,4,6,0,0,42.452
14.96,52.17,0.52,56.82,3,6,0,0,49.854
25.3,-66.61,1.16,62.32,2,12,0,0,69.148
13.55,52.45,0.0,54.46,0,3,0,0,50.5
23.34,28.57,3.31,24.96,6,3,1,0,47.074
44.69,-65.07,0.4,36.48,6,2,1,1,102.033
29.26,-7.29,5.93,85.17,0,8,0,0,56.953
39.97,-75.11,0.0,47.73,2,1,0,1,104.818
16.4,2.44,2.14,27.35,6,10,1,0,32.988
21.11,50.65,2.45,80.38,2,9,0,0,40.637
44.18,-28.45,0.0,17.42,4,9,0,1,101.881
25.04,-8.79,8.56,64.36,3,6,0,0,58.472
34.05,-48.14,4.51,69.51,4,5,0,0,76.41
45.19,-4.27,2.04,35.82,6,12,1,1,80.409
30.73,32.36,6.21,24.19,2,10,0,0,60.132
22.38,-49.86,1.79,48.1,5,3,1,0,58.383
30.09,-2.51,3.17,74.18,3,4,0,0,68.03
13.86,-30.35,0.13,85.37,1,3,0,0,53.187
15.82,24.7,0.0,79.3,0,6,0,0,55.923
12.24,18.29,5.13,19.31,5,8,1,0,33.791
42.06,17.83,0.68,28.94,4,3,0,1,106.527
34.82,-27.11,2.5,62.44,6,1,1,0,63.218
22.14,3.9,0.0,70.34,1,5,0,0,56.486
19.52,11.15,0.51,10.74,4,7,0,0,53.899
35.22,15.31,2.55,22.12,0,9,0,0,66.046
43.26,0.54,1.51,17.99,0,2,0,1,102.74
22.17,41.35,0.0,38.99,4,9,0,0,52.434
22.93,-45.17,1.22,67.87,3,2,0,0,59.203
41.04,-72.19,2.48,90.17,4,4,0,1,107.677
42.37,54.75,1.35,17.61,5,7,1,1,92.699
43.08,-71.5,0.8,53.02,5,2,1,1,94.788
21.97,46.41,5.16,41.66,1,7,0,0,57.061
16.09,5.72,0.0,43.86,1,1,0,0,55.027
26.96,48.62,2.88,15.78,3,3,0,0,63.377
22.06,-0.91,0.25,34.51,6,7,1,0,46.656
42.05,34.94,0.91,31.46,4,4,0,1,97.767
13.25,20.98,9.3,71.06,1,6,0,0,44.109
33.55,-6.48,0.0,64.56,4,4,0,0,73.078
42.81,-29.13,12.53,64.09,2,7,0,1,88.838
45.21,-79.6,0.64,54.14,0,2,0,1,115.414
34.1,-44.87,0.0,39.08,4,2,0,0,86.999
44.3,53.25,0.03,30.72,1,12,0,1,94.442
14.57,-41.44,0.91,10.96,5,4,1,0,54.993
24.22,25.26,0.0,22.57,3,9,0,0,55.433
12.3,-8.81,2.66,28.69,3,1,0,0,49.327
45.36,-36.81,1.71,92.92,1,2,0,1,95.835
42.69,58.75,0.41,92.49,2,10,0,1,82.117
12.95,-73.42,0.0,75.25,2,5,0,0,57.678
12.62,1.49,1.43,61.88,4,4,0,0,44.848
24.48,-15.39,0.01,66.85,2,3,0,0,58.267
20.79,-69.29,3.57,61.05,0,4,0,0,69.044
40.8,-50.03,3.57,64.98,0,3,0,1,106.405
17.46,17.19,5.26,28.64,1,10,0,0,37.8
38.88,-64.83,0.0,93.02,3,12,0,1,94.359
30.85,32.14,1.33,74.31,2,1,0,0,60.152
24.83,7.51,4.48,29.91,6,2,1,0,49.002
16.95,-65.88,3.67,53.66,1,8,0,0,57.397
45.92,-39.85,0.79,77.08,2,11,0,1,99.697
33.01,-60.8,0.0,87.45,2,4,0,0,85.606
26.94,31.66,0.45,42.63,1,11,0,0,57.731
24.62,-5.39,2.07,51.12,6,1,1,0,48.684
42.79,-79.6,2.72,36.34,1,9,0,1,104.141
39.92,-3.99,0.71,42.01,0,12,0,1,97.722
39.58,-12.41,2.03,29.36,3,6,0,1,95.577
32.95,10.03,5.42,12.54,4,8,0,0,70.438
42.19,-75.12,0.21,45.39,3,4,0,1,110.981
22.18,-75.04,0.0,50.0,2,10,0,0,60.751
35.93,-31.09,1.86,76.29,6,10,1,0,63.294
25.75,16.4,0.0,54.42,2,10,0,0,53.492
32.4,13.32,0.13,37.74,4,11,0,0,64.583
45.94,-41.04,0.26,49.38,5,1,1,1,97.997
45.47,-49.75,2.08,77.67,2,7,0,1,98.326
29.43,15.64,0.77,50.88,3,7,0,0,62.312
31.51,-76.2,6.89,57.19,2,1,0,0,73.65
42.51,-2.05,0.0,24.7,4,10,0,1,91.753
45.51,-20.63,1.41,10.65,3,3,0,1,110.768
38.47,-46.53,1.16,89.02,5,6,1,1,84.477
14.22,-7.16,2.27,32.78,1,1,0,0,55.346
22.97,-49.6,0.46,39.54,1,10,0,0,60.655
42.48,-0.99,2.58,19.76,2,3,0,1,101.172
38.12,-59.14,0.0,53.6,4,7,0,1,102.755
37.24,-23.2,0.0,72.65,1,7,0,0,71.88
34.71,-8.54,2.37,68.32,6,2,1,0,60.183
26.12,-75.56,0.67,82.73,3,11,0,0,65.458
25.71,5.5,0.64,34.36,5,1,1,0,48.467
39.5,25.04,0.0,36.75,3,8,0,1,87.66
21.99,53.85,1.44,92.07,2,3,0,0,61.604
35.28,-51.56,0.0,48.81,5,8,1,0,74.954
36.69,-50.78,1.8,80.93,1,3,0,0,85.101
40.71,-37.32,1.17,61.98,1,9,0,1,94.449
22.88,44.71,0.0,25.37,5,7,1,0,52.942
37.22,-23.04,2.81,91.38,6,8,1,0,56.961
15.62,-37.75,0.03,37.58,2,12,0,0,58.892
16.69,23.77,0.46,64.55,3,6,0,0,47.564
26.19,-74.68,4.38,31.63,3,10,0,0,70.855
13.88,-3.17,1.8,58.93,5,10,1,0,28.938
44.22,-16.97,2.33,55.99,3,4,0,1,100.87
42.66,7.48,0.79,32.19,4,4,0,1,102.891
13.66,22.35,6.45,94.05,4,9,0,0,38.592
40.5,-34.5,5.71,21.96,5,12,1,1,90.684
29.3,9.1,0.85,47.66,0,1,0,0,66.192
35.87,-6.59,0.1,12.67,4,2,0,0,80.46
42.16,-61.24,0.32,68.03,1,3,0,1,109.26
31.62,43.44,1.27,49.28,0,8,0,0,68.717
15.96,25.64,0.7,57.61,5,6,1,0,36.517
12.09,49.03,0.0,69.37,2,7,0,0,41.57
28.9,20.86,1.76,74.94,5,4,1,0,54.002
44.27,-45.73,0.83,92.1,6,6,1,1,90.838
31.47,-19.73,4.98,83.44,0,10,0,0,54.563
24.68,-25.84,0.58,37.52,3,6,0,0,61.831
13.05,-74.98,1.86,71.82,0,5,0,0,57.44
43.11,-22.52,2.39,16.46,5,1,1,1,90.667
23.12,-31.62,3.82,21.58,6,5,1,0,61.564
35.96,-79.45,4.6,49.07,6,10,1,0,65.536
35.6,38.6,0.02,49.07,6,2,1,0,62.174
20.63,-59.86,5.5,52.99,2,5,0,0,67.979
14.17,-9.87,2.1,50.39,1,4,0,0,54.186
25.09,29.85,1.17,64.52,6,6,1,0,55.813
22.78,4.63,2.0,91.12,4,10,0,0,47.555
35.81,-56.29,0.0,24.68,2,11,0,0,76.272
39.87,6.55,0.97,40.38,1,5,0,1,93.925
19.56,26.06,1.13,16.31,0,7,0,0,59.909
29.96,39.67,0.0,27.0,0,10,0,0,59.977
13.38,-35.39,1.25,93.92,4,11,0,0,39.963
19.28,-75.25,0.53,13.36,1,8,0,0,61.755
37.9,5.11,0.0,28.16,5,2,1,0,67.124
38.98,-48.39,0.0,46.25,5,5,1,1,99.308
38.4,29.33,0.04,34.88,3,4,0,1,96.883
16.84,15.18,0.0,56.34,2,9,0,0,41.797
30.74,28.25,1.16,94.19,1,3,0,0,63.437
26.37,55.45,0.0,69.83,1,1,0,0,63.837
45.71,1.84,0.0,44.5,4,11,0,1,90.329
34.24,46.6,0.0,68.05,5,2,1,0,63.823
43.8,9.87,4.07,84.14,5,10,1,1,76.921
16.94,-54.56,4.79,29.47,6,12,1,0,51.659
27.33,31.9,0.86,70.94,4,11,0,0,50.922
38.23,17.12,1.5,62.19,3,6,0,1,84.602
24.51,56.91,2.93,72.37,2,7,0,0,50.755
33.51,-45.92,5.5,17.15,2,9,0,0,75.257
29.4,-33.36,1.07,72.3,2,3,0,0,78.52
45.73,35.01,0.47,76.98,6,6,1,1,89.439
17.91,-71.2,0.54,68.41,3,5,0,0,64.391
43.8,8.65,2.09,26.77,1,4,0,1,106.21
25.65,-5.03,3.69,23.71,1,7,0,0,60.433
27.91,-56.36,6.38,72.76,0,6,0,0,67.941
29.97,-56.88,3.03,65.06,5,1,1,0,62.276
21.02,33.43,1.22,93.61,1,2,0,0,49.814
44.76,-77.84,2.94,48.65,0,8,0,1,104.386
42.99,24.56,1.92,29.49,2,7,0,1,99.153
45.08,22.57,0.0,75.43,3,11,0,1,86.343
45.9,10.96,9.32,73.62,6,1,1,1,74.642
34.77,-22.67,0.26,54.43,6,4,1,0,72.167
27.36,-76.04,0.71,73.41,1,5,0,0,74.489
40.92,32.25,1.16,36.4,3,9,0,1,84.308
12.81,-62.4,2.68,28.34,5,6,1,0,54.435
40.37,-40.69,0.01,20.72,5,6,1,1,94.034
28.91,52.55,0.0,34.69,3,12,0,0,61.032
34.89,-37.74,0.68,65.64,1,1,0,0,75.203
24.72,-44.28,4.19,31.97,5,11,1,0,52.244
24.53,56.27,0.0,85.09,3,4,0,0,59.029
13.08,-67.97,0.62,31.23,1,1,0,0,52.088
26.41,-57.5,0.05,68.18,4,7,0,0,68.361
25.88,-18.64,1.54,54.84,6,3,1,0,62.95
19.64,30.27,5.69,27.98,6,9,1,0,39.823
20.41,43.81,0.73,57.28,6,10,1,0,35.895
31.86,25.79,0.88,91.15,4,5,0,0,68.32
22.8,56.66,0.69,90.26,5,10,1,0,39.121
40.23,-77.64,0.4,34.79,1,3,0,1,108.747
15.79,6.73,2.1,55.6,2,5,0,0,55.946
31.64,-63.71,0.77,22.82,1,1,0,0,81.614
17.44,47.45,0.83,49.87,0,8,0,0,47.218
29.96,50.94,4.86,37.33,5,9,1,0,55.293
30.79,-37.58,11.59,89.01,3,10,0,0,48.892
33.84,35.88,6.71,63.78,3,5,0,0,65.404
26.53,8.24,0.0,25.72,0,11,0,0,61.883
29.32,-65.93,1.3,94.35,1,8,0,0,69.11
18.15,4.39,0.1,69.0,0,7,0,0,55.408
27.74,56.65,0.41,21.45,3,3,0,0,63.48
24.68,-36.87,4.64,77.96,4,11,0,0,57.064
34.65,-79.84,3.83,57.39,0,10,0,0,72.84
26.78,56.75,0.81,44.02,4,11,0,0,57.619
38.5,-22.04,0.6,26.69,0,5,0,1,101.297
26.48,-19.67,0.73,33.62,5,7,1,0,60.378
20.02,19.77,1.8,24.22,6,1,1,0,45.271
21.31,4.61,0.87,78.29,4,8,0,0,51.262
13.54,-37.72,0.0,33.2,3,7,0,0,52.126
30.36,-66.0,1.86,49.95,5,10,1,0,61.613
40.25,35.83,0.0,92.27,1,9,0,1,81.035
38.15,-12.33,2.19,94.54,6,12,1,1,76.809
26.88,14.15,0.61,77.26,6,12,1,0,47.876
18.67,40.47,5.72,77.91,4,3,0,0,51.223
41.36,-77.52,1.68,90.31,6,12,1,1,89.702
13.93,40.31,4.93,77.73,2,1,0,0,43.859
25.57,25.25,0.0,48.33,6,6,1,0,54.708
41.12,52.56,0.11,15.13,0,12,0,1,90.737
25.37,-47.3,0.98,27.71,5,8,1,0,60.933
16.01,-34.86,2.98,47.79,2,12,0,0,50.618
21.04,12.61,1.54,32.56,6,7,1,0,45.217
32.4,49.61,1.49,37.98,3,9,0,0,60.576
17.17,58.97,1.61,15.01,1,7,0,0,55.312
34.27,-21.66,2.69,56.93,2,12,0,0,70.034
26.9,-4.51,0.0,39.88,6,2,1,0,53.8
23.37,-56.12,0.0,32.0,5,5,1,0,62.893
20.19,17.16,2.51,61.88,2,9,0,0,51.671
39.99,37.23,0.0,33.53,1,6,0,1,98.123
25.49,31.81,0.0,50.48,0,12,0,0,58.128
37.11,-31.58,3.13,30.94,0,7,0,0,82.463
26.97,54.86,1.03,67.84,0,2,0,0,61.412
15.12,-63.15,3.63,82.6,2,8,0,0,49.698
26.98,-10.84,1.16,16.95,1,4,0,0,72.774
29.26,-2.36,0.94,79.69,0,6,0,0,67.681
27.57,-4.89,0.0,82.39,5,1,1,0,46.272
39.75,26.1,0.0,92.02,6,11,1,1,67.112
42.97,5.35,3.06,80.37,6,5,1,1,80.264
38.75,-69.2,0.0,56.95,5,10,1,1,89.015
31.81,-54.82,0.52,15.97,0,6,0,0,84.528
30.41,-5.49,1.32,16.33,1,12,0,0,63.741
33.92,17.24,2.11,26.72,5,5,1,0,67.223
21.79,-8.02,3.11,48.0,0,2,0,0,57.603
39.6,-30.23,0.0,91.21,5,6,1,1,80.548
41.13,-72.84,4.2,24.91,0,1,0,1,110.748
21.09,30.02,0.28,55.8,0,10,0,0,48.52
42.7,-10.39,8.0,94.84,5,12,1,1,78.396
40.86,-4.57,0.0,11.17,5,3,1,1,89.127
26.43,-14.35,0.0,13.99,0,1,0,0,70.514
42.91,-42.85,0.16,32.94,0,10,0,1,94.001
16.09,-41.31,0.0,29.14,6,9,1,0,51.977
12.95,-71.11,0.0,52.38,1,10,0,0,46.274
23.83,19.06,10.91,45.74,6,7,1,0,48.562
31.22,-41.94,0.15,59.61,3,7,0,0,72.56
23.95,-38.2,0.0,22.5,6,4,1,0,64.033
44.03,59.09,0.0,68.3,6,4,1,1,91.225
20.66,-25.99,4.18,28.25,4,8,0,0,53.149
21.56,-8.5,0.0,48.42,0,12,0,0,57.628
33.58,-25.89,5.18,12.83,6,4,1,0,74.538
12.13,-39.37,0.06,77.82,2,5,0,0,53.304
36.74,-79.18,0.43,63.3,1,8,0,0,82.868
24.83,39.68,8.62,27.75,4,1,0,0,63.065
45.24,-13.76,2.13,61.15,2,8,0,1,95.479
35.51,20.78,4.33,47.15,5,2,1,0,61.392
13.78,54.21,0.9,80.23,1,9,0,0,39.322
15.15,-79.6,0.0,93.62,6,11,1,0,40.499
15.0,14.51,0.44,20.58,0,11,0,0,44.599
44.39,-63.39,0.3,51.66,3,2,0,1,111.134
35.26,-15.88,1.39,31.93,6,8,1,0,59.481
26.54,38.55,0.85,73.72,5,6,1,0,52.454
18.82,-69.99,2.16,12.93,5,6,1,0,64.753
41.7,58.55,0.27,56.29,4,9,0,1,92.372
18.85,1.32,1.06,82.85,3,12,0,0,46.598
36.03,-24.7,2.14,43.09,1,7,0,0,71.224
37.95,-77.27,0.82,81.22,2,7,0,0,79.555
22.02,2.16,0.61,22.49,4,8,0,0,61.212
29.17,-10.72,3.2,88.06,2,7,0,0,57.513
19.58,-49.86,1.95,77.27,2,5,0,0,57.891
24.88,-11.34,2.8,43.24,4,10,0,0,51.111
44.81,-78.21,2.16,21.1,4,8,0,1,111.834
35.57,59.93,0.0,54.24,3,7,0,0,71.154
40.78,-33.5,0.75,66.99,1,1,0,1,96.952
30.38,-12.77,0.94,20.96,1,4,0,0,76.497
20.13,29.87,1.39,89.32,1,4,0,0,50.533
36.24,19.79,5.16,74.83,2,8,0,0,57.539
29.02,44.4,0.69,90.89,6,2,1,0,49.316
18.01,51.79,0.82,35.44,2,5,0,0,57.998
26.02,-53.52,0.25,46.84,6,6,1,0,59.914
33.58,-25.34,4.55,30.41,3,9,0,0,71.381
37.0,16.15,5.58,33.27,3,2,0,0,71.692
20.27,-73.7,3.3,22.35,1,8,0,0,60.194
41.78,20.37,0.85,20.65,5,7,1,1,87.208
24.9,-79.32,3.0,67.02,5,9,1,0,58.563
21.22,47.97,0.6,23.34,6,3,1,0,58.141
18.63,20.54,3.76,21.34,5,8,1,0,36.742
39.34,-0.83,2.94,55.44,0,5,0,1,98.477
24.04,-19.95,4.08,69.84,6,4,1,0,54.106
28.44,58.32,0.02,76.13,4,1,0,0,57.966
19.58,23.11,0.58,59.32,3,5,0,0,58.848
35.33,33.02,2.65,27.13,1,6,0,0,79.651
38.56,35.55,4.66,58.72,3,1,0,1,79.755
23.54,-76.94,5.7,63.19,5,10,1,0,50.925
44.13,-72.34,1.39,31.94,4,9,0,1,102.638
13.04,-52.23,0.56,22.28,0,4,0,0,67.018
16.52,11.73,0.64,88.68,5,1,1,0,40.774
32.02,7.35,3.49,18.16,5,9,1,0,55.863
35.85,-34.48,0.0,33.56,4,1,0,0,78.869
20.52,56.22,0.0,29.67,1,6,0,0,60.866
30.84,-66.97,0.0,85.82,2,3,0,0,78.065
22.83,28.74,2.6,52.67,3,3,0,0,53.15
30.84,-12.68,0.0,91.31,6,10,1,0,49.344
34.42,-21.36,0.0,80.4,5,4,1,0,71.031
45.08,-76.42,2.96,74.16,0,3,0,1,115.297
27.49,21.89,0.0,25.03,0,4,0,0,68.515
34.04,28.02,0.19,39.27,0,2,0,0,76.873
31.65,-35.35,0.17,79.72,6,9,1,0,59.709
22.8,-7.63,9.23,93.6,6,6,1,0,49.28
20.6,4.9,0.13,84.62,1,3,0,0,56.598
45.59,-28.53,0.17,90.62,6,4,1,1,96.64
19.03,6.18,0.0,64.56,3,12,0,0,44.365
38.87,-19.22,2.52,51.04,2,7,0,1,87.455
16.98,42.93,3.81,53.75,5,9,1,0,37.047
39.35,20.59,1.02,48.97,0,11,0,1,78.702
18.31,-64.53,0.46,23.16,0,5,0,0,72.937
44.88,31.94,0.0,35.99,1,5,0,1,107.471
35.32,-32.75,0.0,17.68,4,12,0,0,80.075
15.06,50.98,0.42,17.53,5,7,1,0,45.351
35.57,4.47,5.47,36.51,3,3,0,0,74.951
32.52,-76.14,0.0,66.62,3,11,0,0,73.004
23.48,22.81,7.44,62.17,4,10,0,0,52.742
20.87,-61.7,0.0,57.55,0,5,0,0,74.938
36.44,42.82,11.21,73.66,4,4,0,0,72.005
37.21,52.77,0.0,45.93,5,8,1,0,62.465
23.12,17.34,0.23,47.58,2,7,0,0,55.289
41.79,-5.4,2.36,54.03,4,3,0,1,100.302
21.14,4.29,1.06,15.66,2,1,0,0,57.268
14.38,-19.96,0.62,59.44,6,10,1,0,33.803
32.4,-68.3,15.86,73.77,1,11,0,0,65.149
15.64,50.04,7.65,32.41,0,11,0,0,42.966
21.41,-33.91,1.61,82.66,6,5,1,0,56.974
29.24,-36.2,0.24,32.63,3,9,0,0,63.079
21.74,-53.21,1.95,53.62,2,8,0,0,60.684
19.31,58.94,0.07,84.33,5,4,1,0,52.993
35.91,51.96,0.54,72.74,1,12,0,0,68.539
30.6,-31.08,1.5,58.97,2,5,0,0,73.845
40.55,-43.6,1.53,62.93,0,1,0,1,100.244
31.76,32.75,1.02,19.26,3,2,0,0,72.901
28.44,-20.83,6.08,69.44,5,12,1,0,54.566
20.88,55.49,0.13,62.01,6,1,1,0,46.031
38.93,46.17,1.75,17.19,3,7,0,1,89.374
18.69,26.32,1.02,20.57,0,6,0,0,59.83
20.24,-67.41,0.68,92.54,1,10,0,0,55.664
40.61,18.3,0.0,25.14,1,10,0,1,89.587
37.2,58.22,1.15,86.14,6,6,1,0,62.733
32.84,-27.74,1.2,33.45,4,8,0,0,73.291
13.32,43.42,8.08,43.67,6,10,1,0,27.88
16.33,-22.86,2.04,57.22,5,10,1,0,34.692
29.0,55.99,0.54,63.2,6,11,1,0,45.712
37.38,11.5,2.04,52.31,1,9,0,0,65.973
27.78,-66.49,0.0,39.62,3,5,0,0,81.062
12.59,-12.93,0.47,52.39,0,7,0,0,47.054
18.27,-73.04,0.39,69.56,2,9,0,0,60.324
32.02,-24.69,1.47,43.7,2,4,0,0,74.541
35.6,48.15,3.54,56.35,1,12,0,0,60.085
13.14,-47.49,2.8,42.23,0,6,0,0,63.944
13.47,53.08,1.0,38.04,2,10,0,0,38.162
20.88,-66.01,1.9,35.4,0,7,0,0,71.725
14.84,13.07,0.0,29.04,4,12,0,0,48.928
30.43,55.2,0.08,74.67,1,9,0,0,54.687
16.21,11.58,1.91,93.63,1,9,0,0,37.129
34.04,45.86,0.0,12.46,0,10,0,0,68.347
38.43,58.74,0.2,26.67,3,4,0,1,98.422
45.0,9.86,1.35,91.96,1,5,0,1,93.111
44.25,29.52,0.47,39.05,4,10,0,1,89.771
21.29,-75.52,0.16,43.06,6,6,1,0,62.609
13.0,-20.18,0.7,66.35,5,8,1,0,38.86
23.2,-39.64,0.61,39.98,0,7,0,0,64.967
36.09,35.39,0.0,51.88,0,1,0,0,69.754
14.03,14.86,0.0,86.56,6,6,1,0,33.908
24.23,6.02,3.34,58.01,6,3,1,0,52.338
22.13,50.42,6.14,66.68,2,2,0,0,47.806
19.46,-67.56,5.23,28.45,3,4,0,0,74.477
36.01,53.54,0.0,32.22,2,4,0,0,80.006
34.41,-65.89,4.31,85.78,4,9,0,0,71.355
30.21,-31.42,0.0,87.99,1,4,0,0,72.935
42.97,8.24,0.15,78.59,6,10,1,1,72.663
15.51,-32.19,1.02,20.38,2,3,0,0,58.754
17.09,15.56,2.33,79.58,1,10,0,0,36.979
25.04,28.56,0.0,11.63,2,7,0,0,58.977
34.3,35.99,1.96,60.71,6,1,1,0,59.095
31.86,-54.89,3.03,67.4,2,2,0,0,75.644
14.52,-54.51,0.0,46.24,5,1,1,0,44.148
44.59,-72.68,0.94,50.73,5,5,1,1,103.073
22.37,-11.28,2.37,73.06,6,4,1,0,52.673
24.21,-60.75,0.0,86.06,1,1,0,0,68.979
33.2,-35.4,9.94,26.09,2,9,0,0,63.052
44.14,37.66,0.0,21.77,5,11,1,1,91.964
34.53,52.81,0.0,63.55,0,11,0,0,61.419
44.46,35.09,7.49,29.61,0,2,0,1,92.603
18.38,-79.91,0.0,26.51,0,11,0,0,70.365
33.04,-0.48,5.01,27.3,0,6,0,0,69.322
40.18,-56.67,1.44,26.73,5,3,1,1,104.581
29.31,-27.4,0.77,50.56,2,2,0,0,69.416
24.31,-20.09,8.11,91.97,0,10,0,0,46.745
45.48,52.01,4.55,80.39,4,4,0,1,92.378
16.79,8.72,2.45,56.18,2,8,0,0,48.713
25.97,-42.53,0.56,16.9,0,7,0,0,76.432
41.69,9.99,5.78,67.2,6,12,1,1,72.494
42.62,53.26,0.0,48.35,4,9,0,1,88.171
45.33,-71.72,0.97,76.16,3,10,0,1,101.89
42.08,34.24,0.63,51.99,6,6,1,1,84.206
13.73,-49.63,0.0,66.8,1,7,0,0,57.476
43.61,-58.56,4.12,27.0,4,2,0,1,108.251
26.56,45.84,0.0,80.82,5,10,1,0,41.28
34.16,-79.74,0.66,76.25,0,10,0,0,70.656
25.41,23.75,0.52,41.79,1,4,0,0,62.175
39.66,-67.79,2.6,91.91,0,2,0,1,101.842
31.58,6.52,0.72,23.63,3,10,0,0,64.243
40.75,6.93,0.32,11.7,4,10,0,1,92.292
18.59,40.79,0.18,74.87,1,10,0,0,40.892
18.29,35.16,2.06,61.05,0,1,0,0,44.921
26.97,15.92,0.03,19.43,3,11,0,0,58.285
12.16,-26.72,3.52,23.56,2,5,0,0,62.152
35.56,-56.7,0.0,21.12,0,3,0,0,88.271
22.07,9.0,0.78,24.18,4,7,0,0,58.327
30.95,-10.42,2.17,49.22,5,11,1,0,45.546
14.38,-69.09,1.92,14.33,2,10,0,0,54.934
17.8,53.78,1.57,54.15,2,3,0,0,53.383
33.18,-35.98,0.31,61.46,1,12,0,0,71.546
22.39,-79.7,1.84,71.83,2,10,0,0,59.847
19.3,46.24,4.03,90.41,3,12,0,0,37.669
19.78,0.79,2.87,17.01,6,12,1,0,40.903
19.3,22.63,0.92,12.99,1,7,0,0,55.88
33.18,-58.63,1.53,21.83,5,1,1,0,70.155
17.7,-23.36,0.0,38.67,3,1,0,0,53.597
24.33,10.31,1.35,54.66,3,8,0,0,57.3
35.39,-44.86,0.0,10.36,2,2,0,0,84.929
29.46,18.21,0.42,68.85,6,8,1,0,50.701
32.31,-47.29,3.75,91.34,0,2,0,0,72.679
20.53,-50.72,0.62,31.23,1,10,0,0,55.117
43.71,-78.37,1.69,10.75,2,4,0,1,117.493
26.07,-40.53,0.8,74.03,4,2,0,0,68.286
21.76,-45.46,0.61,75.45,2,5,0,0,70.967
42.75,27.01,3.87,13.7,6,11,1,1,78.622
34.28,-0.24,5.54,62.47,1,7,0,0,65.047
32.87,-55.1,0.52,30.64,3,12,0,0,80.071
42.15,-0.46,0.24,63.79,3,4,0,1,101.204
13.99,-48.44,0.26,71.74,2,9,0,0,45.185
40.48,-20.43,1.23,28.93,0,3,0,1,102.38
35.05,44.35,2.87,32.16,5,6,1,0,69.529
24.24,20.7,2.96,61.98,1,5,0,0,62.042
20.72,11.15,0.35,59.49,0,8,0,0,54.396
15.56,-40.59,0.0,85.32,3,9,0,0,49.918
44.0,-62.56,0.27,53.38,1,1,0,1,107.474
16.83,25.41,2.71,77.98,4,9,0,0,40.164
20.82,-0.5,1.99,72.22,5,10,1,0,34.226
35.5,7.19,3.73,66.58,1,5,0,0,71.595
36.15,56.52,7.93,26.3,0,1,0,0,71.082
17.47,-31.24,0.0,33.49,0,6,0,0,66.126
39.68,32.1,0.67,58.18,0,4,0,1,96.447
29.35,-1.75,2.16,15.61,3,10,0,0,62.001
40.85,-47.06,3.04,13.83,2,2,0,1,102.336
14.97,-72.6,1.78,14.23,5,4,1,0,65.545
13.46,6.24,3.69,88.31,2,9,0,0,31.596
33.66,-38.33,0.0,68.55,4,12,0,0,69.869
17.1,17.37,0.0,81.12,3,8,0,0,47.521
29.85,18.1,0.1,91.89,2,1,0,0,62.478
12.48,-16.24,3.9,69.58,5,9,1,0,26.963
38.52,-4.9,0.19,53.8,3,1,0,1,85.565
42.58,7.72,0.69,50.72,3,1,0,1,92.257
40.52,-14.4,12.75,73.41,3,9,0,1,76.728
44.58,42.83,3.5,83.77,4,5,0,1,90.195
42.71,-69.37,0.14,80.52,2,1,0,1,99.846
27.1,57.17,0.0,51.9,0,5,0,0,58.935
25.54,-75.32,0.79,75.75,2,5,0,0,77.897
42.47,-50.87,5.35,50.51,2,8,0,1,99.086
43.52,19.16,0.04,42.67,6,12,1,1,87.31
45.08,-68.11,0.42,35.3,6,2,1,1,104.659
38.12,-43.3,0.91,14.64,1,8,0,1,95.341
18.87,-58.44,2.04,27.1,2,8,0,0,64.521
44.13,21.3,2.02,72.05,3,12,0,1,86.145
44.2,1.05,6.81,24.6,1,5,0,1,95.485
34.65,-70.97,0.0,86.6,0,2,0,0,82.358
41.15,-15.58,7.54,16.68,6,11,1,1,80.995
31.08,-50.81,0.0,14.35,4,1,0,0,76.968
44.1,55.48,0.65,50.89,2,6,0,1,94.297
15.19,-64.89,0.15,28.93,1,8,0,0,57.665
41.37,3.73,1.94,18.75,3,2,0,1,98.984
13.89,-12.54,0.0,15.09,1,4,0,0,58.352
23.53,0.93,1.58,54.82,1,2,0,0,67.447
16.6,53.91,1.66,32.05,6,11,1,0,35.598
28.29,-32.22,0.29,57.24,4,4,0,0,76.106
19.9,24.83,2.01,22.61,2,8,0,0,47.826
44.37,-17.35,0.17,12.08,1,3,0,1,110.082
